method,sequence,frame_index,timestamp_seconds,prediction,mse,ssim,lpips
EvDiff,zurich_city_00_a,0,0.0003930000,0000.png,0.0743678225,0.3697565366,0.6775190830
EvDiff,zurich_city_00_a,1,0.0504260000,0001.png,0.0671671055,0.2828686662,0.5972964168
EvDiff,zurich_city_00_a,2,0.1004430000,0002.png,0.0659907452,0.2442972942,0.5577152967
EvDiff,zurich_city_00_a,3,0.1504400000,0003.png,0.0599341351,0.2402212801,0.5326662064
EvDiff,zurich_city_00_a,4,0.2004420000,0004.png,0.0555719625,0.2618215463,0.5183191895
EvDiff,zurich_city_00_a,5,0.2504230000,0005.png,0.0548373966,0.2636718455,0.5161679387
EvDiff,zurich_city_00_a,6,0.3004240000,0006.png,0.0517909939,0.2794481407,0.4900348186
EvDiff,zurich_city_00_a,7,0.3504450000,0007.png,0.0572415942,0.2641649469,0.4851678610
EvDiff,zurich_city_00_a,8,0.4004470000,0008.png,0.0580788767,0.2654924966,0.4807291329
EvDiff,zurich_city_00_a,9,0.4504480000,0009.png,0.0535517729,0.2656363882,0.4706404209
EvDiff,zurich_city_00_a,10,0.5004290000,0010.png,0.0526331006,0.2780353147,0.4579380155
EvDiff,zurich_city_00_a,11,0.5504500000,0011.png,0.0572864735,0.2903817378,0.4437733293
EvDiff,zurich_city_00_a,12,0.6004320000,0012.png,0.0482213153,0.3206887370,0.4431170821
EvDiff,zurich_city_00_a,13,0.6504490000,0013.png,0.0474322085,0.3311900814,0.4377753139
EvDiff,zurich_city_00_a,14,0.7004540000,0014.png,0.0372796088,0.3597716422,0.4146850407
EvDiff,zurich_city_00_a,15,0.7504550000,0015.png,0.0342941178,0.3813189037,0.4118970633
EvDiff,zurich_city_00_a,16,0.8004570000,0016.png,0.0312178877,0.3932639547,0.4003182948
EvDiff,zurich_city_00_a,17,0.8504420000,0017.png,0.0307759765,0.3935310328,0.4048044980
EvDiff,zurich_city_00_a,18,0.9004390000,0018.png,0.0438692604,0.3568592526,0.4186075330
EvDiff,zurich_city_00_a,19,0.9504400000,0019.png,0.0359125994,0.3861862175,0.4019000530
EvDiff,zurich_city_00_a,20,1.0003940000,0020.png,0.0408307663,0.3639572502,0.4108630419
EvDiff,zurich_city_00_a,21,1.0504350000,0021.png,0.0438401828,0.3469071081,0.4200817347
EvDiff,zurich_city_00_a,22,1.1004280000,0022.png,0.0395060792,0.3601367647,0.4174323082
EvDiff,zurich_city_00_a,23,1.1504250000,0023.png,0.0419340122,0.3520866636,0.4244599342
EvDiff,zurich_city_00_a,24,1.2004220000,0024.png,0.0388030213,0.3546357402,0.4209170341
EvDiff,zurich_city_00_a,25,1.2504240000,0025.png,0.0321258553,0.3751833077,0.4328196645
EvDiff,zurich_city_00_a,26,1.3004290000,0026.png,0.0267027755,0.4212688472,0.3934790492
EvDiff,zurich_city_00_a,27,1.3504300000,0027.png,0.0316194590,0.3978790530,0.3984783888
EvDiff,zurich_city_00_a,28,1.4004310000,0028.png,0.0334792457,0.3866083619,0.4067113400
EvDiff,zurich_city_00_a,29,1.4504360000,0029.png,0.0387924806,0.3523484571,0.4312521219
EvDiff,zurich_city_00_a,30,1.5004340000,0030.png,0.0388575115,0.3703349485,0.4419605434
EvDiff,zurich_city_00_a,31,1.5504390000,0031.png,0.0479021183,0.3514087352,0.4563394785
EvDiff,zurich_city_00_a,32,1.6004400000,0032.png,0.0379643752,0.3784829683,0.4441621900
EvDiff,zurich_city_00_a,33,1.6504410000,0033.png,0.0384335177,0.3673206520,0.4427217543
EvDiff,zurich_city_00_a,34,1.7004460000,0034.png,0.0431712908,0.3521717925,0.4488331378
EvDiff,zurich_city_00_a,35,1.7504480000,0035.png,0.0511206565,0.3359355259,0.4548314810
EvDiff,zurich_city_00_a,36,1.8004410000,0036.png,0.0496301116,0.3401128920,0.4445743859
EvDiff,zurich_city_00_a,37,1.8504460000,0037.png,0.0544814909,0.3176638365,0.4485959113
EvDiff,zurich_city_00_a,38,1.9004470000,0038.png,0.0457844311,0.3507121799,0.4394580126
EvDiff,zurich_city_00_a,39,1.9504480000,0039.png,0.0495760009,0.3398224205,0.4395540953
EvDiff,zurich_city_00_a,40,2.0003900000,0040.png,0.0472765768,0.3434833170,0.4283575416
EvDiff,zurich_city_00_a,41,2.0504310000,0041.png,0.0482918334,0.3542607872,0.4126078188
EvDiff,zurich_city_00_a,42,2.1004160000,0042.png,0.0537613462,0.3342299916,0.4242796898
EvDiff,zurich_city_00_a,43,2.1504370000,0043.png,0.0567395501,0.3372466599,0.4160582423
EvDiff,zurich_city_00_a,44,2.2004190000,0044.png,0.0500004264,0.3499727608,0.4139337838
EvDiff,zurich_city_00_a,45,2.2504200000,0045.png,0.0491610999,0.3612823702,0.4005359411
EvDiff,zurich_city_00_a,46,2.3004210000,0046.png,0.0524847257,0.3454309275,0.4138973355
EvDiff,zurich_city_00_a,47,2.3504420000,0047.png,0.0497983709,0.3450477018,0.4219871163
EvDiff,zurich_city_00_a,48,2.4004240000,0048.png,0.0498271211,0.3393850608,0.4335604906
EvDiff,zurich_city_00_a,49,2.4504250000,0049.png,0.0489822508,0.3366418401,0.4426395893
EvDiff,zurich_city_00_a,50,2.5004260000,0050.png,0.0486369980,0.3334152082,0.4521180987
EvDiff,zurich_city_00_a,51,2.5504270000,0051.png,0.0529238489,0.3118741623,0.4671610296
EvDiff,zurich_city_00_a,52,2.6004290000,0052.png,0.0587582590,0.2990263558,0.4761263728
EvDiff,zurich_city_00_a,53,2.6504500000,0053.png,0.0663771771,0.2865445505,0.4801142812
EvDiff,zurich_city_00_a,54,2.7004510000,0054.png,0.0695611119,0.2794792607,0.4790102541
EvDiff,zurich_city_00_a,55,2.7504520000,0055.png,0.0574947851,0.3102943381,0.4653802514
EvDiff,zurich_city_00_a,56,2.8004340000,0056.png,0.0588755839,0.3092567637,0.4644767642
EvDiff,zurich_city_00_a,57,2.8504350000,0057.png,0.0542465372,0.3235834770,0.4642056227
EvDiff,zurich_city_00_a,58,2.9004360000,0058.png,0.0389779094,0.3878010436,0.4322333336
EvDiff,zurich_city_00_a,59,2.9504570000,0059.png,0.0389324535,0.3838296411,0.4199170172
EvDiff,zurich_city_00_a,60,3.0003910000,0060.png,0.0575744540,0.3162027229,0.4487762451
EvDiff,zurich_city_00_a,61,3.0504280000,0061.png,0.0409175941,0.3741901952,0.4275445938
EvDiff,zurich_city_00_a,62,3.1004210000,0062.png,0.0394912925,0.3782828568,0.4310039878
EvDiff,zurich_city_00_a,63,3.1504180000,0063.png,0.0402421479,0.3882118272,0.4360921979
EvDiff,zurich_city_00_a,64,3.2004470000,0064.png,0.0394734197,0.3907927631,0.4432517290
EvDiff,zurich_city_00_a,65,3.2504410000,0065.png,0.0473330168,0.3811117801,0.4477422833
EvDiff,zurich_city_00_a,66,3.3004220000,0066.png,0.0374434559,0.4333548121,0.4328439236
EvDiff,zurich_city_00_a,67,3.3504230000,0067.png,0.0348936862,0.4469857284,0.4340969324
EvDiff,zurich_city_00_a,68,3.4004240000,0068.png,0.0369642797,0.4427227066,0.4444478154
EvDiff,zurich_city_00_a,69,3.4504290000,0069.png,0.0382396570,0.4263577575,0.4462260008
EvDiff,zurich_city_00_a,70,3.5004550000,0070.png,0.0306894587,0.4661286791,0.4148140848
EvDiff,zurich_city_00_a,71,3.5504480000,0071.png,0.0299709994,0.4624277867,0.4126504660
EvDiff,zurich_city_00_a,72,3.6004290000,0072.png,0.0295912126,0.4673244542,0.3987178504
EvDiff,zurich_city_00_a,73,3.6504340000,0073.png,0.0308361376,0.4577736434,0.4169876277
EvDiff,zurich_city_00_a,74,3.7004350000,0074.png,0.0258858548,0.4807856537,0.4146028161
EvDiff,zurich_city_00_a,75,3.7504370000,0075.png,0.0279217053,0.4674356747,0.4236962795
EvDiff,zurich_city_00_a,76,3.8004380000,0076.png,0.0295604973,0.4634658190,0.4187101722
EvDiff,zurich_city_00_a,77,3.8504390000,0077.png,0.0301019920,0.4551203492,0.4259793162
EvDiff,zurich_city_00_a,78,3.9004440000,0078.png,0.0301931394,0.4404560246,0.4295686185
EvDiff,zurich_city_00_a,79,3.9504450000,0079.png,0.0328443158,0.4244523531,0.4365670085
EvDiff,zurich_city_00_a,80,4.0003910000,0080.png,0.0324633982,0.4292589140,0.4342343807
EvDiff,zurich_city_00_a,81,4.0504280000,0081.png,0.0340645104,0.4226614730,0.4439837337
EvDiff,zurich_city_00_a,82,4.1004170000,0082.png,0.0351052967,0.4135566145,0.4463034868
EvDiff,zurich_city_00_a,83,4.1504380000,0083.png,0.0330139289,0.4298367045,0.4469361305
EvDiff,zurich_city_00_a,84,4.2004200000,0084.png,0.0324615301,0.4412853106,0.4476268589
EvDiff,zurich_city_00_a,85,4.2504210000,0085.png,0.0314826723,0.4551963837,0.4495801926
EvDiff,zurich_city_00_a,86,4.3004220000,0086.png,0.0320849953,0.4518742610,0.4551712871
EvDiff,zurich_city_00_a,87,4.3504270000,0087.png,0.0312617124,0.4567223126,0.4566335082
EvDiff,zurich_city_00_a,88,4.4004450000,0088.png,0.0324869799,0.4499857236,0.4473717213
EvDiff,zurich_city_00_a,89,4.4504260000,0089.png,0.0297596077,0.4714566400,0.4316911697
EvDiff,zurich_city_00_a,90,4.5004270000,0090.png,0.0278762982,0.4870877764,0.4140679836
EvDiff,zurich_city_00_a,91,4.5504320000,0091.png,0.0323034614,0.4542611350,0.4278326035
EvDiff,zurich_city_00_a,92,4.6004340000,0092.png,0.0308602620,0.4617006446,0.4196895361
EvDiff,zurich_city_00_a,93,4.6504350000,0093.png,0.0346645476,0.4575937373,0.4206162393
EvDiff,zurich_city_00_a,94,4.7004320000,0094.png,0.0347227022,0.4401671507,0.4440965056
EvDiff,zurich_city_00_a,95,4.7504370000,0095.png,0.0374489048,0.4284337261,0.4554775059
EvDiff,zurich_city_00_a,96,4.8004350000,0096.png,0.0371022754,0.4303779236,0.4617263079
EvDiff,zurich_city_00_a,97,4.8504480000,0097.png,0.0424089770,0.4005492137,0.4793525338
EvDiff,zurich_city_00_a,98,4.9004490000,0098.png,0.0357999460,0.4356579220,0.4597882628
EvDiff,zurich_city_00_a,99,4.9504460000,0099.png,0.0364959995,0.4281463461,0.4576119781
EvDiff,zurich_city_00_a,100,5.0003920000,0100.png,0.0398089538,0.4218526029,0.4491442442
EvDiff,zurich_city_00_a,101,5.0504250000,0101.png,0.0361615483,0.4371661603,0.4454275072
EvDiff,zurich_city_00_a,102,5.1004420000,0102.png,0.0345452410,0.4479752265,0.4498288035
EvDiff,zurich_city_00_a,103,5.1504390000,0103.png,0.0393737984,0.4368193361,0.4631526470
EvDiff,zurich_city_00_a,104,5.2004400000,0104.png,0.0353666332,0.4619169598,0.4476970732
EvDiff,zurich_city_00_a,105,5.2504380000,0105.png,0.0307926965,0.4826056687,0.4326211810
EvDiff,zurich_city_00_a,106,5.3004390000,0106.png,0.0274735200,0.5035462287,0.4269754887
EvDiff,zurich_city_00_a,107,5.3504400000,0107.png,0.0296671080,0.4916890899,0.4290124774
EvDiff,zurich_city_00_a,108,5.4004410000,0108.png,0.0281185433,0.5015070261,0.4173476100
EvDiff,zurich_city_00_a,109,5.4504420000,0109.png,0.0315839733,0.4990832486,0.4181631505
EvDiff,zurich_city_00_a,110,5.5004480000,0110.png,0.0315382897,0.5004072823,0.4118906856
EvDiff,zurich_city_00_a,111,5.5504410000,0111.png,0.0341647525,0.4798815428,0.4338169098
EvDiff,zurich_city_00_a,112,5.6004460000,0112.png,0.0321712449,0.4874910497,0.4320133924
EvDiff,zurich_city_00_a,113,5.6504470000,0113.png,0.0313649687,0.4782433856,0.4291713238
EvDiff,zurich_city_00_a,114,5.7004480000,0114.png,0.0313224561,0.4778638686,0.4370465279
EvDiff,zurich_city_00_a,115,5.7504500000,0115.png,0.0323884171,0.4764883589,0.4412801266
EvDiff,zurich_city_00_a,116,5.8004470000,0116.png,0.0335143562,0.4666923721,0.4366847277
EvDiff,zurich_city_00_a,117,5.8504520000,0117.png,0.0323934093,0.4776949414,0.4317008257
EvDiff,zurich_city_00_a,118,5.9004530000,0118.png,0.0365027652,0.4452777334,0.4476881623
EvDiff,zurich_city_00_a,119,5.9504540000,0119.png,0.0406083974,0.4310896178,0.4515469968
EvDiff,zurich_city_00_a,120,6.0003920000,0120.png,0.0443636536,0.4003618994,0.4790519774
EvDiff,zurich_city_00_a,121,6.0504250000,0121.png,0.0425631398,0.4022190529,0.4740357697
EvDiff,zurich_city_00_a,122,6.1004420000,0122.png,0.0466234607,0.3987084231,0.4836664796
EvDiff,zurich_city_00_a,123,6.1504350000,0123.png,0.0460966702,0.4102383355,0.4825234115
EvDiff,zurich_city_00_a,124,6.2004410000,0124.png,0.0474539550,0.3969306752,0.4790084958
EvDiff,zurich_city_00_a,125,6.2504420000,0125.png,0.0478541107,0.4004625899,0.4820146561
EvDiff,zurich_city_00_a,126,6.3004430000,0126.png,0.0481392353,0.4025325839,0.4801552296
EvDiff,zurich_city_00_a,127,6.3504240000,0127.png,0.0424526211,0.4265485865,0.4753510058
EvDiff,zurich_city_00_a,128,6.4004460000,0128.png,0.0462459156,0.3949136334,0.4858433902
EvDiff,zurich_city_00_a,129,6.4504470000,0129.png,0.0466292230,0.4018740776,0.4859467149
EvDiff,zurich_city_00_a,130,6.5004480000,0130.png,0.0426179988,0.4133701027,0.4795637131
EvDiff,zurich_city_00_a,131,6.5504490000,0131.png,0.0543024779,0.3922501314,0.4905246794
EvDiff,zurich_city_00_a,132,6.6004310000,0132.png,0.0447401747,0.4184722305,0.4745059609
EvDiff,zurich_city_00_a,133,6.6504360000,0133.png,0.0419241820,0.4200168685,0.4792342484
EvDiff,zurich_city_00_a,134,6.7004530000,0134.png,0.0426892431,0.4275776744,0.4689755738
EvDiff,zurich_city_00_a,135,6.7504540000,0135.png,0.0400373913,0.4449004340,0.4594457448
EvDiff,zurich_city_00_a,136,6.8004520000,0136.png,0.0390442064,0.4536124951,0.4514171183
EvDiff,zurich_city_00_a,137,6.8504370000,0137.png,0.0305666222,0.4827168715,0.4366374016
EvDiff,zurich_city_00_a,138,6.9004380000,0138.png,0.0326207009,0.4702670743,0.4464772642
EvDiff,zurich_city_00_a,139,6.9504390000,0139.png,0.0311098004,0.4848716465,0.4459147155
EvDiff,zurich_city_00_a,140,7.0003890000,0140.png,0.0292093446,0.4837784534,0.4442645907
EvDiff,zurich_city_00_a,141,7.0504300000,0141.png,0.0348336288,0.4515973465,0.4679219425
EvDiff,zurich_city_00_a,142,7.1004230000,0142.png,0.0311453475,0.4688262348,0.4624599814
EvDiff,zurich_city_00_a,143,7.1504200000,0143.png,0.0309923746,0.4636158223,0.4591265321
EvDiff,zurich_city_00_a,144,7.2004250000,0144.png,0.0277141453,0.4846590611,0.4464615583
EvDiff,zurich_city_00_a,145,7.2504270000,0145.png,0.0286835656,0.4856939444,0.4423927665
EvDiff,zurich_city_00_a,146,7.3004240000,0146.png,0.0277108023,0.4720837153,0.4400675893
EvDiff,zurich_city_00_a,147,7.3504250000,0147.png,0.0268157578,0.4825638030,0.4325701594
EvDiff,zurich_city_00_a,148,7.4004260000,0148.png,0.0296055265,0.4820863325,0.4300513864
EvDiff,zurich_city_00_a,149,7.4504270000,0149.png,0.0297032082,0.4796808558,0.4229362607
EvDiff,zurich_city_00_a,150,7.5004290000,0150.png,0.0285402743,0.4899997368,0.4227623343
EvDiff,zurich_city_00_a,151,7.5504260000,0151.png,0.0280630842,0.4948292078,0.4253057241
EvDiff,zurich_city_00_a,152,7.6004270000,0152.png,0.0286294069,0.4841670866,0.4315088093
EvDiff,zurich_city_00_a,153,7.6504320000,0153.png,0.0269710469,0.4894580189,0.4379009902
EvDiff,zurich_city_00_a,154,7.7004330000,0154.png,0.0295041855,0.4638412654,0.4387941360
EvDiff,zurich_city_00_a,155,7.7504350000,0155.png,0.0292777061,0.4669380558,0.4398040473
EvDiff,zurich_city_00_a,156,7.8004320000,0156.png,0.0305988931,0.4593598000,0.4427780211
EvDiff,zurich_city_00_a,157,7.8504330000,0157.png,0.0297641121,0.4674897766,0.4448555708
EvDiff,zurich_city_00_a,158,7.9004340000,0158.png,0.0303429249,0.4565241063,0.4512041807
EvDiff,zurich_city_00_a,159,7.9504390000,0159.png,0.0308607880,0.4501921308,0.4445251822
EvDiff,zurich_city_00_a,160,8.0003890000,0160.png,0.0285858959,0.4677005226,0.4323017299
EvDiff,zurich_city_00_a,161,8.0504260000,0161.png,0.0281056770,0.4588522053,0.4332299829
EvDiff,zurich_city_00_a,162,8.1004150000,0162.png,0.0236978867,0.4678185537,0.4342335761
EvDiff,zurich_city_00_a,163,8.1504320000,0163.png,0.0251843928,0.4595545243,0.4237016141
EvDiff,zurich_city_00_a,164,8.2004380000,0164.png,0.0272334026,0.4377128292,0.4247598350
EvDiff,zurich_city_00_a,165,8.2504390000,0165.png,0.0287973720,0.4282270278,0.4285430908
EvDiff,zurich_city_00_a,166,8.3004400000,0166.png,0.0267110027,0.4320754529,0.4171556830
EvDiff,zurich_city_00_a,167,8.3504410000,0167.png,0.0251683337,0.4373378419,0.4080179632
EvDiff,zurich_city_00_a,168,8.4004430000,0168.png,0.0274735678,0.4407136020,0.4122155607
EvDiff,zurich_city_00_a,169,8.4504400000,0169.png,0.0283228329,0.4292360696,0.4156915843
EvDiff,zurich_city_00_a,170,8.5004410000,0170.png,0.0269038679,0.4306411097,0.4147081077
EvDiff,zurich_city_00_a,171,8.5504420000,0171.png,0.0279940061,0.4118226533,0.4317111075
EvDiff,zurich_city_00_a,172,8.6004440000,0172.png,0.0259150572,0.4359209573,0.4225747883
EvDiff,zurich_city_00_a,173,8.6504450000,0173.png,0.0315455301,0.4122285305,0.4405505955
EvDiff,zurich_city_00_a,174,8.7004460000,0174.png,0.0292214960,0.4266533944,0.4316421151
EvDiff,zurich_city_00_a,175,8.7504430000,0175.png,0.0267889256,0.4463459054,0.4316481352
EvDiff,zurich_city_00_a,176,8.8004410000,0176.png,0.0246431238,0.4557222804,0.4299662709
EvDiff,zurich_city_00_a,177,8.8504500000,0177.png,0.0263420472,0.4387813544,0.4433873296
EvDiff,zurich_city_00_a,178,8.9004510000,0178.png,0.0241896882,0.4522134531,0.4254841208
EvDiff,zurich_city_00_a,179,8.9504520000,0179.png,0.0263034819,0.4427618875,0.4054927230
EvDiff,zurich_city_00_a,180,9.0003900000,0180.png,0.0298308359,0.4246853557,0.4095136225
EvDiff,zurich_city_00_a,181,9.0504270000,0181.png,0.0305903893,0.4351131711,0.4054662585
EvDiff,zurich_city_00_a,182,9.1004200000,0182.png,0.0323042677,0.4244014933,0.4071313739
EvDiff,zurich_city_00_a,183,9.1504170000,0183.png,0.0369581548,0.3990842741,0.4189848304
EvDiff,zurich_city_00_a,184,9.2004220000,0184.png,0.0361185690,0.4065211778,0.4164361060
EvDiff,zurich_city_00_a,185,9.2504240000,0185.png,0.0366241614,0.3997565997,0.4155012071
EvDiff,zurich_city_00_a,186,9.3004410000,0186.png,0.0436744949,0.3812261207,0.4145067632
EvDiff,zurich_city_00_a,187,9.3504420000,0187.png,0.0481477347,0.3565001716,0.4344019890
EvDiff,zurich_city_00_a,188,9.4004430000,0188.png,0.0449677921,0.3672686311,0.4260746837
EvDiff,zurich_city_00_a,189,9.4504440000,0189.png,0.0502935743,0.3525411562,0.4352214634
EvDiff,zurich_city_00_a,190,9.5004460000,0190.png,0.0474238362,0.3511451789,0.4480487108
EvDiff,zurich_city_00_a,191,9.5504270000,0191.png,0.0510512442,0.3450769458,0.4506189227
EvDiff,zurich_city_00_a,192,9.6004480000,0192.png,0.0570455296,0.3321686983,0.4372657537
EvDiff,zurich_city_00_a,193,9.6504490000,0193.png,0.0599240750,0.3243490466,0.4434455633
EvDiff,zurich_city_00_a,194,9.7004500000,0194.png,0.0676384040,0.2995553379,0.4649187326
EvDiff,zurich_city_00_a,195,9.7504520000,0195.png,0.0699762530,0.3076165279,0.4642858505
EvDiff,zurich_city_00_a,196,9.8004490000,0196.png,0.0617524904,0.3213729143,0.4450686276
EvDiff,zurich_city_00_a,197,9.8504580000,0197.png,0.0636800446,0.3258407068,0.4450902641
EvDiff,zurich_city_00_a,198,9.9004550000,0198.png,0.0640455429,0.3374878329,0.4327102900
EvDiff,zurich_city_00_a,199,9.9504560000,0199.png,0.0678884085,0.3338823642,0.4422585964
EvDiff,zurich_city_00_a,200,10.0003900000,0200.png,0.0584336427,0.3662266896,0.4278417230
EvDiff,zurich_city_00_a,201,10.0504270000,0201.png,0.0510537651,0.3938961280,0.4000971019
EvDiff,zurich_city_00_a,202,10.1004200000,0202.png,0.0429855195,0.4141383366,0.3759078979
EvDiff,zurich_city_00_a,203,10.1504370000,0203.png,0.0421231188,0.4048158826,0.3823189735
EvDiff,zurich_city_00_a,204,10.2004390000,0204.png,0.0400759149,0.4193882930,0.3776967824
EvDiff,zurich_city_00_a,205,10.2504200000,0205.png,0.0409007226,0.4174317432,0.3726473749
EvDiff,zurich_city_00_a,206,10.3004210000,0206.png,0.0384303072,0.4251333319,0.3636363745
EvDiff,zurich_city_00_a,207,10.3504260000,0207.png,0.0401092892,0.4227185288,0.3602179885
EvDiff,zurich_city_00_a,208,10.4004280000,0208.png,0.0407605681,0.4234386970,0.3595004082
EvDiff,zurich_city_00_a,209,10.4504250000,0209.png,0.0428147446,0.4212952879,0.3626413047
EvDiff,zurich_city_00_a,210,10.5004260000,0210.png,0.0373450322,0.4285354854,0.3615387082
EvDiff,zurich_city_00_a,211,10.5504310000,0211.png,0.0399164489,0.4245449813,0.3737279773
EvDiff,zurich_city_00_a,212,10.6004330000,0212.png,0.0387410542,0.4149190935,0.3856141269
EvDiff,zurich_city_00_a,213,10.6504340000,0213.png,0.0383832863,0.4054437248,0.3921453357
EvDiff,zurich_city_00_a,214,10.7004350000,0214.png,0.0403716450,0.4071898000,0.3905870616
EvDiff,zurich_city_00_a,215,10.7504320000,0215.png,0.0414324536,0.3960552393,0.4100690484
EvDiff,zurich_city_00_a,216,10.8004420000,0216.png,0.0407145937,0.3888429274,0.4225943089
EvDiff,zurich_city_00_a,217,10.8504390000,0217.png,0.0459756969,0.3691559254,0.4372132719
EvDiff,zurich_city_00_a,218,10.9004400000,0218.png,0.0455055993,0.3724482190,0.4449824691
EvDiff,zurich_city_00_a,219,10.9504410000,0219.png,0.0503666026,0.3700009112,0.4695004821
EvDiff,zurich_city_00_a,220,11.0003870000,0220.png,0.0472183996,0.3674328205,0.4694821239
EvDiff,zurich_city_00_a,221,11.0504240000,0221.png,0.0502885759,0.3610399236,0.4728875756
EvDiff,zurich_city_00_a,222,11.1004170000,0222.png,0.0498028807,0.3524403713,0.4847810864
EvDiff,zurich_city_00_a,223,11.1504140000,0223.png,0.0550902819,0.3423608655,0.4862674475
EvDiff,zurich_city_00_a,224,11.2004190000,0224.png,0.0546520292,0.3384371798,0.4867761135
EvDiff,zurich_city_00_a,225,11.2504210000,0225.png,0.0638381347,0.3317064602,0.5098884702
EvDiff,zurich_city_00_a,226,11.3004180000,0226.png,0.0649650417,0.3334539026,0.4863992333
EvDiff,zurich_city_00_a,227,11.3504230000,0227.png,0.0624178286,0.3281333012,0.4907011390
EvDiff,zurich_city_00_a,228,11.4004240000,0228.png,0.0677706875,0.3152900573,0.4901220500
EvDiff,zurich_city_00_a,229,11.4504250000,0229.png,0.0670028019,0.3108742319,0.5014588833
EvDiff,zurich_city_00_a,230,11.5004270000,0230.png,0.0682022143,0.3145792330,0.5044639111
EvDiff,zurich_city_00_a,231,11.5504320000,0231.png,0.0606350828,0.3186384377,0.4985951483
EvDiff,zurich_city_00_a,232,11.6004250000,0232.png,0.0652579081,0.3092719086,0.5034161806
EvDiff,zurich_city_00_a,233,11.6504300000,0233.png,0.0601763395,0.3010212690,0.5084097385
EvDiff,zurich_city_00_a,234,11.7004310000,0234.png,0.0535406510,0.3154005653,0.4950317144
EvDiff,zurich_city_00_a,235,11.7504330000,0235.png,0.0566028772,0.2974788244,0.4953188598
EvDiff,zurich_city_00_a,236,11.8004340000,0236.png,0.0598388686,0.2866327425,0.4897310138
EvDiff,zurich_city_00_a,237,11.8504390000,0237.png,0.0622876483,0.3095107031,0.4860440791
EvDiff,zurich_city_00_a,238,11.9004320000,0238.png,0.0621162730,0.2908474549,0.4866074920
EvDiff,zurich_city_00_a,239,11.9504370000,0239.png,0.0646227258,0.2950906173,0.4838621616
EvDiff,zurich_city_00_a,240,12.0003870000,0240.png,0.0613865641,0.3077731606,0.4792081714
EvDiff,zurich_city_00_a,241,12.0504200000,0241.png,0.0691598445,0.2979586915,0.5005009174
EvDiff,zurich_city_00_a,242,12.1004130000,0242.png,0.0699385117,0.3063813561,0.4997187555
EvDiff,zurich_city_00_a,243,12.1504140000,0243.png,0.0630557475,0.3164015702,0.4837199748
EvDiff,zurich_city_00_a,244,12.2004360000,0244.png,0.0646351931,0.3238354907,0.4895589948
EvDiff,zurich_city_00_a,245,12.2504370000,0245.png,0.0572969830,0.3373001051,0.4706366062
EvDiff,zurich_city_00_a,246,12.3004380000,0246.png,0.0529813150,0.3546477625,0.4502652287
EvDiff,zurich_city_00_a,247,12.3504190000,0247.png,0.0524237272,0.3630472531,0.4511983097
EvDiff,zurich_city_00_a,248,12.4004250000,0248.png,0.0488336866,0.3660894130,0.4590385556
EvDiff,zurich_city_00_a,249,12.4504500000,0249.png,0.0507104228,0.3666960363,0.4535507262
EvDiff,zurich_city_00_a,250,12.5004430000,0250.png,0.0550592141,0.3618691763,0.4431435466
EvDiff,zurich_city_00_a,251,12.5504240000,0251.png,0.0533796208,0.3726895936,0.4397365451
EvDiff,zurich_city_00_a,252,12.6004260000,0252.png,0.0543899946,0.3714620165,0.4345312715
EvDiff,zurich_city_00_a,253,12.6504310000,0253.png,0.0516978602,0.3674568253,0.4462542832
EvDiff,zurich_city_00_a,254,12.7004320000,0254.png,0.0529177389,0.3659283204,0.4477750659
EvDiff,zurich_city_00_a,255,12.7504330000,0255.png,0.0488825625,0.3646685046,0.4439713955
EvDiff,zurich_city_00_a,256,12.8004310000,0256.png,0.0460707174,0.3586459482,0.4475765824
EvDiff,zurich_city_00_a,257,12.8504360000,0257.png,0.0456314710,0.3514593750,0.4512071609
EvDiff,zurich_city_00_a,258,12.9004410000,0258.png,0.0473107087,0.3508374909,0.4412876964
EvDiff,zurich_city_00_a,259,12.9504420000,0259.png,0.0495337904,0.3433130148,0.4579197466
EvDiff,zurich_city_00_a,260,13.0003880000,0260.png,0.0477748502,0.3370344647,0.4639976621
EvDiff,zurich_city_00_a,261,13.0504170000,0261.png,0.0531616245,0.3278220039,0.4669126868
EvDiff,zurich_city_00_a,262,13.1004340000,0262.png,0.0527179363,0.3229506721,0.4591869712
EvDiff,zurich_city_00_a,263,13.1504310000,0263.png,0.0509588910,0.3226045796,0.4512381256
EvDiff,zurich_city_00_a,264,13.2004360000,0264.png,0.0489578733,0.3262722575,0.4539311826
EvDiff,zurich_city_00_a,265,13.2504380000,0265.png,0.0541809080,0.3113234992,0.4554912448
EvDiff,zurich_city_00_a,266,13.3004390000,0266.png,0.0533604431,0.3241175515,0.4569244087
EvDiff,zurich_city_00_a,267,13.3504360000,0267.png,0.0513000794,0.3279696585,0.4463163614
EvDiff,zurich_city_00_a,268,13.4004370000,0268.png,0.0510904016,0.3157339310,0.4613659978
EvDiff,zurich_city_00_a,269,13.4504380000,0269.png,0.0517224752,0.3175514111,0.4516091347
EvDiff,zurich_city_00_a,270,13.5004440000,0270.png,0.0560609516,0.2973816612,0.4613092244
EvDiff,zurich_city_00_a,271,13.5504450000,0271.png,0.0594728423,0.2875020839,0.4565054178
EvDiff,zurich_city_00_a,272,13.6004260000,0272.png,0.0604311399,0.2699740141,0.4657715261
EvDiff,zurich_city_00_a,273,13.6504470000,0273.png,0.0616626473,0.2759973757,0.4613211453
EvDiff,zurich_city_00_a,274,13.7004280000,0274.png,0.0642684013,0.2664675703,0.4672119319
EvDiff,zurich_city_00_a,275,13.7504300000,0275.png,0.0656875744,0.2611444227,0.4712258279
EvDiff,zurich_city_00_a,276,13.8004310000,0276.png,0.0675714947,0.2582584033,0.4837137163
EvDiff,zurich_city_00_a,277,13.8504320000,0277.png,0.0714428221,0.2582755736,0.4870561361
EvDiff,zurich_city_00_a,278,13.9004570000,0278.png,0.0731545376,0.2559271694,0.5006788969
EvDiff,zurich_city_00_a,279,13.9504540000,0279.png,0.0701883759,0.2709387461,0.4999406040
EvDiff,zurich_city_00_a,280,14.0003840000,0280.png,0.0747463074,0.2818150252,0.4915046692
EvDiff,zurich_city_00_a,281,14.0504250000,0281.png,0.0761371890,0.2804369053,0.4948804677
EvDiff,zurich_city_00_a,282,14.1004140000,0282.png,0.0890501868,0.2796532331,0.4878074229
EvDiff,zurich_city_00_a,283,14.1504150000,0283.png,0.0764068209,0.3086925479,0.4758752584
EvDiff,zurich_city_00_a,284,14.2004130000,0284.png,0.0774180184,0.3214917318,0.4771438241
EvDiff,zurich_city_00_a,285,14.2504140000,0285.png,0.0784191248,0.3231891473,0.4672412872
EvDiff,zurich_city_00_a,286,14.3004190000,0286.png,0.0747130538,0.3223900449,0.4681650698
EvDiff,zurich_city_00_a,287,14.3504200000,0287.png,0.0752537712,0.3120787756,0.4784418046
EvDiff,zurich_city_00_a,288,14.4004220000,0288.png,0.0802714393,0.3025023035,0.4638872445
EvDiff,zurich_city_00_a,289,14.4504270000,0289.png,0.0733606340,0.3205155793,0.4582973123
EvDiff,zurich_city_00_a,290,14.5004240000,0290.png,0.0708427601,0.3342496067,0.4516239762
EvDiff,zurich_city_00_a,291,14.5504250000,0291.png,0.0779548602,0.3262091124,0.4586527646
EvDiff,zurich_city_00_a,292,14.6004270000,0292.png,0.0723422795,0.3401486034,0.4500640631
EvDiff,zurich_city_00_a,293,14.6504280000,0293.png,0.0652912641,0.3400703283,0.4520174861
EvDiff,zurich_city_00_a,294,14.7004330000,0294.png,0.0726201660,0.3165308642,0.4461022615
EvDiff,zurich_city_00_a,295,14.7504340000,0295.png,0.0684683170,0.3189860626,0.4469495118
EvDiff,zurich_city_00_a,296,14.8004280000,0296.png,0.0694325722,0.3063390658,0.4515933990
EvDiff,zurich_city_00_a,297,14.8504370000,0297.png,0.0670710038,0.3002480822,0.4580515325
EvDiff,zurich_city_00_a,298,14.9004380000,0298.png,0.0734975408,0.2924464299,0.4690252542
EvDiff,zurich_city_00_a,299,14.9504390000,0299.png,0.0754115550,0.2973090771,0.4570702314
EvDiff,zurich_city_00_a,300,15.0003850000,0300.png,0.0744248765,0.2930840613,0.4505916834
EvDiff,zurich_city_00_a,301,15.0504300000,0301.png,0.0707454059,0.3049811888,0.4415793717
EvDiff,zurich_city_00_a,302,15.1004150000,0302.png,0.0698652968,0.3055248378,0.4290814996
EvDiff,zurich_city_00_a,303,15.1504120000,0303.png,0.0688399793,0.3183444928,0.4225814939
EvDiff,zurich_city_00_a,304,15.2004170000,0304.png,0.0694529335,0.3133830035,0.4234664440
EvDiff,zurich_city_00_a,305,15.2504190000,0305.png,0.0820097834,0.2994962558,0.4282450080
EvDiff,zurich_city_00_a,306,15.3004200000,0306.png,0.0809139377,0.2897220877,0.4258705378
EvDiff,zurich_city_00_a,307,15.3504170000,0307.png,0.0798204325,0.2859662874,0.4345140457
EvDiff,zurich_city_00_a,308,15.4004180000,0308.png,0.0607443632,0.3102590149,0.4182489812
EvDiff,zurich_city_00_a,309,15.4504230000,0309.png,0.0701004744,0.2951591477,0.4247279465
EvDiff,zurich_city_00_a,310,15.5004250000,0310.png,0.0681844005,0.3120381105,0.4155614376
EvDiff,zurich_city_00_a,311,15.5504260000,0311.png,0.0622350183,0.3152256107,0.4171822965
EvDiff,zurich_city_00_a,312,15.6004310000,0312.png,0.0684419927,0.2965848128,0.4205503464
EvDiff,zurich_city_00_a,313,15.6504240000,0313.png,0.0653520066,0.3085009475,0.4280932248
EvDiff,zurich_city_00_a,314,15.7004290000,0314.png,0.0514463561,0.3413391371,0.4282883406
EvDiff,zurich_city_00_a,315,15.7504310000,0315.png,0.0612763328,0.3324665636,0.4313028157
EvDiff,zurich_city_00_a,316,15.8004280000,0316.png,0.0621981441,0.3179655469,0.4394047856
EvDiff,zurich_city_00_a,317,15.8504370000,0317.png,0.0629777020,0.3114017769,0.4473937750
EvDiff,zurich_city_00_a,318,15.9004380000,0318.png,0.0609689828,0.3207170133,0.4421451092
EvDiff,zurich_city_00_a,319,15.9504350000,0319.png,0.0561334182,0.3278627953,0.4458795786
EvDiff,zurich_city_00_a,320,16.0003850000,0320.png,0.0529367066,0.3397672427,0.4430452585
EvDiff,zurich_city_00_a,321,16.0504260000,0321.png,0.0529425138,0.3381577843,0.4540391266
EvDiff,zurich_city_00_a,322,16.1004150000,0322.png,0.0642206787,0.3196982942,0.4667291641
EvDiff,zurich_city_00_a,323,16.1504160000,0323.png,0.0657836819,0.3187692202,0.4619325101
EvDiff,zurich_city_00_a,324,16.2004170000,0324.png,0.0628425202,0.3202129227,0.4525462389
EvDiff,zurich_city_00_a,325,16.2504190000,0325.png,0.0511036901,0.3417219329,0.4660461843
EvDiff,zurich_city_00_a,326,16.3004200000,0326.png,0.0538696423,0.3441512165,0.4618131518
EvDiff,zurich_city_00_a,327,16.3504210000,0327.png,0.0454819993,0.3646324424,0.4489564300
EvDiff,zurich_city_00_a,328,16.4004260000,0328.png,0.0311638779,0.4118302422,0.4194185734
EvDiff,zurich_city_00_a,329,16.4504270000,0329.png,0.0301758880,0.4154435180,0.4121645391
EvDiff,zurich_city_00_a,330,16.5004290000,0330.png,0.0314525054,0.4184273164,0.4110937417
EvDiff,zurich_city_00_a,331,16.5504300000,0331.png,0.0299781107,0.4258511463,0.4095797539
EvDiff,zurich_city_00_a,332,16.6004310000,0332.png,0.0251950828,0.4401179761,0.4081866741
EvDiff,zurich_city_00_a,333,16.6504360000,0333.png,0.0248578253,0.4394399188,0.4064007103
EvDiff,zurich_city_00_a,334,16.7004410000,0334.png,0.0243428286,0.4387331806,0.4161776602
EvDiff,zurich_city_00_a,335,16.7504430000,0335.png,0.0293570048,0.3951183332,0.4219659567
EvDiff,zurich_city_00_a,336,16.8004440000,0336.png,0.0212711592,0.4406764615,0.4021024704
EvDiff,zurich_city_00_a,337,16.8504490000,0337.png,0.0201577100,0.4571405642,0.3971872330
EvDiff,zurich_city_00_a,338,16.9004300000,0338.png,0.0194009932,0.4640351196,0.4035789073
EvDiff,zurich_city_00_a,339,16.9504310000,0339.png,0.0232521923,0.4431341333,0.4108972251
EvDiff,zurich_city_00_a,340,17.0003850000,0340.png,0.0266467582,0.4203206833,0.4241608083
EvDiff,zurich_city_00_a,341,17.0504180000,0341.png,0.0274858397,0.4052719378,0.4271561503
EvDiff,zurich_city_00_a,342,17.1004270000,0342.png,0.0210467479,0.4388608342,0.4120184183
EvDiff,zurich_city_00_a,343,17.1504240000,0343.png,0.0197217515,0.4488343600,0.4033444226
EvDiff,zurich_city_00_a,344,17.2004300000,0344.png,0.0194711178,0.4395510998,0.4193127453
EvDiff,zurich_city_00_a,345,17.2504310000,0345.png,0.0221346820,0.4212099032,0.4223681688
EvDiff,zurich_city_00_a,346,17.3004320000,0346.png,0.0186319195,0.4648338019,0.4059668779
EvDiff,zurich_city_00_a,347,17.3504330000,0347.png,0.0196392625,0.4450960204,0.4254412651
EvDiff,zurich_city_00_a,348,17.4004310000,0348.png,0.0182091246,0.4504373667,0.4146748483
EvDiff,zurich_city_00_a,349,17.4504320000,0349.png,0.0185349697,0.4474203132,0.4237846136
EvDiff,zurich_city_00_a,350,17.5004330000,0350.png,0.0199098421,0.4386938041,0.4348548055
EvDiff,zurich_city_00_a,351,17.5504380000,0351.png,0.0184861315,0.4524869200,0.4486683011
EvDiff,zurich_city_00_a,352,17.6004400000,0352.png,0.0185710025,0.4521750068,0.4300000966
EvDiff,zurich_city_00_a,353,17.6504410000,0353.png,0.0193445307,0.4537657917,0.4247755110
EvDiff,zurich_city_00_a,354,17.7004380000,0354.png,0.0196580544,0.4453838115,0.4344245195
EvDiff,zurich_city_00_a,355,17.7504390000,0355.png,0.0196227650,0.4407147222,0.4424823821
EvDiff,zurich_city_00_a,356,17.8004290000,0356.png,0.0248922009,0.3958950049,0.4550720155
EvDiff,zurich_city_00_a,357,17.8504500000,0357.png,0.0215819373,0.4304179145,0.4478982389
EvDiff,zurich_city_00_a,358,17.9004510000,0358.png,0.0197150230,0.4582701799,0.4321619868
EvDiff,zurich_city_00_a,359,17.9504480000,0359.png,0.0202785325,0.4539318320,0.4242065549
EvDiff,zurich_city_00_a,360,18.0003820000,0360.png,0.0195943095,0.4596444526,0.4256448746
EvDiff,zurich_city_00_a,361,18.0504190000,0361.png,0.0187653972,0.4675573244,0.4158658683
EvDiff,zurich_city_00_a,362,18.1004120000,0362.png,0.0178439664,0.4710494438,0.4062905610
EvDiff,zurich_city_00_a,363,18.1504090000,0363.png,0.0176275171,0.4676897316,0.4128643870
EvDiff,zurich_city_00_a,364,18.2004100000,0364.png,0.0183735930,0.4657563037,0.4240039587
EvDiff,zurich_city_00_a,365,18.2504280000,0365.png,0.0203720334,0.4504028158,0.4283801913
EvDiff,zurich_city_00_a,366,18.3004290000,0366.png,0.0219079043,0.4462934515,0.4273888469
EvDiff,zurich_city_00_a,367,18.3504260000,0367.png,0.0199569290,0.4727326605,0.4077807367
EvDiff,zurich_city_00_a,368,18.4004270000,0368.png,0.0216421834,0.4489929720,0.4174042642
EvDiff,zurich_city_00_a,369,18.4504280000,0369.png,0.0203892731,0.4652923787,0.3997555375
EvDiff,zurich_city_00_a,370,18.5004300000,0370.png,0.0230327886,0.4305327772,0.4186512232
EvDiff,zurich_city_00_a,371,18.5504270000,0371.png,0.0212378800,0.4354886166,0.4157715738
EvDiff,zurich_city_00_a,372,18.6004280000,0372.png,0.0213313422,0.4222595595,0.4342111647
EvDiff,zurich_city_00_a,373,18.6504290000,0373.png,0.0228634126,0.4195652977,0.4401686788
EvDiff,zurich_city_00_a,374,18.7004300000,0374.png,0.0243009953,0.4127195541,0.4506366253
EvDiff,zurich_city_00_a,375,18.7504320000,0375.png,0.0258738049,0.4113567643,0.4500075579
EvDiff,zurich_city_00_a,376,18.8004290000,0376.png,0.0255751920,0.4071036573,0.4602839053
EvDiff,zurich_city_00_a,377,18.8504300000,0377.png,0.0283116699,0.3934320017,0.4725058973
EvDiff,zurich_city_00_a,378,18.9004310000,0378.png,0.0266380142,0.4001383957,0.4660156369
EvDiff,zurich_city_00_a,379,18.9504320000,0379.png,0.0229196458,0.4171118338,0.4525836706
EvDiff,zurich_city_00_a,380,19.0003820000,0380.png,0.0206704029,0.4359644059,0.4493633509
EvDiff,zurich_city_00_a,381,19.0504190000,0381.png,0.0232592014,0.4054059362,0.4567495883
EvDiff,zurich_city_00_a,382,19.1004280000,0382.png,0.0241645561,0.4145689892,0.4532435834
EvDiff,zurich_city_00_a,383,19.1504250000,0383.png,0.0242454668,0.4001016677,0.4592887163
EvDiff,zurich_city_00_a,384,19.2004270000,0384.png,0.0245652013,0.4047820107,0.4604566097
EvDiff,zurich_city_00_a,385,19.2504280000,0385.png,0.0215639626,0.4338300789,0.4501787722
EvDiff,zurich_city_00_a,386,19.3004330000,0386.png,0.0227554190,0.4251718101,0.4624087811
EvDiff,zurich_city_00_a,387,19.3504340000,0387.png,0.0242247467,0.4177322428,0.4757632017
EvDiff,zurich_city_00_a,388,19.4004280000,0388.png,0.0242170199,0.4188790106,0.4649472237
EvDiff,zurich_city_00_a,389,19.4504330000,0389.png,0.0220951093,0.4410528591,0.4441543818
EvDiff,zurich_city_00_a,390,19.5004340000,0390.png,0.0223670147,0.4397752508,0.4357687831
EvDiff,zurich_city_00_a,391,19.5504350000,0391.png,0.0231968452,0.4317915492,0.4407128692
EvDiff,zurich_city_00_a,392,19.6004370000,0392.png,0.0249341781,0.4098376738,0.4613924623
EvDiff,zurich_city_00_a,393,19.6504380000,0393.png,0.0235748113,0.4203813812,0.4493578374
EvDiff,zurich_city_00_a,394,19.7004310000,0394.png,0.0229265425,0.4447020785,0.4383236170
EvDiff,zurich_city_00_a,395,19.7504360000,0395.png,0.0226241754,0.4499200877,0.4324148893
EvDiff,zurich_city_00_a,396,19.8004420000,0396.png,0.0213846862,0.4620279957,0.4235620201
EvDiff,zurich_city_00_a,397,19.8504390000,0397.png,0.0205547277,0.4750363953,0.4183493853
EvDiff,zurich_city_00_a,398,19.9004440000,0398.png,0.0214413776,0.4783055246,0.4136150181
EvDiff,zurich_city_00_a,399,19.9504450000,0399.png,0.0243837817,0.4359640389,0.4436083138
EvDiff,zurich_city_00_a,400,20.0003830000,0400.png,0.0231530803,0.4514413314,0.4353851080
EvDiff,zurich_city_00_a,401,20.0504160000,0401.png,0.0220181450,0.4563741439,0.4285681844
EvDiff,zurich_city_00_a,402,20.1004090000,0402.png,0.0225908262,0.4525126456,0.4366062284
EvDiff,zurich_city_00_a,403,20.1504300000,0403.png,0.0233657285,0.4398225071,0.4496925771
EvDiff,zurich_city_00_a,404,20.2004310000,0404.png,0.0219877032,0.4538522391,0.4449312687
EvDiff,zurich_city_00_a,405,20.2504330000,0405.png,0.0242647923,0.4384529716,0.4506023526
EvDiff,zurich_city_00_a,406,20.3004300000,0406.png,0.0198066174,0.4837972697,0.4043216109
EvDiff,zurich_city_00_a,407,20.3504310000,0407.png,0.0203511682,0.4771497052,0.4158167839
EvDiff,zurich_city_00_a,408,20.4004360000,0408.png,0.0184087629,0.5069983388,0.3985637724
EvDiff,zurich_city_00_a,409,20.4504330000,0409.png,0.0157686704,0.5389315032,0.3684757948
EvDiff,zurich_city_00_a,410,20.5004390000,0410.png,0.0153443176,0.5262205324,0.3713488579
EvDiff,zurich_city_00_a,411,20.5504320000,0411.png,0.0168959418,0.5097856867,0.3876174092
EvDiff,zurich_city_00_a,412,20.6004330000,0412.png,0.0240112635,0.4241386640,0.4451354146
EvDiff,zurich_city_00_a,413,20.6504340000,0413.png,0.0260759539,0.4155966117,0.4685434699
EvDiff,zurich_city_00_a,414,20.7004390000,0414.png,0.0227102650,0.4397124511,0.4416769147
EvDiff,zurich_city_00_a,415,20.7504410000,0415.png,0.0230909755,0.4341696914,0.4434699416
EvDiff,zurich_city_00_a,416,20.8004460000,0416.png,0.0226482299,0.4371450717,0.4424585700
EvDiff,zurich_city_00_a,417,20.8504390000,0417.png,0.0225836392,0.4373316108,0.4675557613
EvDiff,zurich_city_00_a,418,20.9004440000,0418.png,0.0235958746,0.4232184145,0.4717019200
EvDiff,zurich_city_00_a,419,20.9504450000,0419.png,0.0222194598,0.4447946157,0.4639040530
EvDiff,zurich_city_00_a,420,21.0003790000,0420.png,0.0214401181,0.4601991642,0.4314816892
EvDiff,zurich_city_00_a,421,21.0504200000,0421.png,0.0245960723,0.4336896724,0.4443595111
EvDiff,zurich_city_00_a,422,21.1004090000,0422.png,0.0218116244,0.4499332341,0.4332603812
EvDiff,zurich_city_00_a,423,21.1504260000,0423.png,0.0219802821,0.4332756969,0.4507640600
EvDiff,zurich_city_00_a,424,21.2004280000,0424.png,0.0199201637,0.4666634183,0.4376426935
EvDiff,zurich_city_00_a,425,21.2504090000,0425.png,0.0199124258,0.4455127926,0.4371654391
EvDiff,zurich_city_00_a,426,21.3004100000,0426.png,0.0204148874,0.4362852744,0.4433375299
EvDiff,zurich_city_00_a,427,21.3504110000,0427.png,0.0219710340,0.4150414948,0.4603051245
EvDiff,zurich_city_00_a,428,21.4004410000,0428.png,0.0231488917,0.4085031101,0.4592386484
EvDiff,zurich_city_00_a,429,21.4504340000,0429.png,0.0227490531,0.4115246066,0.4644386470
EvDiff,zurich_city_00_a,430,21.5004150000,0430.png,0.0256149038,0.4030243653,0.4814439118
EvDiff,zurich_city_00_a,431,21.5504160000,0431.png,0.0216576221,0.4312741654,0.4505858421
EvDiff,zurich_city_00_a,432,21.6004180000,0432.png,0.0230255570,0.4174233456,0.4589994550
EvDiff,zurich_city_00_a,433,21.6504190000,0433.png,0.0227340869,0.4099700499,0.4580985904
EvDiff,zurich_city_00_a,434,21.7004480000,0434.png,0.0222481226,0.4162974277,0.4614177942
EvDiff,zurich_city_00_a,435,21.7504410000,0435.png,0.0227889654,0.4030740565,0.4627344012
EvDiff,zurich_city_00_a,436,21.8004310000,0436.png,0.0233372076,0.3989549995,0.4560932517
EvDiff,zurich_city_00_a,437,21.8504280000,0437.png,0.0209879055,0.4271052217,0.4351730347
EvDiff,zurich_city_00_a,438,21.9004290000,0438.png,0.0203549529,0.4376513162,0.4354161918
EvDiff,zurich_city_00_a,439,21.9504300000,0439.png,0.0207265626,0.4396128282,0.4381058514
EvDiff,zurich_city_00_a,440,22.0003800000,0440.png,0.0222124938,0.4274160190,0.4422091246
EvDiff,zurich_city_00_a,441,22.0504210000,0441.png,0.0218844024,0.4229665110,0.4451220036
EvDiff,zurich_city_00_a,442,22.1004100000,0442.png,0.0201529305,0.4451870906,0.4387295842
EvDiff,zurich_city_00_a,443,22.1504110000,0443.png,0.0223630025,0.4238268071,0.4440309703
EvDiff,zurich_city_00_a,444,22.2004120000,0444.png,0.0208397256,0.4439697574,0.4199915826
EvDiff,zurich_city_00_a,445,22.2504140000,0445.png,0.0226385324,0.4360876824,0.4338971972
EvDiff,zurich_city_00_a,446,22.3004110000,0446.png,0.0257911329,0.4115885469,0.4482654333
EvDiff,zurich_city_00_a,447,22.3504120000,0447.png,0.0285567084,0.3931186376,0.4530377686
EvDiff,zurich_city_00_a,448,22.4004170000,0448.png,0.0245404758,0.4272774393,0.4314545393
EvDiff,zurich_city_00_a,449,22.4504180000,0449.png,0.0292834260,0.4079465770,0.4307834804
EvDiff,zurich_city_00_a,450,22.5004200000,0450.png,0.0250143058,0.4282355892,0.4215106666
EvDiff,zurich_city_00_a,451,22.5504250000,0451.png,0.0263401645,0.4249792572,0.4395138025
EvDiff,zurich_city_00_a,452,22.6004220000,0452.png,0.0228919063,0.4476148483,0.4311754107
EvDiff,zurich_city_00_a,453,22.6504230000,0453.png,0.0219341807,0.4511537089,0.4204120636
EvDiff,zurich_city_00_a,454,22.7004240000,0454.png,0.0209875117,0.4667935985,0.4133452475
EvDiff,zurich_city_00_a,455,22.7504300000,0455.png,0.0213637082,0.4632412805,0.4138099253
EvDiff,zurich_city_00_a,456,22.8004270000,0456.png,0.0238869066,0.4320168557,0.4279492199
EvDiff,zurich_city_00_a,457,22.8504400000,0457.png,0.0253375016,0.4229051348,0.4344159663
EvDiff,zurich_city_00_a,458,22.9004370000,0458.png,0.0256945865,0.4178830383,0.4463367164
EvDiff,zurich_city_00_a,459,22.9504380000,0459.png,0.0287046663,0.4056295566,0.4462302327
EvDiff,zurich_city_00_a,460,23.0003800000,0460.png,0.0296805315,0.4143998306,0.4333430529
EvDiff,zurich_city_00_a,461,23.0504250000,0461.png,0.0298661212,0.3991372223,0.4356767535
EvDiff,zurich_city_00_a,462,23.1004180000,0462.png,0.0302286867,0.4062439714,0.4375446439
EvDiff,zurich_city_00_a,463,23.1504110000,0463.png,0.0289230193,0.4157114462,0.4225975573
EvDiff,zurich_city_00_a,464,23.2004130000,0464.png,0.0308207920,0.4106530534,0.4219452739
EvDiff,zurich_city_00_a,465,23.2504180000,0465.png,0.0293352175,0.4110386278,0.4159865081
EvDiff,zurich_city_00_a,466,23.3004230000,0466.png,0.0292870966,0.4149357713,0.4153786898
EvDiff,zurich_city_00_a,467,23.3504240000,0467.png,0.0314991230,0.3948181990,0.4303015471
EvDiff,zurich_city_00_a,468,23.4004260000,0468.png,0.0296216550,0.4166774781,0.4224593639
EvDiff,zurich_city_00_a,469,23.4504190000,0469.png,0.0286752171,0.4140748897,0.4132235646
EvDiff,zurich_city_00_a,470,23.5004200000,0470.png,0.0296408041,0.4062890833,0.4125690460
EvDiff,zurich_city_00_a,471,23.5504250000,0471.png,0.0281349444,0.4128541734,0.4118024111
EvDiff,zurich_city_00_a,472,23.6004270000,0472.png,0.0299051214,0.3955707306,0.4231638908
EvDiff,zurich_city_00_a,473,23.6504280000,0473.png,0.0297414095,0.3910766700,0.4170352817
EvDiff,zurich_city_00_a,474,23.7004290000,0474.png,0.0287299538,0.4045074441,0.4125725925
EvDiff,zurich_city_00_a,475,23.7504260000,0475.png,0.0330738538,0.3774972127,0.4293318391
EvDiff,zurich_city_00_a,476,23.8004480000,0476.png,0.0296210662,0.3976592965,0.4245336354
EvDiff,zurich_city_00_a,477,23.8504330000,0477.png,0.0326577386,0.3783256900,0.4367420077
EvDiff,zurich_city_00_a,478,23.9004340000,0478.png,0.0364078745,0.3669939933,0.4346478879
EvDiff,zurich_city_00_a,479,23.9504390000,0479.png,0.0325610822,0.3884983890,0.4261422455
EvDiff,zurich_city_00_a,480,24.0003810000,0480.png,0.0322183618,0.3886050518,0.4278039336
EvDiff,zurich_city_00_a,481,24.0504220000,0481.png,0.0333507588,0.3901992047,0.4262740016
EvDiff,zurich_city_00_a,482,24.1004110000,0482.png,0.0294866478,0.4172395034,0.4119440019
EvDiff,zurich_city_00_a,483,24.1504080000,0483.png,0.0314725788,0.4151516526,0.4235883057
EvDiff,zurich_city_00_a,484,24.2004130000,0484.png,0.0315912431,0.4034315597,0.4372740686
EvDiff,zurich_city_00_a,485,24.2504190000,0485.png,0.0314901088,0.4019068672,0.4203045368
EvDiff,zurich_city_00_a,486,24.3004120000,0486.png,0.0332069932,0.3888692451,0.4354082048
EvDiff,zurich_city_00_a,487,24.3504170000,0487.png,0.0358781052,0.3691480037,0.4473229051
EvDiff,zurich_city_00_a,488,24.4004180000,0488.png,0.0353846289,0.3753618371,0.4448910356
EvDiff,zurich_city_00_a,489,24.4504230000,0489.png,0.0369848745,0.3682147547,0.4502255321
EvDiff,zurich_city_00_a,490,24.5004250000,0490.png,0.0389876497,0.3543435576,0.4628376663
EvDiff,zurich_city_00_a,491,24.5504300000,0491.png,0.0364328442,0.3695110223,0.4490170777
EvDiff,zurich_city_00_a,492,24.6004230000,0492.png,0.0368113198,0.3644532479,0.4491038918
EvDiff,zurich_city_00_a,493,24.6504280000,0493.png,0.0398941189,0.3430073067,0.4633035362
EvDiff,zurich_city_00_a,494,24.7004290000,0494.png,0.0401531702,0.3499857413,0.4672755599
EvDiff,zurich_city_00_a,495,24.7504310000,0495.png,0.0392806985,0.3545627855,0.4742493629
EvDiff,zurich_city_00_a,496,24.8004360000,0496.png,0.0389128102,0.3686033697,0.4694469571
EvDiff,zurich_city_00_a,497,24.8504370000,0497.png,0.0354102243,0.3938169242,0.4567846358
EvDiff,zurich_city_00_a,498,24.9004340000,0498.png,0.0315688792,0.4131725073,0.4449578524
EvDiff,zurich_city_00_a,499,24.9504350000,0499.png,0.0315394174,0.4077429925,0.4492889345
EvDiff,zurich_city_00_a,500,25.0003810000,0500.png,0.0290487472,0.4197292181,0.4453372657
EvDiff,zurich_city_00_a,501,25.0504180000,0501.png,0.0293333505,0.4151443347,0.4430846572
EvDiff,zurich_city_00_a,502,25.1004110000,0502.png,0.0269247741,0.4263497842,0.4271857440
EvDiff,zurich_city_00_a,503,25.1504120000,0503.png,0.0297179175,0.4116445644,0.4201455116
EvDiff,zurich_city_00_a,504,25.2004100000,0504.png,0.0300566739,0.4022575929,0.4238183796
EvDiff,zurich_city_00_a,505,25.2504110000,0505.png,0.0295851284,0.4057631757,0.4143344760
EvDiff,zurich_city_00_a,506,25.3004160000,0506.png,0.0291971231,0.4014479446,0.4212022424
EvDiff,zurich_city_00_a,507,25.3504210000,0507.png,0.0324034129,0.3811898763,0.4304355383
EvDiff,zurich_city_00_a,508,25.4004230000,0508.png,0.0296178240,0.3922423177,0.4285502732
EvDiff,zurich_city_00_a,509,25.4504240000,0509.png,0.0330862059,0.3702452453,0.4455975890
EvDiff,zurich_city_00_a,510,25.5004210000,0510.png,0.0327313966,0.3702592358,0.4485555887
EvDiff,zurich_city_00_a,511,25.5504260000,0511.png,0.0327853795,0.3712996526,0.4485805333
EvDiff,zurich_city_00_a,512,25.6004320000,0512.png,0.0324589039,0.3728995670,0.4483371079
EvDiff,zurich_city_00_a,513,25.6504330000,0513.png,0.0344891924,0.3640871877,0.4385234714
EvDiff,zurich_city_00_a,514,25.7004380000,0514.png,0.0318067989,0.3783517576,0.4346430898
EvDiff,zurich_city_00_a,515,25.7504310000,0515.png,0.0290102279,0.3968536076,0.4159194231
EvDiff,zurich_city_00_a,516,25.8004450000,0516.png,0.0314985701,0.3860907847,0.4348726273
EvDiff,zurich_city_00_a,517,25.8504380000,0517.png,0.0300074693,0.3930476615,0.4384146333
EvDiff,zurich_city_00_a,518,25.9004390000,0518.png,0.0290191927,0.4028518123,0.4316444397
EvDiff,zurich_city_00_a,519,25.9504440000,0519.png,0.0289175554,0.4094999223,0.4220890701
EvDiff,zurich_city_00_a,520,26.0003780000,0520.png,0.0267448828,0.4241856609,0.4102463126
EvDiff,zurich_city_00_a,521,26.0504110000,0521.png,0.0308274397,0.4037135991,0.4305438399
EvDiff,zurich_city_00_a,522,26.1004040000,0522.png,0.0326433533,0.3926936004,0.4388203323
EvDiff,zurich_city_00_a,523,26.1504290000,0523.png,0.0344842770,0.3908580582,0.4406317174
EvDiff,zurich_city_00_a,524,26.2004060000,0524.png,0.0346504472,0.3787695480,0.4474391639
EvDiff,zurich_city_00_a,525,26.2504120000,0525.png,0.0346694857,0.3765324166,0.4501612186
EvDiff,zurich_city_00_a,526,26.3004130000,0526.png,0.0346995622,0.3713582169,0.4569837451
EvDiff,zurich_city_00_a,527,26.3504100000,0527.png,0.0336134887,0.3727359236,0.4493680894
EvDiff,zurich_city_00_a,528,26.4004150000,0528.png,0.0337852320,0.3849509559,0.4510299563
EvDiff,zurich_city_00_a,529,26.4504160000,0529.png,0.0346316517,0.3811661787,0.4491206110
EvDiff,zurich_city_00_a,530,26.5004220000,0530.png,0.0339960457,0.3833354069,0.4468885958
EvDiff,zurich_city_00_a,531,26.5504230000,0531.png,0.0337306151,0.3831322914,0.4479299486
EvDiff,zurich_city_00_a,532,26.6004240000,0532.png,0.0331342920,0.3874811425,0.4566948712
EvDiff,zurich_city_00_a,533,26.6504210000,0533.png,0.0352722969,0.3886997211,0.4534235597
EvDiff,zurich_city_00_a,534,26.7004260000,0534.png,0.0346989879,0.3827289999,0.4570544958
EvDiff,zurich_city_00_a,535,26.7504280000,0535.png,0.0331320327,0.3770040908,0.4562775791
EvDiff,zurich_city_00_a,536,26.8004210000,0536.png,0.0333315736,0.3699693107,0.4416179359
EvDiff,zurich_city_00_a,537,26.8504300000,0537.png,0.0378471389,0.3435356803,0.4471771717
EvDiff,zurich_city_00_a,538,26.9004270000,0538.png,0.0367714289,0.3509671250,0.4356425703
EvDiff,zurich_city_00_a,539,26.9504280000,0539.png,0.0390220784,0.3419708340,0.4416430891
EvDiff,zurich_city_00_a,540,27.0003780000,0540.png,0.0376363161,0.3446144298,0.4454811215
EvDiff,zurich_city_00_a,541,27.0504230000,0541.png,0.0413171030,0.3315860245,0.4452590346
EvDiff,zurich_city_00_a,542,27.1004160000,0542.png,0.0441928550,0.3244963631,0.4530798197
EvDiff,zurich_city_00_a,543,27.1504170000,0543.png,0.0382155630,0.3449715488,0.4458892345
EvDiff,zurich_city_00_a,544,27.2004150000,0544.png,0.0345366771,0.3633689393,0.4389395714
EvDiff,zurich_city_00_a,545,27.2504160000,0545.png,0.0374376244,0.3543058942,0.4391933084
EvDiff,zurich_city_00_a,546,27.3004210000,0546.png,0.0402651866,0.3462779145,0.4407142401
EvDiff,zurich_city_00_a,547,27.3504220000,0547.png,0.0435503823,0.3439180657,0.4423973262
EvDiff,zurich_city_00_a,548,27.4004240000,0548.png,0.0379455263,0.3578791845,0.4389450550
EvDiff,zurich_city_00_a,549,27.4504290000,0549.png,0.0396466977,0.3564119444,0.4374344647
EvDiff,zurich_city_00_a,550,27.5004220000,0550.png,0.0381019312,0.3563753519,0.4319791794
EvDiff,zurich_city_00_a,551,27.5504270000,0551.png,0.0392698967,0.3489939418,0.4401809573
EvDiff,zurich_city_00_a,552,27.6004330000,0552.png,0.0394139689,0.3438655176,0.4401695728
EvDiff,zurich_city_00_a,553,27.6504340000,0553.png,0.0395909550,0.3461008507,0.4472789168
EvDiff,zurich_city_00_a,554,27.7004350000,0554.png,0.0368845296,0.3571241039,0.4449636638
EvDiff,zurich_city_00_a,555,27.7504400000,0555.png,0.0357274831,0.3657981116,0.4477489591
EvDiff,zurich_city_00_a,556,27.8004380000,0556.png,0.0367323239,0.3686753855,0.4493989944
EvDiff,zurich_city_00_a,557,27.8504350000,0557.png,0.0375323832,0.3658305257,0.4545192122
EvDiff,zurich_city_00_a,558,27.9004400000,0558.png,0.0391716658,0.3526350269,0.4610069692
EvDiff,zurich_city_00_a,559,27.9504450000,0559.png,0.0401526139,0.3519170166,0.4779398143
EvDiff,zurich_city_00_a,560,28.0003790000,0560.png,0.0404426846,0.3515461059,0.4835148454
EvDiff,zurich_city_00_a,561,28.0504120000,0561.png,0.0415824527,0.3518580312,0.4821644723
EvDiff,zurich_city_00_a,562,28.1004050000,0562.png,0.0423994103,0.3469992545,0.4792352617
EvDiff,zurich_city_00_a,563,28.1504300000,0563.png,0.0416775772,0.3510498757,0.4774071872
EvDiff,zurich_city_00_a,564,28.2004070000,0564.png,0.0402418316,0.3549666711,0.4811856747
EvDiff,zurich_city_00_a,565,28.2504130000,0565.png,0.0391475820,0.3624213633,0.4911190271
EvDiff,zurich_city_00_a,566,28.3004140000,0566.png,0.0383546922,0.3696909578,0.4881098866
EvDiff,zurich_city_00_a,567,28.3504110000,0567.png,0.0410743784,0.3474252194,0.5005689263
EvDiff,zurich_city_00_a,568,28.4004160000,0568.png,0.0400210465,0.3590144162,0.4993090034
EvDiff,zurich_city_00_a,569,28.4504210000,0569.png,0.0375743637,0.3680234939,0.4917694926
EvDiff,zurich_city_00_a,570,28.5004230000,0570.png,0.0366379750,0.3765136324,0.5005396605
EvDiff,zurich_city_00_a,571,28.5504240000,0571.png,0.0361956693,0.3795461508,0.5019090176
EvDiff,zurich_city_00_a,572,28.6004250000,0572.png,0.0337926188,0.3992237021,0.4911816716
EvDiff,zurich_city_00_a,573,28.6504220000,0573.png,0.0331851974,0.3948603239,0.5011392832
EvDiff,zurich_city_00_a,574,28.7004230000,0574.png,0.0358529979,0.3855699811,0.4936215878
EvDiff,zurich_city_00_a,575,28.7504290000,0575.png,0.0362258612,0.3923478258,0.4979292154
EvDiff,zurich_city_00_a,576,28.8004260000,0576.png,0.0337955282,0.4107316191,0.4946873188
EvDiff,zurich_city_00_a,577,28.8504310000,0577.png,0.0353003061,0.3973701767,0.4935098290
EvDiff,zurich_city_00_a,578,28.9004360000,0578.png,0.0359519749,0.3824203166,0.4990598559
EvDiff,zurich_city_00_a,579,28.9504330000,0579.png,0.0332637540,0.4006250477,0.5046535134
EvDiff,zurich_city_00_a,580,29.0003750000,0580.png,0.0328764853,0.4078415846,0.4905656576
EvDiff,zurich_city_00_a,581,29.0504120000,0581.png,0.0333020543,0.4075484851,0.4927507341
EvDiff,zurich_city_00_a,582,29.1004050000,0582.png,0.0325058854,0.4105489139,0.4677697122
EvDiff,zurich_city_00_a,583,29.1504060000,0583.png,0.0326638168,0.4159766987,0.4551852942
EvDiff,zurich_city_00_a,584,29.2004120000,0584.png,0.0327246747,0.4219859268,0.4482914805
EvDiff,zurich_city_00_a,585,29.2504090000,0585.png,0.0321258422,0.4251181572,0.4516426623
EvDiff,zurich_city_00_a,586,29.3004140000,0586.png,0.0328241669,0.4160427276,0.4658512175
EvDiff,zurich_city_00_a,587,29.3504150000,0587.png,0.0337051207,0.4031938877,0.4769912958
EvDiff,zurich_city_00_a,588,29.4004170000,0588.png,0.0335544460,0.4111513607,0.4792592525
EvDiff,zurich_city_00_a,589,29.4504220000,0589.png,0.0311271066,0.4218049200,0.4657974839
EvDiff,zurich_city_00_a,590,29.5004190000,0590.png,0.0306665250,0.4305042006,0.4619509280
EvDiff,zurich_city_00_a,591,29.5504240000,0591.png,0.0318708784,0.4225745184,0.4706119001
EvDiff,zurich_city_00_a,592,29.6004300000,0592.png,0.0342741507,0.4097881720,0.4741588235
EvDiff,zurich_city_00_a,593,29.6504310000,0593.png,0.0341019760,0.4095633452,0.4630737901
EvDiff,zurich_city_00_a,594,29.7004360000,0594.png,0.0357281507,0.4137020238,0.4559267759
EvDiff,zurich_city_00_a,595,29.7504370000,0595.png,0.0407305181,0.3952914447,0.4688009322
EvDiff,zurich_city_00_a,596,29.8004390000,0596.png,0.0344032781,0.4196042645,0.4524347782
EvDiff,zurich_city_00_a,597,29.8504320000,0597.png,0.0338744227,0.4109273602,0.4414399266
EvDiff,zurich_city_00_a,598,29.9004330000,0598.png,0.0353085583,0.4087226075,0.4411247969
EvDiff,zurich_city_00_a,599,29.9504340000,0599.png,0.0320861405,0.4256603296,0.4281319082
EvDiff,zurich_city_00_a,600,30.0003760000,0600.png,0.0347952265,0.4109561802,0.4301415384
EvDiff,zurich_city_00_a,601,30.0504170000,0601.png,0.0341018502,0.4038363617,0.4325338304
EvDiff,zurich_city_00_a,602,30.1004020000,0602.png,0.0342200321,0.4049754813,0.4272686243
EvDiff,zurich_city_00_a,603,30.1504230000,0603.png,0.0357219965,0.3876875891,0.4278866947
EvDiff,zurich_city_00_a,604,30.2004240000,0604.png,0.0384595851,0.3788014923,0.4296134710
EvDiff,zurich_city_00_a,605,30.2504060000,0605.png,0.0397520835,0.3721670915,0.4283762276
EvDiff,zurich_city_00_a,606,30.3004070000,0606.png,0.0382694007,0.3810188935,0.4292988181
EvDiff,zurich_city_00_a,607,30.3504080000,0607.png,0.0392848788,0.3799484565,0.4263717830
EvDiff,zurich_city_00_a,608,30.4004290000,0608.png,0.0396515947,0.3757606767,0.4368906021
EvDiff,zurich_city_00_a,609,30.4504300000,0609.png,0.0376613973,0.3803562664,0.4291749001
EvDiff,zurich_city_00_a,610,30.5004120000,0610.png,0.0361617563,0.3862006020,0.4265673161
EvDiff,zurich_city_00_a,611,30.5504130000,0611.png,0.0393669617,0.3703919102,0.4318182468
EvDiff,zurich_city_00_a,612,30.6004140000,0612.png,0.0372601305,0.3790065530,0.4296412766
EvDiff,zurich_city_00_a,613,30.6504390000,0613.png,0.0356993801,0.3857089611,0.4246828556
EvDiff,zurich_city_00_a,614,30.7004360000,0614.png,0.0404232338,0.3775242509,0.4298185706
EvDiff,zurich_city_00_a,615,30.7504380000,0615.png,0.0455494211,0.3683931671,0.4405516386
EvDiff,zurich_city_00_a,616,30.8004310000,0616.png,0.0422566211,0.3829039224,0.4441004395
EvDiff,zurich_city_00_a,617,30.8504200000,0617.png,0.0383851897,0.3931377225,0.4346010089
EvDiff,zurich_city_00_a,618,30.9004210000,0618.png,0.0368501507,0.3911947704,0.4354162216
EvDiff,zurich_city_00_a,619,30.9504420000,0619.png,0.0348531201,0.4027760310,0.4271172881
EvDiff,zurich_city_00_a,620,31.0003760000,0620.png,0.0354263417,0.4051388226,0.4289857745
EvDiff,zurich_city_00_a,621,31.0504130000,0621.png,0.0368428277,0.3941978381,0.4309138060
EvDiff,zurich_city_00_a,622,31.1004060000,0622.png,0.0363602662,0.3873766785,0.4328336716
EvDiff,zurich_city_00_a,623,31.1504030000,0623.png,0.0342672048,0.3925998567,0.4229285121
EvDiff,zurich_city_00_a,624,31.2004090000,0624.png,0.0402877077,0.3658491791,0.4300379753
EvDiff,zurich_city_00_a,625,31.2504260000,0625.png,0.0400293721,0.3616910496,0.4343740940
EvDiff,zurich_city_00_a,626,31.3004270000,0626.png,0.0404314800,0.3684143559,0.4302170277
EvDiff,zurich_city_00_a,627,31.3504280000,0627.png,0.0392310196,0.3684606819,0.4283800721
EvDiff,zurich_city_00_a,628,31.4004260000,0628.png,0.0375848030,0.3827821087,0.4253157079
EvDiff,zurich_city_00_a,629,31.4504270000,0629.png,0.0351654710,0.3917189643,0.4123936892
EvDiff,zurich_city_00_a,630,31.5004320000,0630.png,0.0405178620,0.3728079802,0.4312883019
EvDiff,zurich_city_00_a,631,31.5504250000,0631.png,0.0336122965,0.3971467505,0.4138961434
EvDiff,zurich_city_00_a,632,31.6004270000,0632.png,0.0315363292,0.3975447317,0.4112918079
EvDiff,zurich_city_00_a,633,31.6504280000,0633.png,0.0335053447,0.3740292150,0.4171223938
EvDiff,zurich_city_00_a,634,31.7004290000,0634.png,0.0302979003,0.3925065759,0.4085210562
EvDiff,zurich_city_00_a,635,31.7504300000,0635.png,0.0311892269,0.3845659531,0.4247258902
EvDiff,zurich_city_00_a,636,31.8004320000,0636.png,0.0314679124,0.3846222787,0.4148246348
EvDiff,zurich_city_00_a,637,31.8504250000,0637.png,0.0315129683,0.3716778792,0.4286902547
EvDiff,zurich_city_00_a,638,31.9004260000,0638.png,0.0344874466,0.3515610642,0.4356547594
EvDiff,zurich_city_00_a,639,31.9504270000,0639.png,0.0344898859,0.3502870910,0.4314796627
EvDiff,zurich_city_00_a,640,32.0003770000,0640.png,0.0400511652,0.3323820206,0.4511824846
EvDiff,zurich_city_00_a,641,32.0504140000,0641.png,0.0341657393,0.3521193509,0.4430422187
EvDiff,zurich_city_00_a,642,32.1004230000,0642.png,0.0362885909,0.3437367676,0.4498706758
EvDiff,zurich_city_00_a,643,32.1504200000,0643.png,0.0338416222,0.3479679945,0.4591593146
EvDiff,zurich_city_00_a,644,32.2004250000,0644.png,0.0361788939,0.3516837011,0.4579825401
EvDiff,zurich_city_00_a,645,32.2504270000,0645.png,0.0350889871,0.3714630397,0.4376513660
EvDiff,zurich_city_00_a,646,32.3004280000,0646.png,0.0317694798,0.3870273786,0.4279715717
EvDiff,zurich_city_00_a,647,32.3504290000,0647.png,0.0295306474,0.4091962365,0.4134839773
EvDiff,zurich_city_00_a,648,32.4004260000,0648.png,0.0306385388,0.3920842346,0.4179025888
EvDiff,zurich_city_00_a,649,32.4504270000,0649.png,0.0324334359,0.3879863568,0.4139314890
EvDiff,zurich_city_00_a,650,32.5004290000,0650.png,0.0325541070,0.3822169754,0.4131165147
EvDiff,zurich_city_00_a,651,32.5504300000,0651.png,0.0345246756,0.3744888240,0.4193740487
EvDiff,zurich_city_00_a,652,32.6004310000,0652.png,0.0333391461,0.3787658010,0.4150905013
EvDiff,zurich_city_00_a,653,32.6504320000,0653.png,0.0276738398,0.4095933940,0.3925398290
EvDiff,zurich_city_00_a,654,32.7004290000,0654.png,0.0296484725,0.3998001602,0.4003524780
EvDiff,zurich_city_00_a,655,32.7504310000,0655.png,0.0303680564,0.3871483582,0.4111815095
EvDiff,zurich_city_00_a,656,32.8004400000,0656.png,0.0278335488,0.3960490037,0.4023509920
EvDiff,zurich_city_00_a,657,32.8504410000,0657.png,0.0298110440,0.3888828554,0.3850939870
EvDiff,zurich_city_00_a,658,32.9004420000,0658.png,0.0294479627,0.3831349353,0.3857110143
EvDiff,zurich_city_00_a,659,32.9504430000,0659.png,0.0270234913,0.3895343841,0.3784873486
EvDiff,zurich_city_00_a,660,33.0003730000,0660.png,0.0313705282,0.3630338172,0.3722738028
EvDiff,zurich_city_00_a,661,33.0504060000,0661.png,0.0328089605,0.3605321984,0.3750345707
EvDiff,zurich_city_00_a,662,33.1003990000,0662.png,0.0329646614,0.3586522261,0.3735750914
EvDiff,zurich_city_00_a,663,33.1504200000,0663.png,0.0335578171,0.3468295844,0.3809515834
EvDiff,zurich_city_00_a,664,33.2004020000,0664.png,0.0378218592,0.3326738496,0.4102982283
EvDiff,zurich_city_00_a,665,33.2504270000,0665.png,0.0371111063,0.3369470118,0.4070453346
EvDiff,zurich_city_00_a,666,33.3004200000,0666.png,0.0357836739,0.3494688141,0.4008007348
EvDiff,zurich_city_00_a,667,33.3504210000,0667.png,0.0375788020,0.3382023989,0.4045145810
EvDiff,zurich_city_00_a,668,33.4004230000,0668.png,0.0348279838,0.3528533006,0.4075919390
EvDiff,zurich_city_00_a,669,33.4504280000,0669.png,0.0335885043,0.3557817009,0.4134447277
EvDiff,zurich_city_00_a,670,33.5004290000,0670.png,0.0334767490,0.3603099208,0.4172497988
EvDiff,zurich_city_00_a,671,33.5504260000,0671.png,0.0366913868,0.3464998320,0.4251302481
EvDiff,zurich_city_00_a,672,33.6004280000,0672.png,0.0453544927,0.3047400687,0.4487838149
EvDiff,zurich_city_00_a,673,33.6504290000,0673.png,0.0452797763,0.3250234889,0.4405233562
EvDiff,zurich_city_00_a,674,33.7004340000,0674.png,0.0421358920,0.3302597316,0.4343108535
EvDiff,zurich_city_00_a,675,33.7504350000,0675.png,0.0381245143,0.3464341962,0.4199177921
EvDiff,zurich_city_00_a,676,33.8004370000,0676.png,0.0412823355,0.3248039598,0.4258137941
EvDiff,zurich_city_00_a,677,33.8504380000,0677.png,0.0384813627,0.3244804211,0.4315506220
EvDiff,zurich_city_00_a,678,33.9004390000,0678.png,0.0384493694,0.3076192296,0.4426018596
EvDiff,zurich_city_00_a,679,33.9504400000,0679.png,0.0374571596,0.3109886285,0.4394082725
EvDiff,zurich_city_00_a,680,34.0003740000,0680.png,0.0352766335,0.3214088647,0.4415858686
EvDiff,zurich_city_00_a,681,34.0504110000,0681.png,0.0305409513,0.3454450506,0.4387947917
EvDiff,zurich_city_00_a,682,34.1004040000,0682.png,0.0310702863,0.3391245381,0.4486062527
EvDiff,zurich_city_00_a,683,34.1504210000,0683.png,0.0325864537,0.3518035179,0.4354257584
EvDiff,zurich_city_00_a,684,34.2004220000,0684.png,0.0323318843,0.3584820898,0.4332205653
EvDiff,zurich_city_00_a,685,34.2504240000,0685.png,0.0300556415,0.3637959742,0.4228473306
EvDiff,zurich_city_00_a,686,34.3004250000,0686.png,0.0370503119,0.3322880625,0.4356296659
EvDiff,zurich_city_00_a,687,34.3504260000,0687.png,0.0298358829,0.3667504917,0.4263861179
EvDiff,zurich_city_00_a,688,34.4004310000,0688.png,0.0278205653,0.3812993870,0.4142308831
EvDiff,zurich_city_00_a,689,34.4504240000,0689.png,0.0368173858,0.3206475527,0.4447482824
EvDiff,zurich_city_00_a,690,34.5004300000,0690.png,0.0387931130,0.3202938665,0.4424998164
EvDiff,zurich_city_00_a,691,34.5504310000,0691.png,0.0295345313,0.3720075657,0.4132385254
EvDiff,zurich_city_00_a,692,34.6004320000,0692.png,0.0285350462,0.3817210734,0.4085732102
EvDiff,zurich_city_00_a,693,34.6504330000,0693.png,0.0296310959,0.3789938400,0.4116424322
EvDiff,zurich_city_00_a,694,34.7004260000,0694.png,0.0304338951,0.3718712989,0.4215252995
EvDiff,zurich_city_00_a,695,34.7504320000,0695.png,0.0310551034,0.3677827487,0.4378279746
EvDiff,zurich_city_00_a,696,34.8004330000,0696.png,0.0300641174,0.3852250637,0.4239459634
EvDiff,zurich_city_00_a,697,34.8504380000,0697.png,0.0282662673,0.4021033605,0.4225556552
EvDiff,zurich_city_00_a,698,34.9004190000,0698.png,0.0273637889,0.3995780762,0.4217983186
EvDiff,zurich_city_00_a,699,34.9504200000,0699.png,0.0302317756,0.3757205795,0.4390777349
EvDiff,zurich_city_00_a,700,35.0003740000,0700.png,0.0311521271,0.3688459558,0.4354867935
EvDiff,zurich_city_00_a,701,35.0504070000,0701.png,0.0306320451,0.3733069777,0.4362947941
EvDiff,zurich_city_00_a,702,35.1004000000,0702.png,0.0307437677,0.3683072205,0.4319266081
EvDiff,zurich_city_00_a,703,35.1504210000,0703.png,0.0374435484,0.3332997301,0.4448744357
EvDiff,zurich_city_00_a,704,35.2004020000,0704.png,0.0324626848,0.3640754547,0.4346910417
EvDiff,zurich_city_00_a,705,35.2504040000,0705.png,0.0363786090,0.3494830398,0.4501392245
EvDiff,zurich_city_00_a,706,35.3004250000,0706.png,0.0333042218,0.3640376729,0.4471549392
EvDiff,zurich_city_00_a,707,35.3504260000,0707.png,0.0301583164,0.3855720238,0.4205562472
EvDiff,zurich_city_00_a,708,35.4004270000,0708.png,0.0316858292,0.3730716541,0.4275552034
EvDiff,zurich_city_00_a,709,35.4504280000,0709.png,0.0311101341,0.3626978732,0.4361826777
EvDiff,zurich_city_00_a,710,35.5004300000,0710.png,0.0343983014,0.3417620346,0.4305572212
EvDiff,zurich_city_00_a,711,35.5504110000,0711.png,0.0345389410,0.3358489928,0.4312928915
EvDiff,zurich_city_00_a,712,35.6004320000,0712.png,0.0343455499,0.3481265966,0.4206325412
EvDiff,zurich_city_00_a,713,35.6504330000,0713.png,0.0354872279,0.3507862054,0.4311504066
EvDiff,zurich_city_00_a,714,35.7004140000,0714.png,0.0372437736,0.3501084012,0.4426310956
EvDiff,zurich_city_00_a,715,35.7504200000,0715.png,0.0372193280,0.3467111757,0.4277397692
EvDiff,zurich_city_00_a,716,35.8004290000,0716.png,0.0427507661,0.3333939072,0.4345718026
EvDiff,zurich_city_00_a,717,35.8504260000,0717.png,0.0459471271,0.3208067808,0.4384569526
EvDiff,zurich_city_00_a,718,35.9004230000,0718.png,0.0434102663,0.3294567586,0.4278348684
EvDiff,zurich_city_00_a,719,35.9504280000,0719.png,0.0464738705,0.3284868815,0.4292393625
EvDiff,zurich_city_00_a,720,36.0003740000,0720.png,0.0473287325,0.3209378906,0.4178652763
EvDiff,zurich_city_00_a,721,36.0504070000,0721.png,0.0424541068,0.3397568666,0.4252291620
EvDiff,zurich_city_00_a,722,36.1004040000,0722.png,0.0456011793,0.3170888771,0.4355019331
EvDiff,zurich_city_00_a,723,36.1504210000,0723.png,0.0441114298,0.3193107221,0.4363958538
EvDiff,zurich_city_00_a,724,36.2004230000,0724.png,0.0452908460,0.3159500535,0.4268964231
EvDiff,zurich_city_00_a,725,36.2504240000,0725.png,0.0451985385,0.3188548445,0.4164323807
EvDiff,zurich_city_00_a,726,36.3004050000,0726.png,0.0444602141,0.3252504084,0.4016443491
EvDiff,zurich_city_00_a,727,36.3504060000,0727.png,0.0474685527,0.3084881451,0.4008265734
EvDiff,zurich_city_00_a,728,36.4004120000,0728.png,0.0455334602,0.3138243494,0.3956162930
EvDiff,zurich_city_00_a,729,36.4504290000,0729.png,0.0470794415,0.3118774136,0.3896324635
EvDiff,zurich_city_00_a,730,36.5004100000,0730.png,0.0443595888,0.3180527642,0.3884012103
EvDiff,zurich_city_00_a,731,36.5504110000,0731.png,0.0423911315,0.3100553679,0.3873342872
EvDiff,zurich_city_00_a,732,36.6004130000,0732.png,0.0454988725,0.3039514187,0.3920190632
EvDiff,zurich_city_00_a,733,36.6504180000,0733.png,0.0491471971,0.2871146706,0.4068545699
EvDiff,zurich_city_00_a,734,36.7004190000,0734.png,0.0493840403,0.2822504246,0.4197908342
EvDiff,zurich_city_00_a,735,36.7504160000,0735.png,0.0473525087,0.2887994512,0.4136567116
EvDiff,zurich_city_00_a,736,36.8004340000,0736.png,0.0523161319,0.2738678586,0.4295714498
EvDiff,zurich_city_00_a,737,36.8504270000,0737.png,0.0524485863,0.2695859682,0.4447157979
EvDiff,zurich_city_00_a,738,36.9004320000,0738.png,0.0514100507,0.2697843557,0.4544501603
EvDiff,zurich_city_00_a,739,36.9504330000,0739.png,0.0458769916,0.2933754789,0.4466942847
EvDiff,zurich_city_00_a,740,37.0003710000,0740.png,0.0477668807,0.3031579996,0.4322709441
EvDiff,zurich_city_00_a,741,37.0504080000,0741.png,0.0486517735,0.2982317262,0.4398775399
EvDiff,zurich_city_00_a,742,37.1004010000,0742.png,0.0474119683,0.2945968662,0.4522601068
EvDiff,zurich_city_00_a,743,37.1503980000,0743.png,0.0438329785,0.3189354962,0.4350419343
EvDiff,zurich_city_00_a,744,37.2004030000,0744.png,0.0442572112,0.3143573229,0.4444390535
EvDiff,zurich_city_00_a,745,37.2504090000,0745.png,0.0424916432,0.3180275561,0.4448164701
EvDiff,zurich_city_00_a,746,37.3004060000,0746.png,0.0401543805,0.3267207922,0.4326277971
EvDiff,zurich_city_00_a,747,37.3504070000,0747.png,0.0361744563,0.3439111808,0.4245583713
EvDiff,zurich_city_00_a,748,37.4004080000,0748.png,0.0343185577,0.3307954412,0.4295301437
EvDiff,zurich_city_00_a,749,37.4504090000,0749.png,0.0360847710,0.3190073165,0.4395208359
EvDiff,zurich_city_00_a,750,37.5004110000,0750.png,0.0416630600,0.2978667337,0.4577683806
EvDiff,zurich_city_00_a,751,37.5504160000,0751.png,0.0397648459,0.3107214764,0.4438738823
EvDiff,zurich_city_00_a,752,37.6004090000,0752.png,0.0437196876,0.2925429495,0.4561656713
EvDiff,zurich_city_00_a,753,37.6504140000,0753.png,0.0408744780,0.3064250448,0.4443817139
EvDiff,zurich_city_00_a,754,37.7004150000,0754.png,0.0419802987,0.3196544741,0.4378318191
EvDiff,zurich_city_00_a,755,37.7504210000,0755.png,0.0417610963,0.3143440584,0.4516840577
EvDiff,zurich_city_00_a,756,37.8004300000,0756.png,0.0405642979,0.3240767320,0.4527450204
EvDiff,zurich_city_00_a,757,37.8504270000,0757.png,0.0415671178,0.3114744064,0.4594056010
EvDiff,zurich_city_00_a,758,37.9004240000,0758.png,0.0399001615,0.3119303177,0.4536084533
EvDiff,zurich_city_00_a,759,37.9504250000,0759.png,0.0339102295,0.3402214067,0.4364371002
EvDiff,zurich_city_00_a,760,38.0003710000,0760.png,0.0333369268,0.3339951777,0.4406794906
EvDiff,zurich_city_00_a,761,38.0504040000,0761.png,0.0325411323,0.3391669022,0.4306236804
EvDiff,zurich_city_00_a,762,38.1003970000,0762.png,0.0301185790,0.3548302441,0.4276050031
EvDiff,zurich_city_00_a,763,38.1504220000,0763.png,0.0286035955,0.3514833359,0.4364826083
EvDiff,zurich_city_00_a,764,38.2004160000,0764.png,0.0299833658,0.3474856766,0.4275055230
EvDiff,zurich_city_00_a,765,38.2504210000,0765.png,0.0307728746,0.3364713153,0.4242226779
EvDiff,zurich_city_00_a,766,38.3004220000,0766.png,0.0285830723,0.3646190816,0.4118509293
EvDiff,zurich_city_00_a,767,38.3504030000,0767.png,0.0303845778,0.3411272371,0.4222506285
EvDiff,zurich_city_00_a,768,38.4004050000,0768.png,0.0297183605,0.3443775051,0.4154089093
EvDiff,zurich_city_00_a,769,38.4504340000,0769.png,0.0296447022,0.3415017771,0.4156991243
EvDiff,zurich_city_00_a,770,38.5004270000,0770.png,0.0306747813,0.3344963032,0.4287776053
EvDiff,zurich_city_00_a,771,38.5504080000,0771.png,0.0292061794,0.3385769462,0.4205405414
EvDiff,zurich_city_00_a,772,38.6004140000,0772.png,0.0315017952,0.3364829526,0.4289904237
EvDiff,zurich_city_00_a,773,38.6504150000,0773.png,0.0302458304,0.3307251200,0.4268157780
EvDiff,zurich_city_00_a,774,38.7004160000,0774.png,0.0294882196,0.3427402091,0.4195666313
EvDiff,zurich_city_00_a,775,38.7504130000,0775.png,0.0310958259,0.3333916654,0.4357924759
EvDiff,zurich_city_00_a,776,38.8004270000,0776.png,0.0295896620,0.3437835150,0.4214136899
EvDiff,zurich_city_00_a,777,38.8504240000,0777.png,0.0310379310,0.3321227626,0.4325467944
EvDiff,zurich_city_00_a,778,38.9004290000,0778.png,0.0337763209,0.3219351622,0.4380182326
EvDiff,zurich_city_00_a,779,38.9504340000,0779.png,0.0334575096,0.3308808992,0.4381491542
EvDiff,zurich_city_00_a,780,39.0003720000,0780.png,0.0331630732,0.3252522470,0.4467132390
EvDiff,zurich_city_00_a,781,39.0504010000,0781.png,0.0309848809,0.3309251124,0.4462727904
EvDiff,zurich_city_00_a,782,39.1004220000,0782.png,0.0315266540,0.3232603681,0.4460372031
EvDiff,zurich_city_00_a,783,39.1504190000,0783.png,0.0346125626,0.3127934716,0.4518817961
EvDiff,zurich_city_00_a,784,39.2004200000,0784.png,0.0316680786,0.3198580125,0.4410026371
EvDiff,zurich_city_00_a,785,39.2504020000,0785.png,0.0333357592,0.3083106943,0.4482657015
EvDiff,zurich_city_00_a,786,39.3004070000,0786.png,0.0311141820,0.3166917307,0.4448538125
EvDiff,zurich_city_00_a,787,39.3504240000,0787.png,0.0297067000,0.3172231555,0.4476802647
EvDiff,zurich_city_00_a,788,39.4004050000,0788.png,0.0268258082,0.3353953445,0.4241629839
EvDiff,zurich_city_00_a,789,39.4504060000,0789.png,0.0261769106,0.3444211036,0.4201368690
EvDiff,zurich_city_00_a,790,39.5004080000,0790.png,0.0278316144,0.3301379855,0.4217870235
EvDiff,zurich_city_00_a,791,39.5504130000,0791.png,0.0264666372,0.3471864211,0.4178674817
EvDiff,zurich_city_00_a,792,39.6004140000,0792.png,0.0309593077,0.3227438420,0.4293589890
EvDiff,zurich_city_00_a,793,39.6504110000,0793.png,0.0280740234,0.3402225563,0.4209440351
EvDiff,zurich_city_00_a,794,39.7004120000,0794.png,0.0273713741,0.3362721300,0.4237274528
EvDiff,zurich_city_00_a,795,39.7504180000,0795.png,0.0281951513,0.3318843868,0.4212602973
EvDiff,zurich_city_00_a,796,39.8004350000,0796.png,0.0258825128,0.3470483883,0.4072760940
EvDiff,zurich_city_00_a,797,39.8504240000,0797.png,0.0277156571,0.3422557103,0.4144790471
EvDiff,zurich_city_00_a,798,39.9004210000,0798.png,0.0291396314,0.3356101899,0.4139355719
EvDiff,zurich_city_00_a,799,39.9504260000,0799.png,0.0285032345,0.3463856231,0.4120580554
EvDiff,zurich_city_00_a,800,40.0003720000,0800.png,0.0271795198,0.3535423253,0.4009324908
EvDiff,zurich_city_00_a,801,40.0504050000,0801.png,0.0284699214,0.3405784864,0.4128280282
EvDiff,zurich_city_00_a,802,40.1003980000,0802.png,0.0263268816,0.3475986965,0.4087842703
EvDiff,zurich_city_00_a,803,40.1504230000,0803.png,0.0253775981,0.3437919450,0.4064090252
EvDiff,zurich_city_00_a,804,40.2004210000,0804.png,0.0240871824,0.3569371286,0.4054014087
EvDiff,zurich_city_00_a,805,40.2504220000,0805.png,0.0235330531,0.3737727465,0.3912910521
EvDiff,zurich_city_00_a,806,40.3004030000,0806.png,0.0257033735,0.3652147516,0.4078826904
EvDiff,zurich_city_00_a,807,40.3504040000,0807.png,0.0241080272,0.3742789817,0.4000074863
EvDiff,zurich_city_00_a,808,40.4004100000,0808.png,0.0293147382,0.3385893297,0.4178267419
EvDiff,zurich_city_00_a,809,40.4504110000,0809.png,0.0309224617,0.3334120701,0.4245052934
EvDiff,zurich_city_00_a,810,40.5004080000,0810.png,0.0321297467,0.3256032570,0.4338703454
EvDiff,zurich_city_00_a,811,40.5504130000,0811.png,0.0324277651,0.3226324055,0.4358624816
EvDiff,zurich_city_00_a,812,40.6004150000,0812.png,0.0324279140,0.3184829857,0.4443308115
EvDiff,zurich_city_00_a,813,40.6504200000,0813.png,0.0312582073,0.3253347848,0.4429475665
EvDiff,zurich_city_00_a,814,40.7004210000,0814.png,0.0302151635,0.3359600079,0.4282782674
EvDiff,zurich_city_00_a,815,40.7504260000,0815.png,0.0260668145,0.3540205147,0.4289174080
EvDiff,zurich_city_00_a,816,40.8004360000,0816.png,0.0236442754,0.3747448651,0.4096591473
EvDiff,zurich_city_00_a,817,40.8504290000,0817.png,0.0219194517,0.3800969184,0.3931355774
EvDiff,zurich_city_00_a,818,40.9004300000,0818.png,0.0200717695,0.3794974517,0.3808273673
EvDiff,zurich_city_00_a,819,40.9504350000,0819.png,0.0192639020,0.3868346235,0.3832541704
EvDiff,zurich_city_00_a,820,41.0003690000,0820.png,0.0206985776,0.3756925624,0.3841243684
EvDiff,zurich_city_00_a,821,41.0504060000,0821.png,0.0216737453,0.3699657160,0.3882645965
EvDiff,zurich_city_00_a,822,41.1003990000,0822.png,0.0220319565,0.3640818609,0.3910637498
EvDiff,zurich_city_00_a,823,41.1503960000,0823.png,0.0222756103,0.3664354289,0.3907859921
EvDiff,zurich_city_00_a,824,41.2004010000,0824.png,0.0219024547,0.3735446294,0.3801549077
EvDiff,zurich_city_00_a,825,41.2504070000,0825.png,0.0225639618,0.3776249630,0.3663835526
EvDiff,zurich_city_00_a,826,41.3004080000,0826.png,0.0235240275,0.3673090002,0.3705815971
EvDiff,zurich_city_00_a,827,41.3504050000,0827.png,0.0206384073,0.3915568263,0.3686304390
EvDiff,zurich_city_00_a,828,41.4004100000,0828.png,0.0204158207,0.3987946774,0.3594886065
EvDiff,zurich_city_00_a,829,41.4504150000,0829.png,0.0222618795,0.3957560623,0.3621487021
EvDiff,zurich_city_00_a,830,41.5004170000,0830.png,0.0213614503,0.3962605832,0.3552719355
EvDiff,zurich_city_00_a,831,41.5504220000,0831.png,0.0208228731,0.4012211630,0.3517813087
EvDiff,zurich_city_00_a,832,41.6004230000,0832.png,0.0217461385,0.4016755904,0.3566036522
EvDiff,zurich_city_00_a,833,41.6504200000,0833.png,0.0224157967,0.3964223624,0.3646367192
EvDiff,zurich_city_00_a,834,41.7004250000,0834.png,0.0216244495,0.3993448110,0.3524205387
EvDiff,zurich_city_00_a,835,41.7504270000,0835.png,0.0218574509,0.3905995800,0.3582421541
EvDiff,zurich_city_00_a,836,41.8004280000,0836.png,0.0216409589,0.3896970578,0.3486146033
EvDiff,zurich_city_00_a,837,41.8504130000,0837.png,0.0199284652,0.4029202963,0.3421734869
EvDiff,zurich_city_00_a,838,41.9004140000,0838.png,0.0219044694,0.3781496682,0.3467401564
EvDiff,zurich_city_00_a,839,41.9504350000,0839.png,0.0203939211,0.3939237488,0.3316341043
EvDiff,zurich_city_00_a,840,42.0003690000,0840.png,0.0198111204,0.4129539236,0.3143304586
EvDiff,zurich_city_00_a,841,42.0504020000,0841.png,0.0201407741,0.4142553849,0.3221695423
EvDiff,zurich_city_00_a,842,42.1003950000,0842.png,0.0222567838,0.3982472580,0.3311819136
EvDiff,zurich_city_00_a,843,42.1503960000,0843.png,0.0213332905,0.3987763964,0.3375109434
EvDiff,zurich_city_00_a,844,42.2004260000,0844.png,0.0198333974,0.4029142954,0.3478412926
EvDiff,zurich_city_00_a,845,42.2503990000,0845.png,0.0182277565,0.4164883444,0.3512531817
EvDiff,zurich_city_00_a,846,42.3004040000,0846.png,0.0180501718,0.4187053089,0.3438899517
EvDiff,zurich_city_00_a,847,42.3504090000,0847.png,0.0192694147,0.4098490949,0.3469154537
EvDiff,zurich_city_00_a,848,42.4004110000,0848.png,0.0182920094,0.4270389036,0.3414064050
EvDiff,zurich_city_00_a,849,42.4504160000,0849.png,0.0195570165,0.4237238173,0.3380621672
EvDiff,zurich_city_00_a,850,42.5004130000,0850.png,0.0198652302,0.4140643992,0.3428720236
EvDiff,zurich_city_00_a,851,42.5504180000,0851.png,0.0196326362,0.4091914798,0.3397994936
EvDiff,zurich_city_00_a,852,42.6004200000,0852.png,0.0191476850,0.4143780485,0.3449022472
EvDiff,zurich_city_00_a,853,42.6504210000,0853.png,0.0196332129,0.4039899219,0.3459292352
EvDiff,zurich_city_00_a,854,42.7004260000,0854.png,0.0197302575,0.3930741697,0.3634457588
EvDiff,zurich_city_00_a,855,42.7504270000,0855.png,0.0215834089,0.3741522970,0.3858821690
EvDiff,zurich_city_00_a,856,42.8004250000,0856.png,0.0214094120,0.3800131719,0.3825080991
EvDiff,zurich_city_00_a,857,42.8504300000,0857.png,0.0212741973,0.3771666970,0.3808687031
EvDiff,zurich_city_00_a,858,42.9004310000,0858.png,0.0200461478,0.3808003398,0.3836662173
EvDiff,zurich_city_00_a,859,42.9504360000,0859.png,0.0223418151,0.3658447415,0.3895033598
EvDiff,zurich_city_00_a,860,43.0003700000,0860.png,0.0226303031,0.3690317891,0.3845613301
EvDiff,zurich_city_00_a,861,43.0504110000,0861.png,0.0217770361,0.3889539524,0.3795069158
EvDiff,zurich_city_00_a,862,43.1003960000,0862.png,0.0217314716,0.3790145261,0.3836643398
EvDiff,zurich_city_00_a,863,43.1503970000,0863.png,0.0226953418,0.3725410172,0.3740670085
EvDiff,zurich_city_00_a,864,43.2004020000,0864.png,0.0228691076,0.3816667534,0.3791553080
EvDiff,zurich_city_00_a,865,43.2504040000,0865.png,0.0234621051,0.3803355846,0.3812829256
EvDiff,zurich_city_00_a,866,43.3004090000,0866.png,0.0223279564,0.3899532351,0.3704121709
EvDiff,zurich_city_00_a,867,43.3504100000,0867.png,0.0222196411,0.3980546249,0.3734505177
EvDiff,zurich_city_00_a,868,43.4004070000,0868.png,0.0220443916,0.4134594692,0.3615044951
EvDiff,zurich_city_00_a,869,43.4504120000,0869.png,0.0222807840,0.4093357038,0.3591469228
EvDiff,zurich_city_00_a,870,43.5004140000,0870.png,0.0230310253,0.4025229525,0.3657269776
EvDiff,zurich_city_00_a,871,43.5504190000,0871.png,0.0226892837,0.4077943377,0.3639746308
EvDiff,zurich_city_00_a,872,43.6004200000,0872.png,0.0236481013,0.3946472382,0.3593817949
EvDiff,zurich_city_00_a,873,43.6504210000,0873.png,0.0250053905,0.3835962954,0.3648621142
EvDiff,zurich_city_00_a,874,43.7004180000,0874.png,0.0249221139,0.3748714502,0.3644296825
EvDiff,zurich_city_00_a,875,43.7504240000,0875.png,0.0248635051,0.3910237352,0.3560141325
EvDiff,zurich_city_00_a,876,43.8004170000,0876.png,0.0258326826,0.3811055034,0.3583692908
EvDiff,zurich_city_00_a,877,43.8504340000,0877.png,0.0259873464,0.3889378175,0.3522724509
EvDiff,zurich_city_00_a,878,43.9004350000,0878.png,0.0268783441,0.3810542079,0.3560900092
EvDiff,zurich_city_00_a,879,43.9504320000,0879.png,0.0273576216,0.3761426548,0.3550148010
EvDiff,zurich_city_00_a,880,44.0003700000,0880.png,0.0253004790,0.3947030312,0.3578644395
EvDiff,zurich_city_00_a,881,44.0504030000,0881.png,0.0244890927,0.4010433816,0.3551334143
EvDiff,zurich_city_00_a,882,44.1003960000,0882.png,0.0261682597,0.3861692209,0.3684062362
EvDiff,zurich_city_00_a,883,44.1503970000,0883.png,0.0256719426,0.3917338942,0.3785648048
EvDiff,zurich_city_00_a,884,44.2004030000,0884.png,0.0255163549,0.3876304917,0.3798422813
EvDiff,zurich_city_00_a,885,44.2504000000,0885.png,0.0250609903,0.3840114998,0.3776425719
EvDiff,zurich_city_00_a,886,44.3004050000,0886.png,0.0240414999,0.3913080771,0.3805924058
EvDiff,zurich_city_00_a,887,44.3504100000,0887.png,0.0239473975,0.3818922277,0.3824392557
EvDiff,zurich_city_00_a,888,44.4004120000,0888.png,0.0243563449,0.3795255699,0.3792284727
EvDiff,zurich_city_00_a,889,44.4504130000,0889.png,0.0245080790,0.3804324135,0.3740154505
EvDiff,zurich_city_00_a,890,44.5004180000,0890.png,0.0235057969,0.3829923382,0.3725382686
EvDiff,zurich_city_00_a,891,44.5504150000,0891.png,0.0240655404,0.3882713097,0.3766799867
EvDiff,zurich_city_00_a,892,44.6004170000,0892.png,0.0239215696,0.3838545242,0.3738739491
EvDiff,zurich_city_00_a,893,44.6504180000,0893.png,0.0260132507,0.3686327391,0.3751303256
EvDiff,zurich_city_00_a,894,44.7004190000,0894.png,0.0266717636,0.3565051051,0.3902263641
EvDiff,zurich_city_00_a,895,44.7504240000,0895.png,0.0261119767,0.3640324971,0.3864769936
EvDiff,zurich_city_00_a,896,44.8004220000,0896.png,0.0251684597,0.3717398971,0.3788903356
EvDiff,zurich_city_00_a,897,44.8504270000,0897.png,0.0256591400,0.3692645983,0.3774890602
EvDiff,zurich_city_00_a,898,44.9004280000,0898.png,0.0252468217,0.3743200718,0.3805961311
EvDiff,zurich_city_00_a,899,44.9504290000,0899.png,0.0258149794,0.3720022823,0.3893095553
EvDiff,zurich_city_00_a,900,45.0003670000,0900.png,0.0253881259,0.3732931214,0.3861868083
EvDiff,zurich_city_00_a,901,45.0504080000,0901.png,0.0261675072,0.3681721075,0.3878009319
EvDiff,zurich_city_00_a,902,45.1003930000,0902.png,0.0258839306,0.3678089501,0.3966856599
EvDiff,zurich_city_00_a,903,45.1503940000,0903.png,0.0248237627,0.3731749498,0.3916345835
EvDiff,zurich_city_00_a,904,45.2003990000,0904.png,0.0257616930,0.3673078827,0.3942606747
EvDiff,zurich_city_00_a,905,45.2504010000,0905.png,0.0250991294,0.3725036948,0.3994828165
EvDiff,zurich_city_00_a,906,45.3004020000,0906.png,0.0258113356,0.3636338456,0.3978089094
EvDiff,zurich_city_00_a,907,45.3504070000,0907.png,0.0263626689,0.3689278346,0.3960426748
EvDiff,zurich_city_00_a,908,45.4004040000,0908.png,0.0272314797,0.3633099321,0.3926090002
EvDiff,zurich_city_00_a,909,45.4504090000,0909.png,0.0284555982,0.3523478724,0.4052734077
EvDiff,zurich_city_00_a,910,45.5004110000,0910.png,0.0287730861,0.3526003875,0.3999832869
EvDiff,zurich_city_00_a,911,45.5504160000,0911.png,0.0297309184,0.3438666736,0.4031313062
EvDiff,zurich_city_00_a,912,45.6004170000,0912.png,0.0282670123,0.3543190886,0.4018963575
EvDiff,zurich_city_00_a,913,45.6504220000,0913.png,0.0289334295,0.3518765257,0.4005348086
EvDiff,zurich_city_00_a,914,45.7004190000,0914.png,0.0288313973,0.3586319525,0.3988518715
EvDiff,zurich_city_00_a,915,45.7504210000,0915.png,0.0291694683,0.3650403877,0.3979172111
EvDiff,zurich_city_00_a,916,45.8004100000,0916.png,0.0287046992,0.3648023452,0.4022032320
EvDiff,zurich_city_00_a,917,45.8504270000,0917.png,0.0286865264,0.3608439476,0.4075630903
EvDiff,zurich_city_00_a,918,45.9004280000,0918.png,0.0300183518,0.3461101911,0.4200244546
EvDiff,zurich_city_00_a,919,45.9504330000,0919.png,0.0295128697,0.3471387488,0.4195049107
EvDiff,zurich_city_00_a,920,46.0003670000,0920.png,0.0327533706,0.3247374839,0.4239165783
EvDiff,zurich_city_00_a,921,46.0504040000,0921.png,0.0342665652,0.3144763690,0.4230055511
EvDiff,zurich_city_00_a,922,46.1003970000,0922.png,0.0331614218,0.3203000960,0.4170427620
EvDiff,zurich_city_00_a,923,46.1503940000,0923.png,0.0347262254,0.3184257031,0.4143023491
EvDiff,zurich_city_00_a,924,46.2004000000,0924.png,0.0342922629,0.3216325345,0.4109477103
EvDiff,zurich_city_00_a,925,46.2503970000,0925.png,0.0354387259,0.3166532993,0.4117543101
EvDiff,zurich_city_00_a,926,46.3004020000,0926.png,0.0371567586,0.3184550521,0.4160054922
EvDiff,zurich_city_00_a,927,46.3504030000,0927.png,0.0373433193,0.3002931791,0.4241398871
EvDiff,zurich_city_00_a,928,46.4004090000,0928.png,0.0358860594,0.3078737431,0.4150793850
EvDiff,zurich_city_00_a,929,46.4504100000,0929.png,0.0345411568,0.3142999724,0.4172355533
EvDiff,zurich_city_00_a,930,46.5004110000,0930.png,0.0363015156,0.3125681503,0.4172723889
EvDiff,zurich_city_00_a,931,46.5504080000,0931.png,0.0338121011,0.3331116214,0.4193766713
EvDiff,zurich_city_00_a,932,46.6004100000,0932.png,0.0331175099,0.3312224091,0.4239661098
EvDiff,zurich_city_00_a,933,46.6504150000,0933.png,0.0319066551,0.3390152012,0.4221370816
EvDiff,zurich_city_00_a,934,46.7004160000,0934.png,0.0330314619,0.3384797407,0.4247992337
EvDiff,zurich_city_00_a,935,46.7504210000,0935.png,0.0323328629,0.3426968146,0.4148753285
EvDiff,zurich_city_00_a,936,46.8004110000,0936.png,0.0335929635,0.3375648296,0.4220409393
EvDiff,zurich_city_00_a,937,46.8504240000,0937.png,0.0321489279,0.3477262751,0.4137741923
EvDiff,zurich_city_02_a,0,0.0004860000,0000.png,0.0621720354,0.3246609105,0.6535109878
EvDiff,zurich_city_02_a,1,0.0504870000,0001.png,0.0476102087,0.3422850501,0.5765508413
EvDiff,zurich_city_02_a,2,0.1005000000,0002.png,0.0497669299,0.3388875575,0.5619038343
EvDiff,zurich_city_02_a,3,0.1504890000,0003.png,0.0602023040,0.3247326518,0.5525561571
EvDiff,zurich_city_02_a,4,0.2004350000,0004.png,0.0551083536,0.3147328087,0.5374206901
EvDiff,zurich_city_02_a,5,0.2504720000,0005.png,0.0514318142,0.3162856747,0.5258550644
EvDiff,zurich_city_02_a,6,0.3004650000,0006.png,0.0502985022,0.3087170672,0.5196437836
EvDiff,zurich_city_02_a,7,0.3504620000,0007.png,0.0423797390,0.3280811762,0.5060172081
EvDiff,zurich_city_02_a,8,0.4004640000,0008.png,0.0319482698,0.3638183127,0.5076808333
EvDiff,zurich_city_02_a,9,0.4504690000,0009.png,0.0395841131,0.3411704143,0.5100123286
EvDiff,zurich_city_02_a,10,0.5004860000,0010.png,0.0437173588,0.3358911954,0.5057307482
EvDiff,zurich_city_02_a,11,0.5504870000,0011.png,0.0277453047,0.3828275913,0.4888421297
EvDiff,zurich_city_02_a,12,0.6004890000,0012.png,0.0214901106,0.4231710417,0.4690790772
EvDiff,zurich_city_02_a,13,0.6504860000,0013.png,0.0262358187,0.3920291882,0.4648972750
EvDiff,zurich_city_02_a,14,0.7004870000,0014.png,0.0245820373,0.4157201860,0.4473837614
EvDiff,zurich_city_02_a,15,0.7504880000,0015.png,0.0293049511,0.3836017077,0.4595930576
EvDiff,zurich_city_02_a,16,0.8004860000,0016.png,0.0244392599,0.4051269650,0.4453219473
EvDiff,zurich_city_02_a,17,0.8504870000,0017.png,0.0306385634,0.3822278350,0.4520456791
EvDiff,zurich_city_02_a,18,0.9004840000,0018.png,0.0209768863,0.4395291719,0.4299542308
EvDiff,zurich_city_02_a,19,0.9504850000,0019.png,0.0212725007,0.4336657485,0.4351116121
EvDiff,zurich_city_02_a,20,1.0004870000,0020.png,0.0241929028,0.4071522656,0.4411702752
EvDiff,zurich_city_02_a,21,1.0504800000,0021.png,0.0344834226,0.3813571958,0.4538286030
EvDiff,zurich_city_02_a,22,1.1005010000,0022.png,0.0336080098,0.3784306853,0.4550504684
EvDiff,zurich_city_02_a,23,1.1504820000,0023.png,0.0307371940,0.3879024812,0.4580412507
EvDiff,zurich_city_02_a,24,1.2004320000,0024.png,0.0368984574,0.3661796869,0.4679329395
EvDiff,zurich_city_02_a,25,1.2504690000,0025.png,0.0297306307,0.4189355211,0.4403401613
EvDiff,zurich_city_02_a,26,1.3004580000,0026.png,0.0361047353,0.3634922531,0.4742150903
EvDiff,zurich_city_02_a,27,1.3504750000,0027.png,0.0305722540,0.3812457340,0.4605177343
EvDiff,zurich_city_02_a,28,1.4004810000,0028.png,0.0292541055,0.3855378767,0.4638296366
EvDiff,zurich_city_02_a,29,1.4504780000,0029.png,0.0233199430,0.4196199590,0.4594574273
EvDiff,zurich_city_02_a,30,1.5004790000,0030.png,0.0212043712,0.4407058799,0.4422458708
EvDiff,zurich_city_02_a,31,1.5504800000,0031.png,0.0229751799,0.4211040661,0.4459348917
EvDiff,zurich_city_02_a,32,1.6004820000,0032.png,0.0397743529,0.3624570258,0.4698209763
EvDiff,zurich_city_02_a,33,1.6504790000,0033.png,0.0413524797,0.3525972796,0.4724524021
EvDiff,zurich_city_02_a,34,1.7004760000,0034.png,0.0597376895,0.3155893372,0.5100232363
EvDiff,zurich_city_02_a,35,1.7504770000,0035.png,0.0614782768,0.3267464215,0.4965389371
EvDiff,zurich_city_02_a,36,1.8004790000,0036.png,0.0576971853,0.3379169271,0.5007433891
EvDiff,zurich_city_02_a,37,1.8504800000,0037.png,0.0550859181,0.3397982324,0.4959629476
EvDiff,zurich_city_02_a,38,1.9004770000,0038.png,0.0611979581,0.3342516267,0.4911445379
EvDiff,zurich_city_02_a,39,1.9504740000,0039.png,0.0639298429,0.3408456483,0.4983770847
EvDiff,zurich_city_02_a,40,2.0004760000,0040.png,0.0687512963,0.3338027269,0.5040228367
EvDiff,zurich_city_02_a,41,2.0504770000,0041.png,0.0635958094,0.3423053644,0.5000773072
EvDiff,zurich_city_02_a,42,2.1004860000,0042.png,0.0627807282,0.3438590722,0.5041781664
EvDiff,zurich_city_02_a,43,2.1504950000,0043.png,0.0558121513,0.3542560185,0.5005287528
EvDiff,zurich_city_02_a,44,2.2004330000,0044.png,0.0500707681,0.3674711968,0.4814952612
EvDiff,zurich_city_02_a,45,2.2504700000,0045.png,0.0467982505,0.3743144446,0.4918807447
EvDiff,zurich_city_02_a,46,2.3004630000,0046.png,0.0458200918,0.3624866324,0.4773586392
EvDiff,zurich_city_02_a,47,2.3504600000,0047.png,0.0458796084,0.3749695939,0.4626069665
EvDiff,zurich_city_02_a,48,2.4004660000,0048.png,0.0465325527,0.3671132324,0.4597065449
EvDiff,zurich_city_02_a,49,2.4504670000,0049.png,0.0396933022,0.3788899323,0.4519816041
EvDiff,zurich_city_02_a,50,2.5004840000,0050.png,0.0338292182,0.4017723192,0.4388165772
EvDiff,zurich_city_02_a,51,2.5504660000,0051.png,0.0385185248,0.3641464922,0.4454889297
EvDiff,zurich_city_02_a,52,2.6004670000,0052.png,0.0309990594,0.3800858059,0.4353023171
EvDiff,zurich_city_02_a,53,2.6504680000,0053.png,0.0277090335,0.4053636692,0.4226371646
EvDiff,zurich_city_02_a,54,2.7004700000,0054.png,0.0253127008,0.4178811994,0.4134953618
EvDiff,zurich_city_02_a,55,2.7504710000,0055.png,0.0308010397,0.3946970985,0.4314479530
EvDiff,zurich_city_02_a,56,2.8004920000,0056.png,0.0329569402,0.3894526158,0.4251903296
EvDiff,zurich_city_02_a,57,2.8504930000,0057.png,0.0319524612,0.3805190401,0.4318825006
EvDiff,zurich_city_02_a,58,2.9004950000,0058.png,0.0340919981,0.3677160964,0.4341423213
EvDiff,zurich_city_02_a,59,2.9504760000,0059.png,0.0327040039,0.3710854889,0.4214210510
EvDiff,zurich_city_02_a,60,3.0004770000,0060.png,0.0346159755,0.3637095396,0.4343580604
EvDiff,zurich_city_02_a,61,3.0504790000,0061.png,0.0311763612,0.3855837871,0.4254522920
EvDiff,zurich_city_02_a,62,3.1004800000,0062.png,0.0339018092,0.3745949203,0.4197202325
EvDiff,zurich_city_02_a,63,3.1504970000,0063.png,0.0335227198,0.3634879047,0.4236463010
EvDiff,zurich_city_02_a,64,3.2004350000,0064.png,0.0347654849,0.3643660864,0.4212293029
EvDiff,zurich_city_02_a,65,3.2504680000,0065.png,0.0348548441,0.3689475260,0.4159948230
EvDiff,zurich_city_02_a,66,3.3004610000,0066.png,0.0342843032,0.3636772659,0.4156873226
EvDiff,zurich_city_02_a,67,3.3504820000,0067.png,0.0375026035,0.3616912003,0.4161053300
EvDiff,zurich_city_02_a,68,3.4004840000,0068.png,0.0328158137,0.3880261470,0.4121507406
EvDiff,zurich_city_02_a,69,3.4504850000,0069.png,0.0326049511,0.3859394591,0.4074274004
EvDiff,zurich_city_02_a,70,3.5004860000,0070.png,0.0328723837,0.3647403315,0.4202460051
EvDiff,zurich_city_02_a,71,3.5504870000,0071.png,0.0325405103,0.3733014058,0.4148463607
EvDiff,zurich_city_02_a,72,3.6004690000,0072.png,0.0321319248,0.3788619693,0.4147192836
EvDiff,zurich_city_02_a,73,3.6504860000,0073.png,0.0343927425,0.3637442655,0.4297364652
EvDiff,zurich_city_02_a,74,3.7004870000,0074.png,0.0322046009,0.3598133335,0.4330891371
EvDiff,zurich_city_02_a,75,3.7504880000,0075.png,0.0353108037,0.3462252540,0.4420374334
EvDiff,zurich_city_02_a,76,3.8004940000,0076.png,0.0364756610,0.3315919794,0.4446792603
EvDiff,zurich_city_02_a,77,3.8504950000,0077.png,0.0385325186,0.3128894979,0.4515364170
EvDiff,zurich_city_02_a,78,3.9004960000,0078.png,0.0369184552,0.3128570705,0.4634211659
EvDiff,zurich_city_02_a,79,3.9504930000,0079.png,0.0435875883,0.3039994927,0.4793567955
EvDiff,zurich_city_02_a,80,4.0004950000,0080.png,0.0503303927,0.2898372269,0.4842296243
EvDiff,zurich_city_02_a,81,4.0504960000,0081.png,0.0428371461,0.3113455669,0.4708058834
EvDiff,zurich_city_02_a,82,4.1004930000,0082.png,0.0327231311,0.3286753758,0.4633020163
EvDiff,zurich_city_02_a,83,4.1504980000,0083.png,0.0344969334,0.3187931366,0.4584541917
EvDiff,zurich_city_02_a,84,4.2004360000,0084.png,0.0345041140,0.3345463526,0.4469911754
EvDiff,zurich_city_02_a,85,4.2504650000,0085.png,0.0343025093,0.3284370639,0.4346797466
EvDiff,zurich_city_02_a,86,4.3004820000,0086.png,0.0295375468,0.3406652255,0.4245793223
EvDiff,zurich_city_02_a,87,4.3504790000,0087.png,0.0315895211,0.3355075444,0.4323669076
EvDiff,zurich_city_02_a,88,4.4004810000,0088.png,0.0278919541,0.3443706774,0.4227281809
EvDiff,zurich_city_02_a,89,4.4504860000,0089.png,0.0285880860,0.3398547147,0.4308625460
EvDiff,zurich_city_02_a,90,4.5004870000,0090.png,0.0309270304,0.3274898043,0.4476697445
EvDiff,zurich_city_02_a,91,4.5504840000,0091.png,0.0333869862,0.3263760247,0.4440022707
EvDiff,zurich_city_02_a,92,4.6004860000,0092.png,0.0302377508,0.3367396037,0.4278003275
EvDiff,zurich_city_02_a,93,4.6504870000,0093.png,0.0299590747,0.3399964500,0.4206467569
EvDiff,zurich_city_02_a,94,4.7004880000,0094.png,0.0279308486,0.3483656147,0.4108453095
EvDiff,zurich_city_02_a,95,4.7504890000,0095.png,0.0214127352,0.3873383924,0.3932717443
EvDiff,zurich_city_02_a,96,4.8004910000,0096.png,0.0257968297,0.3574035869,0.4063976407
EvDiff,zurich_city_02_a,97,4.8504880000,0097.png,0.0273903599,0.3427739393,0.4125805497
EvDiff,zurich_city_02_a,98,4.9004890000,0098.png,0.0247098477,0.3586605976,0.3909872770
EvDiff,zurich_city_02_a,99,4.9504900000,0099.png,0.0270281098,0.3389936719,0.4055230618
EvDiff,zurich_city_02_a,100,5.0004920000,0100.png,0.0245228947,0.3497511589,0.3997260928
EvDiff,zurich_city_02_a,101,5.0504930000,0101.png,0.0319450523,0.3252698755,0.4202879965
EvDiff,zurich_city_02_a,102,5.1004980000,0102.png,0.0324656201,0.3332455284,0.4162865877
EvDiff,zurich_city_02_a,103,5.1504870000,0103.png,0.0301983542,0.3434890223,0.3992514312
EvDiff,zurich_city_02_a,104,5.2004330000,0104.png,0.0470015542,0.3022501075,0.4173368812
EvDiff,zurich_city_02_a,105,5.2504700000,0105.png,0.0340736214,0.3345359960,0.3973579407
EvDiff,zurich_city_02_a,106,5.3004590000,0106.png,0.0311400938,0.3396087294,0.3998163342
EvDiff,zurich_city_02_a,107,5.3504840000,0107.png,0.0241512691,0.3808077172,0.3864349723
EvDiff,zurich_city_02_a,108,5.4004820000,0108.png,0.0250583641,0.3660477614,0.3864424825
EvDiff,zurich_city_02_a,109,5.4504630000,0109.png,0.0260358418,0.3656371802,0.3938753605
EvDiff,zurich_city_02_a,110,5.5004640000,0110.png,0.0272533708,0.3411627365,0.4130231738
EvDiff,zurich_city_02_a,111,5.5504690000,0111.png,0.0297907505,0.3306529901,0.4091883600
EvDiff,zurich_city_02_a,112,5.6004710000,0112.png,0.0289295263,0.3394007450,0.4030074775
EvDiff,zurich_city_02_a,113,5.6504760000,0113.png,0.0346701265,0.3233860237,0.4109249413
EvDiff,zurich_city_02_a,114,5.7004690000,0114.png,0.0279758057,0.3469017665,0.4009704292
EvDiff,zurich_city_02_a,115,5.7504700000,0115.png,0.0242522480,0.3617499439,0.4018473625
EvDiff,zurich_city_02_a,116,5.8004720000,0116.png,0.0253010122,0.3543466309,0.3900573254
EvDiff,zurich_city_02_a,117,5.8504770000,0117.png,0.0259202775,0.3537751605,0.3954962492
EvDiff,zurich_city_02_a,118,5.9004780000,0118.png,0.0258982892,0.3485243411,0.3967282772
EvDiff,zurich_city_02_a,119,5.9505030000,0119.png,0.0246450588,0.3518291655,0.3913718164
EvDiff,zurich_city_02_a,120,6.0004970000,0120.png,0.0232663832,0.3624671767,0.3985381424
EvDiff,zurich_city_02_a,121,6.0504780000,0121.png,0.0239861484,0.3541002406,0.4041605592
EvDiff,zurich_city_02_a,122,6.1004870000,0122.png,0.0259628142,0.3495281091,0.4014673829
EvDiff,zurich_city_02_a,123,6.1504800000,0123.png,0.0254905691,0.3511332112,0.3969518542
EvDiff,zurich_city_02_a,124,6.2004340000,0124.png,0.0237214393,0.3541645297,0.4029878378
EvDiff,zurich_city_02_a,125,6.2504630000,0125.png,0.0279730072,0.3392123320,0.4132649899
EvDiff,zurich_city_02_a,126,6.3004760000,0126.png,0.0256423814,0.3467697179,0.4038981497
EvDiff,zurich_city_02_a,127,6.3504690000,0127.png,0.0258453669,0.3420865701,0.4053965509
EvDiff,zurich_city_02_a,128,6.4004710000,0128.png,0.0266088257,0.3334127368,0.4215512872
EvDiff,zurich_city_02_a,129,6.4504720000,0129.png,0.0242350720,0.3595794364,0.4044492841
EvDiff,zurich_city_02_a,130,6.5004730000,0130.png,0.0222025994,0.3737843681,0.3989955485
EvDiff,zurich_city_02_a,131,6.5504670000,0131.png,0.0213344933,0.3767060225,0.4015437663
EvDiff,zurich_city_02_a,132,6.6004720000,0132.png,0.0228100017,0.3666292674,0.4100452065
EvDiff,zurich_city_02_a,133,6.6504730000,0133.png,0.0225697693,0.3702642625,0.4088967443
EvDiff,zurich_city_02_a,134,6.7004750000,0134.png,0.0225839766,0.3719706856,0.4011666179
EvDiff,zurich_city_02_a,135,6.7504720000,0135.png,0.0224982913,0.3950613997,0.3989221752
EvDiff,zurich_city_02_a,136,6.8004730000,0136.png,0.0225455856,0.3789729790,0.4155006409
EvDiff,zurich_city_02_a,137,6.8504940000,0137.png,0.0227012901,0.3762660533,0.4145941138
EvDiff,zurich_city_02_a,138,6.9004960000,0138.png,0.0221927072,0.3725081114,0.4170860648
EvDiff,zurich_city_02_a,139,6.9504930000,0139.png,0.0220985375,0.3936213431,0.4049182236
EvDiff,zurich_city_02_a,140,7.0004940000,0140.png,0.0227889352,0.3835812316,0.4004851282
EvDiff,zurich_city_02_a,141,7.0504960000,0141.png,0.0225219328,0.3865307742,0.3991293609
EvDiff,zurich_city_02_a,142,7.1004930000,0142.png,0.0231015269,0.3816479599,0.4018941224
EvDiff,zurich_city_02_a,143,7.1504900000,0143.png,0.0221129791,0.3959389598,0.3982458413
EvDiff,zurich_city_02_a,144,7.2004360000,0144.png,0.0221469808,0.3908537609,0.4039399624
EvDiff,zurich_city_02_a,145,7.2504690000,0145.png,0.0229529280,0.3743847016,0.4159099758
EvDiff,zurich_city_02_a,146,7.3004860000,0146.png,0.0225961072,0.3930296367,0.3988594711
EvDiff,zurich_city_02_a,147,7.3504830000,0147.png,0.0241948939,0.3611835884,0.4136675000
EvDiff,zurich_city_02_a,148,7.4004850000,0148.png,0.0256520988,0.3455620393,0.4092406929
EvDiff,zurich_city_02_a,149,7.4504820000,0149.png,0.0267046529,0.3378835435,0.4247268140
EvDiff,zurich_city_02_a,150,7.5004830000,0150.png,0.0294415454,0.3285821857,0.4309025407
EvDiff,zurich_city_02_a,151,7.5504880000,0151.png,0.0294923338,0.3225689060,0.4334204197
EvDiff,zurich_city_02_a,152,7.6004900000,0152.png,0.0295654229,0.3608440198,0.4189347029
EvDiff,zurich_city_02_a,153,7.6504910000,0153.png,0.0275580943,0.3682988381,0.4237371087
EvDiff,zurich_city_02_a,154,7.7004840000,0154.png,0.0290766850,0.3601534605,0.4218274653
EvDiff,zurich_city_02_a,155,7.7504850000,0155.png,0.0254189816,0.3737236398,0.4146845341
EvDiff,zurich_city_02_a,156,7.8004910000,0156.png,0.0259574068,0.3851346864,0.4103888273
EvDiff,zurich_city_02_a,157,7.8504920000,0157.png,0.0255347687,0.3911695560,0.4108126163
EvDiff,zurich_city_02_a,158,7.9004930000,0158.png,0.0252188202,0.3946073662,0.4061231613
EvDiff,zurich_city_02_a,159,7.9504940000,0159.png,0.0256557125,0.3899709062,0.4047508240
EvDiff,zurich_city_02_a,160,8.0004880000,0160.png,0.0252188678,0.3865002122,0.4147722125
EvDiff,zurich_city_02_a,161,8.0504930000,0161.png,0.0247298511,0.3871009116,0.4100057483
EvDiff,zurich_city_02_a,162,8.1004860000,0162.png,0.0264425261,0.3788268332,0.4115591049
EvDiff,zurich_city_02_a,163,8.1504910000,0163.png,0.0290666573,0.3493122281,0.4254740775
EvDiff,zurich_city_02_a,164,8.2004330000,0164.png,0.0292766341,0.3614748140,0.4194316268
EvDiff,zurich_city_02_a,165,8.2504740000,0165.png,0.0306438076,0.3655156333,0.4232314825
EvDiff,zurich_city_02_a,166,8.3004590000,0166.png,0.0344187357,0.3274241305,0.4411792159
EvDiff,zurich_city_02_a,167,8.3504800000,0167.png,0.0313259145,0.3385981899,0.4345216751
EvDiff,zurich_city_02_a,168,8.4004820000,0168.png,0.0461715118,0.3039641268,0.4552504122
EvDiff,zurich_city_02_a,169,8.4504830000,0169.png,0.0444923690,0.3016308428,0.4601676464
EvDiff,zurich_city_02_a,170,8.5004840000,0170.png,0.0446003128,0.3155170450,0.4644867778
EvDiff,zurich_city_02_a,171,8.5504850000,0171.png,0.0381408607,0.3469711499,0.4477776587
EvDiff,zurich_city_02_a,172,8.6004830000,0172.png,0.0388918192,0.3579657057,0.4555647075
EvDiff,zurich_city_02_a,173,8.6504880000,0173.png,0.0303250052,0.3738267653,0.4577404261
EvDiff,zurich_city_02_a,174,8.7004890000,0174.png,0.0309047333,0.3603482871,0.4373564124
EvDiff,zurich_city_02_a,175,8.7504900000,0175.png,0.0314303509,0.3599012529,0.4453158677
EvDiff,zurich_city_02_a,176,8.8004920000,0176.png,0.0312152685,0.3501073613,0.4444016218
EvDiff,zurich_city_02_a,177,8.8504890000,0177.png,0.0267425751,0.3501926567,0.4327580929
EvDiff,zurich_city_02_a,178,8.9004860000,0178.png,0.0256598423,0.3513782875,0.4219119251
EvDiff,zurich_city_02_a,179,8.9504870000,0179.png,0.0267903885,0.3497677431,0.4115853012
EvDiff,zurich_city_02_a,180,9.0004890000,0180.png,0.0242385978,0.3622493097,0.4019824862
EvDiff,zurich_city_02_a,181,9.0504900000,0181.png,0.0237308987,0.3692373233,0.3862581849
EvDiff,zurich_city_02_a,182,9.1004910000,0182.png,0.0260475892,0.3464988246,0.4006707668
EvDiff,zurich_city_02_a,183,9.1504880000,0183.png,0.0250171339,0.3484321438,0.3984679878
EvDiff,zurich_city_02_a,184,9.2004340000,0184.png,0.0257820710,0.3410649078,0.3905965090
EvDiff,zurich_city_02_a,185,9.2504670000,0185.png,0.0263896526,0.3387506641,0.3952449560
EvDiff,zurich_city_02_a,186,9.3004840000,0186.png,0.0242380733,0.3549235873,0.3995890021
EvDiff,zurich_city_02_a,187,9.3504810000,0187.png,0.0258805587,0.3479218730,0.3950463533
EvDiff,zurich_city_02_a,188,9.4004830000,0188.png,0.0279986728,0.3362720880,0.3999733925
EvDiff,zurich_city_02_a,189,9.4504800000,0189.png,0.0278078987,0.3346544043,0.4016615450
EvDiff,zurich_city_02_a,190,9.5004810000,0190.png,0.0267553881,0.3530415634,0.4087432623
EvDiff,zurich_city_02_a,191,9.5504820000,0191.png,0.0283202733,0.3510392739,0.3980565071
EvDiff,zurich_city_02_a,192,9.6004840000,0192.png,0.0317724400,0.3347659018,0.4041341245
EvDiff,zurich_city_02_a,193,9.6504850000,0193.png,0.0367701627,0.3049663955,0.4289416969
EvDiff,zurich_city_02_a,194,9.7004860000,0194.png,0.0363858749,0.3099383676,0.4320101738
EvDiff,zurich_city_02_a,195,9.7504830000,0195.png,0.0487667199,0.2713517199,0.4434134364
EvDiff,zurich_city_02_a,196,9.8004850000,0196.png,0.0383965511,0.2983231447,0.4260094166
EvDiff,zurich_city_02_a,197,9.8504900000,0197.png,0.0494974129,0.2630477884,0.4405409694
EvDiff,zurich_city_02_a,198,9.9004910000,0198.png,0.0489231026,0.2639013628,0.4416002929
EvDiff,zurich_city_02_a,199,9.9504920000,0199.png,0.0514977404,0.2663118423,0.4441422522
EvDiff,zurich_city_02_a,200,10.0004940000,0200.png,0.0615462213,0.2402388725,0.4573877156
EvDiff,zurich_city_02_a,201,10.0504910000,0201.png,0.0432654364,0.2850175440,0.4321716428
EvDiff,zurich_city_02_a,202,10.1004800000,0202.png,0.0650083665,0.2309276850,0.4726299942
EvDiff,zurich_city_02_a,203,10.1504970000,0203.png,0.0531999899,0.2642899306,0.4396439493
EvDiff,zurich_city_02_a,204,10.2004350000,0204.png,0.0594558582,0.2353990318,0.4634913802
EvDiff,zurich_city_02_a,205,10.2504720000,0205.png,0.0427894091,0.2935109612,0.4334574342
EvDiff,zurich_city_02_a,206,10.3004810000,0206.png,0.0351695951,0.3041120151,0.4275554419
EvDiff,zurich_city_02_a,207,10.3504780000,0207.png,0.0397648575,0.2940946755,0.4294185638
EvDiff,zurich_city_02_a,208,10.4004840000,0208.png,0.0339479655,0.3083682530,0.4200019240
EvDiff,zurich_city_02_a,209,10.4504650000,0209.png,0.0359465154,0.3038440364,0.4188737869
EvDiff,zurich_city_02_a,210,10.5004660000,0210.png,0.0371570899,0.2991851203,0.4212181270
EvDiff,zurich_city_02_a,211,10.5504680000,0211.png,0.0387381128,0.2984682814,0.4221445620
EvDiff,zurich_city_02_a,212,10.6004890000,0212.png,0.0347975489,0.3103449113,0.4169617295
EvDiff,zurich_city_02_a,213,10.6504700000,0213.png,0.0343035384,0.3095236268,0.4210940003
EvDiff,zurich_city_02_a,214,10.7004720000,0214.png,0.0379196471,0.3027658017,0.4225654304
EvDiff,zurich_city_02_a,215,10.7504770000,0215.png,0.0355175579,0.3134210842,0.4208466113
EvDiff,zurich_city_02_a,216,10.8004780000,0216.png,0.0358858419,0.3177358914,0.4151608646
EvDiff,zurich_city_02_a,217,10.8504790000,0217.png,0.0360225528,0.3188902133,0.4167936444
EvDiff,zurich_city_02_a,218,10.9004770000,0218.png,0.0377720133,0.3121976940,0.4284233451
EvDiff,zurich_city_02_a,219,10.9504780000,0219.png,0.0387447817,0.3129359582,0.4247052073
EvDiff,zurich_city_02_a,220,11.0004790000,0220.png,0.0383527544,0.3172857960,0.4173545837
EvDiff,zurich_city_02_a,221,11.0504850000,0221.png,0.0395229691,0.3172201185,0.4188194275
EvDiff,zurich_city_02_a,222,11.1004900000,0222.png,0.0401521823,0.3137405207,0.4244989157
EvDiff,zurich_city_02_a,223,11.1505070000,0223.png,0.0432836391,0.3125220883,0.4228359461
EvDiff,zurich_city_02_a,224,11.2004370000,0224.png,0.0426641708,0.2993152098,0.4371635616
EvDiff,zurich_city_02_a,225,11.2504740000,0225.png,0.0404667967,0.3060875613,0.4269457161
EvDiff,zurich_city_02_a,226,11.3004670000,0226.png,0.0417480736,0.3013246061,0.4256015420
EvDiff,zurich_city_02_a,227,11.3504640000,0227.png,0.0441889200,0.2925650953,0.4273214042
EvDiff,zurich_city_02_a,228,11.4004700000,0228.png,0.0491119887,0.2774106553,0.4316774905
EvDiff,zurich_city_02_a,229,11.4504670000,0229.png,0.0538302518,0.2685876849,0.4439592361
EvDiff,zurich_city_02_a,230,11.5004680000,0230.png,0.0504123460,0.2781320531,0.4441185892
EvDiff,zurich_city_02_a,231,11.5504730000,0231.png,0.0474176835,0.2771415309,0.4564976096
EvDiff,zurich_city_02_a,232,11.6004750000,0232.png,0.0524626179,0.2650375791,0.4600879550
EvDiff,zurich_city_02_a,233,11.6504760000,0233.png,0.0496436951,0.2782242073,0.4444780946
EvDiff,zurich_city_04_b,0,0.0002800000,0000.png,0.0520515745,0.4414866963,0.6320469975
EvDiff,zurich_city_04_b,1,0.0502595000,0001.png,0.0430805295,0.3654735266,0.4486044049
EvDiff,zurich_city_04_b,2,0.1002525000,0002.png,0.0519574632,0.3551427381,0.4390365481
EvDiff,zurich_city_04_b,3,0.1502640000,0003.png,0.0445208249,0.3753265729,0.4082881212
EvDiff,zurich_city_04_b,4,0.2002545000,0004.png,0.0399155012,0.3926734031,0.4070348740
EvDiff,zurich_city_04_b,5,0.2502475000,0005.png,0.0371344441,0.3939417792,0.3903924227
EvDiff,zurich_city_04_b,6,0.3002615000,0006.png,0.0366485463,0.3844316692,0.3860422969
EvDiff,zurich_city_04_b,7,0.3502545000,0007.png,0.0381244091,0.3810482289,0.3792817593
EvDiff,zurich_city_04_b,8,0.4002475000,0008.png,0.0382826873,0.3775372200,0.3681696653
EvDiff,zurich_city_04_b,9,0.4502685000,0009.png,0.0359734392,0.3844016769,0.3577897549
EvDiff,zurich_city_04_b,10,0.5002625000,0010.png,0.0381514858,0.3763126147,0.3772607148
EvDiff,zurich_city_04_b,11,0.5502595000,0011.png,0.0361293518,0.3914571926,0.3805054426
EvDiff,zurich_city_04_b,12,0.6002685000,0012.png,0.0398438276,0.3810817419,0.3801484704
EvDiff,zurich_city_04_b,13,0.6502615000,0013.png,0.0385238069,0.3794137728,0.3773190677
EvDiff,zurich_city_04_b,14,0.7002035000,0014.png,0.0406294207,0.3758259422,0.3780769706
EvDiff,zurich_city_04_b,15,0.7502285000,0015.png,0.0428628374,0.3720530341,0.3655156195
EvDiff,zurich_city_04_b,16,0.8002335000,0016.png,0.0383101731,0.3818708230,0.3305751681
EvDiff,zurich_city_04_b,17,0.8502425000,0017.png,0.0366732254,0.3914223106,0.3293361366
EvDiff,zurich_city_04_b,18,0.9002375000,0018.png,0.0354834737,0.3926692622,0.3307839036
EvDiff,zurich_city_04_b,19,0.9502600000,0019.png,0.0328375783,0.4012906973,0.3229306936
EvDiff,zurich_city_04_b,20,1.0002585000,0020.png,0.0335229136,0.3937862761,0.3177751005
EvDiff,zurich_city_04_b,21,1.0502605000,0021.png,0.0354680880,0.3988438123,0.3067163825
EvDiff,zurich_city_04_b,22,1.1002840000,0022.png,0.0325242114,0.4190692635,0.2810145915
EvDiff,zurich_city_04_b,23,1.1502745000,0023.png,0.0311411309,0.4202830951,0.2879205048
EvDiff,zurich_city_04_b,24,1.2002635000,0024.png,0.0326840988,0.4096551399,0.2995993495
EvDiff,zurich_city_04_b,25,1.2502805000,0025.png,0.0330777382,0.4063524618,0.3051443100
EvDiff,zurich_city_04_b,26,1.3002745000,0026.png,0.0333700926,0.4098099217,0.3130191863
EvDiff,zurich_city_04_b,27,1.3502715000,0027.png,0.0340371509,0.4062071304,0.3129191697
EvDiff,zurich_city_04_b,28,1.4002885000,0028.png,0.0367627904,0.4038946225,0.3231257796
EvDiff,zurich_city_04_b,29,1.4502815000,0029.png,0.0346991081,0.4110118450,0.2844473422
EvDiff,zurich_city_04_b,30,1.5002715000,0030.png,0.0334697388,0.4041405257,0.2800236344
EvDiff,zurich_city_04_b,31,1.5502845000,0031.png,0.0330086484,0.4070552482,0.2893080711
EvDiff,zurich_city_04_b,32,1.6002815000,0032.png,0.0385381380,0.3868971986,0.3159500360
EvDiff,zurich_city_04_b,33,1.6502825000,0033.png,0.0359066985,0.3937830501,0.3251088858
EvDiff,zurich_city_04_b,34,1.7002295000,0034.png,0.0368511317,0.3934730207,0.3277225196
EvDiff,zurich_city_04_b,35,1.7502775000,0035.png,0.0337069289,0.4018022466,0.3246129453
EvDiff,zurich_city_04_b,36,1.8002555000,0036.png,0.0313119690,0.4093655165,0.3173843026
EvDiff,zurich_city_04_b,37,1.8502685000,0037.png,0.0338443646,0.4091996769,0.3284833133
EvDiff,zurich_city_04_b,38,1.9002625000,0038.png,0.0304894632,0.4150844582,0.3256656528
EvDiff,zurich_city_04_b,39,1.9502650000,0039.png,0.0317373418,0.4178279979,0.3357960880
EvDiff,zurich_city_04_b,40,2.0002845000,0040.png,0.0364689298,0.4074521387,0.3216590881
EvDiff,zurich_city_04_b,41,2.0502710000,0041.png,0.0393755358,0.4044003354,0.3082868159
EvDiff,zurich_city_04_b,42,2.1002970000,0042.png,0.0405629927,0.3974559251,0.3164416254
EvDiff,zurich_city_04_b,43,2.1502930000,0043.png,0.0450256055,0.3838573488,0.3319900632
EvDiff,zurich_city_04_b,44,2.2002910000,0044.png,0.0420862757,0.3911272841,0.3414288163
EvDiff,zurich_city_04_b,45,2.2503110000,0045.png,0.0433345983,0.3865984719,0.3380587697
EvDiff,zurich_city_04_b,46,2.3003090000,0046.png,0.0416513311,0.3921613583,0.3348390460
EvDiff,zurich_city_04_b,47,2.3502980000,0047.png,0.0352711546,0.4029136808,0.3264145553
EvDiff,zurich_city_04_b,48,2.4003150000,0048.png,0.0382860572,0.3942335741,0.3345632255
EvDiff,zurich_city_04_b,49,2.4503080000,0049.png,0.0427163097,0.3849584088,0.3407528400
EvDiff,zurich_city_04_b,50,2.5003060000,0050.png,0.0435433697,0.3801231943,0.3476538062
EvDiff,zurich_city_04_b,51,2.5502990000,0051.png,0.0339395208,0.3982513113,0.3377958238
EvDiff,zurich_city_04_b,52,2.6003120000,0052.png,0.0344881968,0.4021194162,0.3393225074
EvDiff,zurich_city_04_b,53,2.6503050000,0053.png,0.0317823090,0.4081761913,0.3286552429
EvDiff,zurich_city_04_b,54,2.7002550000,0054.png,0.0278765401,0.4221099486,0.2940319180
EvDiff,zurich_city_04_b,55,2.7502840000,0055.png,0.0266601908,0.4237547309,0.2915918231
EvDiff,zurich_city_04_b,56,2.8002890000,0056.png,0.0253269525,0.4339985842,0.2885949910
EvDiff,zurich_city_04_b,57,2.8503020000,0057.png,0.0208762352,0.4513162508,0.2772181928
EvDiff,zurich_city_04_b,58,2.9002920000,0058.png,0.0253086114,0.4331304747,0.2922760844
EvDiff,zurich_city_04_b,59,2.9502940000,0059.png,0.0241867062,0.4365357846,0.2912703454
EvDiff,zurich_city_04_b,60,3.0003140000,0060.png,0.0269522734,0.4214915041,0.3064435124
EvDiff,zurich_city_04_b,61,3.0503070000,0061.png,0.0303529352,0.4152209591,0.3153618574
EvDiff,zurich_city_04_b,62,3.1003050000,0062.png,0.0292132830,0.4235423059,0.3130428791
EvDiff,zurich_city_04_b,63,3.1503020000,0063.png,0.0314677267,0.4128537785,0.3100022674
EvDiff,zurich_city_04_b,64,3.2003150000,0064.png,0.0280187658,0.4212315098,0.3076624274
EvDiff,zurich_city_04_b,65,3.2503120000,0065.png,0.0233530904,0.4301702388,0.3022695780
EvDiff,zurich_city_04_b,66,3.3003100000,0066.png,0.0256969892,0.4241805888,0.3000145853
EvDiff,zurich_city_04_b,67,3.3503030000,0067.png,0.0293498842,0.4164881893,0.3006694019
EvDiff,zurich_city_04_b,68,3.4003200000,0068.png,0.0284179670,0.4222277116,0.2985139191
EvDiff,zurich_city_04_b,69,3.4503170000,0069.png,0.0276663781,0.4334363791,0.3039119840
EvDiff,zurich_city_04_b,70,3.5003270000,0070.png,0.0280340354,0.4228055322,0.3025568128
EvDiff,zurich_city_04_b,71,3.5503160000,0071.png,0.0291192944,0.4171662764,0.2977803946
EvDiff,zurich_city_04_b,72,3.6003090000,0072.png,0.0326859465,0.4075623668,0.2950513661
EvDiff,zurich_city_04_b,73,3.6503100000,0073.png,0.0363674886,0.4075094963,0.3064725399
EvDiff,zurich_city_04_b,74,3.7002640000,0074.png,0.0335405412,0.4133762690,0.3073596954
EvDiff,zurich_city_04_b,75,3.7503130000,0075.png,0.0326072805,0.4185614375,0.3149842918
EvDiff,zurich_city_04_b,76,3.8002900000,0076.png,0.0328253074,0.4175111711,0.3141265810
EvDiff,zurich_city_04_b,77,3.8502990000,0077.png,0.0311940501,0.4198648289,0.2905853093
EvDiff,zurich_city_04_b,78,3.9002970000,0078.png,0.0312717658,0.4202917146,0.2922599018
EvDiff,zurich_city_04_b,79,3.9503140000,0079.png,0.0339393074,0.4089619563,0.3029859066
EvDiff,zurich_city_04_b,80,4.0003110000,0080.png,0.0334604650,0.4119463679,0.3077045083
EvDiff,zurich_city_04_b,81,4.0503000000,0081.png,0.0254580842,0.4403024906,0.2857853174
EvDiff,zurich_city_04_b,82,4.1003180000,0082.png,0.0279758551,0.4493640831,0.2945036590
EvDiff,zurich_city_04_b,83,4.1503110000,0083.png,0.0237365536,0.4502484938,0.2894469500
EvDiff,zurich_city_04_b,84,4.2003040000,0084.png,0.0249428393,0.4429466826,0.2971914411
EvDiff,zurich_city_04_b,85,4.2503010000,0085.png,0.0239051068,0.4483730291,0.2900638282
EvDiff,zurich_city_04_b,86,4.3003190000,0086.png,0.0251737293,0.4417053954,0.2990210354
EvDiff,zurich_city_04_b,87,4.3503080000,0087.png,0.0276652295,0.4367292752,0.3031261563
EvDiff,zurich_city_04_b,88,4.4003250000,0088.png,0.0230523409,0.4462571317,0.2981263697
EvDiff,zurich_city_04_b,89,4.4503220000,0089.png,0.0232464778,0.4559902887,0.2889211774
EvDiff,zurich_city_04_b,90,4.5003160000,0090.png,0.0246772889,0.4387616469,0.2991902828
EvDiff,zurich_city_04_b,91,4.5503210000,0091.png,0.0236688931,0.4480950243,0.2904387712
EvDiff,zurich_city_04_b,92,4.6003300000,0092.png,0.0227328117,0.4429695405,0.2948509455
EvDiff,zurich_city_04_b,93,4.6503150000,0093.png,0.0242710796,0.4377886452,0.2948081791
EvDiff,zurich_city_04_b,94,4.7002610000,0094.png,0.0236290178,0.4372599633,0.3051385880
EvDiff,zurich_city_04_b,95,4.7502900000,0095.png,0.0236151306,0.4422497103,0.3082145154
EvDiff,zurich_city_04_b,96,4.8002950000,0096.png,0.0268254444,0.4385208700,0.3051564097
EvDiff,zurich_city_04_b,97,4.8503120000,0097.png,0.0272670604,0.4266568466,0.3093588948
EvDiff,zurich_city_04_b,98,4.9003060000,0098.png,0.0320405118,0.4051941921,0.3273843527
EvDiff,zurich_city_04_b,99,4.9502950000,0099.png,0.0314913497,0.4010682822,0.3132912517
EvDiff,zurich_city_04_b,100,5.0003120000,0100.png,0.0318729500,0.4007391774,0.3241304159
EvDiff,zurich_city_04_b,101,5.0503010000,0101.png,0.0327884056,0.3947720942,0.3368824720
EvDiff,zurich_city_04_b,102,5.1002990000,0102.png,0.0327297720,0.4005465654,0.3327333629
EvDiff,zurich_city_04_b,103,5.1503160000,0103.png,0.0382281481,0.3865680564,0.3358222246
EvDiff,zurich_city_04_b,104,5.2003090000,0104.png,0.0333927378,0.4023157126,0.3184874952
EvDiff,zurich_city_04_b,105,5.2502980000,0105.png,0.0362363420,0.4041998811,0.3301873207
EvDiff,zurich_city_04_b,106,5.3003160000,0106.png,0.0355139972,0.4071459513,0.3320955932
EvDiff,zurich_city_04_b,107,5.3503130000,0107.png,0.0315822766,0.4144363031,0.3265826702
EvDiff,zurich_city_04_b,108,5.4003060000,0108.png,0.0364299696,0.3992660443,0.3305644095
EvDiff,zurich_city_04_b,109,5.4503230000,0109.png,0.0279880160,0.4304112793,0.3132134378
EvDiff,zurich_city_04_b,110,5.5003130000,0110.png,0.0279690875,0.4192552842,0.3024758101
EvDiff,zurich_city_04_b,111,5.5503100000,0111.png,0.0220295111,0.4395431602,0.2847864926
EvDiff,zurich_city_04_b,112,5.6003230000,0112.png,0.0268969423,0.4134861650,0.2938728333
EvDiff,zurich_city_04_b,113,5.6503240000,0113.png,0.0283049060,0.4095562806,0.2990072072
EvDiff,zurich_city_04_b,114,5.7002620000,0114.png,0.0429762760,0.3628981368,0.3175988495
EvDiff,zurich_city_04_b,115,5.7502910000,0115.png,0.0322638124,0.3907933777,0.3091940880
EvDiff,zurich_city_04_b,116,5.8002920000,0116.png,0.0347368688,0.3782784066,0.3181740344
EvDiff,zurich_city_04_b,117,5.8503010000,0117.png,0.0352617065,0.3804253466,0.3205070496
EvDiff,zurich_city_04_b,118,5.9002990000,0118.png,0.0318628662,0.3869231444,0.3189746737
EvDiff,zurich_city_04_b,119,5.9502960000,0119.png,0.0329428099,0.3824282413,0.3130691051
EvDiff,zurich_city_04_b,120,6.0003130000,0120.png,0.0310877701,0.3853665325,0.3041266799
EvDiff,zurich_city_04_b,121,6.0503060000,0121.png,0.0284653753,0.3918193625,0.2918199897
EvDiff,zurich_city_04_b,122,6.1002960000,0122.png,0.0296676817,0.3938178898,0.3001100421
EvDiff,zurich_city_04_b,123,6.1503130000,0123.png,0.0384705589,0.3647812483,0.3188189268
EvDiff,zurich_city_04_b,124,6.2003060000,0124.png,0.0379842866,0.3610156504,0.3187698722
EvDiff,zurich_city_04_b,125,6.2503030000,0125.png,0.0377186109,0.3618320524,0.3186436594
EvDiff,zurich_city_04_b,126,6.3003210000,0126.png,0.0346694058,0.3685497674,0.3163853586
EvDiff,zurich_city_04_b,127,6.3503125000,0127.png,0.0325829239,0.3761044023,0.3135628104
EvDiff,zurich_city_04_b,128,6.4002960000,0128.png,0.0312725509,0.3782168981,0.3091526330
EvDiff,zurich_city_04_b,129,6.4502880000,0129.png,0.0322643336,0.3776652573,0.3088535666
EvDiff,zurich_city_04_b,130,6.5003005000,0130.png,0.0304194257,0.3812683700,0.2996786535
EvDiff,zurich_city_04_b,131,6.5502920000,0131.png,0.0268941881,0.3984770424,0.2929977179
EvDiff,zurich_city_04_b,132,6.6002755000,0132.png,0.0267111260,0.3958101401,0.2832061052
EvDiff,zurich_city_04_b,133,6.6502915000,0133.png,0.0255384626,0.3950082186,0.2879035771
EvDiff,zurich_city_04_b,134,6.7002200000,0134.png,0.0267540295,0.3828723663,0.2922629416
EvDiff,zurich_city_04_b,135,6.7502410000,0135.png,0.0267607889,0.3841582572,0.2894974053
EvDiff,zurich_city_04_b,136,6.8002340000,0136.png,0.0285814087,0.3794369385,0.2939845324
EvDiff,zurich_city_04_b,137,6.8502390000,0137.png,0.0299951147,0.3644069979,0.2951799333
EvDiff,zurich_city_04_b,138,6.9002290000,0138.png,0.0323229774,0.3614200625,0.3014877737
EvDiff,zurich_city_04_b,139,6.9502125000,0139.png,0.0274503976,0.3640413559,0.2933206260
EvDiff,zurich_city_04_b,140,7.0002215000,0140.png,0.0266244520,0.3574700600,0.2976521850
EvDiff,zurich_city_04_b,141,7.0502090000,0141.png,0.0247925440,0.3579550686,0.2943994701
EvDiff,zurich_city_04_b,142,7.1002060000,0142.png,0.0282650383,0.3408184631,0.2949640751
EvDiff,zurich_city_04_b,143,7.1502200000,0143.png,0.0268387478,0.3505138627,0.2834309340
EvDiff,zurich_city_04_b,144,7.2002170000,0144.png,0.0238334249,0.3563063691,0.2827154398
EvDiff,zurich_city_04_b,145,7.2502260000,0145.png,0.0245835567,0.3569662499,0.2821624279
EvDiff,zurich_city_04_b,146,7.3002200000,0146.png,0.0237937228,0.3644232354,0.2809928656
EvDiff,zurich_city_04_b,147,7.3502170000,0147.png,0.0247694497,0.3618222386,0.2816100717
EvDiff,zurich_city_04_b,148,7.4002140000,0148.png,0.0268812326,0.3580128449,0.2834390104
EvDiff,zurich_city_04_b,149,7.4502310000,0149.png,0.0280759221,0.3585589983,0.2819975615
EvDiff,zurich_city_04_b,150,7.5002250000,0150.png,0.0300555854,0.3545967736,0.2892788053
EvDiff,zurich_city_04_b,151,7.5502355000,0151.png,0.0344356276,0.3457871359,0.2884470820
EvDiff,zurich_city_04_b,152,7.6002275000,0152.png,0.0391636614,0.3336152514,0.2873303294
EvDiff,zurich_city_04_b,153,7.6502445000,0153.png,0.0393929321,0.3355314886,0.2866777778
EvDiff,zurich_city_04_b,154,7.7001905000,0154.png,0.0401504798,0.3326772590,0.2809552848
EvDiff,zurich_city_04_b,155,7.7502235000,0155.png,0.0411582264,0.3332306062,0.2885367870
EvDiff,zurich_city_04_b,156,7.8002630000,0156.png,0.0395033358,0.3332943817,0.2859365940
EvDiff,zurich_city_04_b,157,7.8502545000,0157.png,0.0364105624,0.3308530413,0.2821065784
EvDiff,zurich_city_04_b,158,7.9002635000,0158.png,0.0365848321,0.3243427988,0.2819426656
EvDiff,zurich_city_04_b,159,7.9502710000,0159.png,0.0343106468,0.3254207576,0.2833417952
EvDiff,zurich_city_04_b,160,8.0002990000,0160.png,0.0354531628,0.3237038379,0.2908329368
EvDiff,zurich_city_04_b,161,8.0503120000,0161.png,0.0396824627,0.3072539195,0.2903375328
EvDiff,zurich_city_04_b,162,8.1003150000,0162.png,0.0407086883,0.3108580021,0.2925524116
EvDiff,zurich_city_04_b,163,8.1503510000,0163.png,0.0421467406,0.3096616603,0.2890304327
EvDiff,zurich_city_04_b,164,8.2003655000,0164.png,0.0413445046,0.3090829198,0.3008589745
EvDiff,zurich_city_04_b,165,8.2503865000,0165.png,0.0391207732,0.3166940020,0.2945209444
EvDiff,zurich_city_04_b,166,8.3004285000,0166.png,0.0401302732,0.3126084575,0.2974252999
EvDiff,zurich_city_04_b,167,8.3504480000,0167.png,0.0403389488,0.3154570143,0.2992397547
EvDiff,zurich_city_04_b,168,8.4004640000,0168.png,0.0382837832,0.3160847574,0.3050026894
EvDiff,zurich_city_04_b,169,8.4505105000,0169.png,0.0386123471,0.3096103060,0.2972939610
EvDiff,zurich_city_04_b,170,8.5005365000,0170.png,0.0377279576,0.3062376228,0.2984923124
EvDiff,zurich_city_04_b,171,8.5505585000,0171.png,0.0383699333,0.3053131999,0.2983080149
EvDiff,zurich_city_04_b,172,8.6005960000,0172.png,0.0378443655,0.3013674749,0.3016412258
EvDiff,zurich_city_04_b,173,8.6506115000,0173.png,0.0382416444,0.2972518944,0.3018742204
EvDiff,zurich_city_04_b,174,8.7005735000,0174.png,0.0339546588,0.3025996018,0.2983798981
EvDiff,zurich_city_04_b,175,8.7506090000,0175.png,0.0335196433,0.2951508840,0.3084874451
EvDiff,zurich_city_04_b,176,8.8006250000,0176.png,0.0339322576,0.2929040615,0.3064561486
EvDiff,zurich_city_04_b,177,8.8506485000,0177.png,0.0357719854,0.2905810932,0.3129628301
EvDiff,zurich_city_04_b,178,8.9006600000,0178.png,0.0346746046,0.2863303486,0.3182015419
EvDiff,zurich_city_04_b,179,8.9506665000,0179.png,0.0307762824,0.2979818125,0.3191687763
EvDiff,zurich_city_04_b,180,9.0006955000,0180.png,0.0319152027,0.2979989277,0.3128082156
EvDiff,zurich_city_04_b,181,9.0507085000,0181.png,0.0287692664,0.3055042010,0.3112241030
EvDiff,zurich_city_04_b,182,9.1007210000,0182.png,0.0324455757,0.2930587735,0.3141515553
EvDiff,zurich_city_04_b,183,9.1507540000,0183.png,0.0332476097,0.2987370542,0.3119923770
EvDiff,zurich_city_04_b,184,9.2007670000,0184.png,0.0360990896,0.2971959001,0.3140133917
EvDiff,zurich_city_04_b,185,9.2507720000,0185.png,0.0352510843,0.3016448323,0.3093234599
EvDiff,zurich_city_04_b,186,9.3008065000,0186.png,0.0380879692,0.2944256559,0.3025991619
EvDiff,zurich_city_04_b,187,9.3508155000,0187.png,0.0345881423,0.2978564791,0.2983583808
EvDiff,zurich_city_04_b,188,9.4008285000,0188.png,0.0348130204,0.2986569847,0.2984901667
EvDiff,zurich_city_04_b,189,9.4508345000,0189.png,0.0401733293,0.2764127413,0.3101224303
EvDiff,zurich_city_04_b,190,9.5008645000,0190.png,0.0430152363,0.2780529686,0.3199399710
EvDiff,zurich_city_04_b,191,9.5508540000,0191.png,0.0426383915,0.2791156253,0.3129715025
EvDiff,zurich_city_04_b,192,9.6008790000,0192.png,0.0439991504,0.2828166734,0.3137964308
EvDiff,zurich_city_04_b,193,9.6508745000,0193.png,0.0420179113,0.2852557618,0.3119056523
EvDiff,zurich_city_04_b,194,9.7008420000,0194.png,0.0436087201,0.2787050840,0.3243445158
EvDiff,zurich_city_04_b,195,9.7508830000,0195.png,0.0495791920,0.2657596581,0.3345210552
EvDiff,zurich_city_04_b,196,9.8008960000,0196.png,0.0489307428,0.2719777965,0.3389832675
EvDiff,zurich_city_04_b,197,9.8509090000,0197.png,0.0513773552,0.2672766671,0.3398755193
EvDiff,zurich_city_04_b,198,9.9009150000,0198.png,0.0512836810,0.2663385963,0.3375828564
EvDiff,zurich_city_04_b,199,9.9509160000,0199.png,0.0483787164,0.2671427376,0.3380836248
EvDiff,zurich_city_04_b,200,10.0009410000,0200.png,0.0469145926,0.2716082589,0.3451822102
EvDiff,zurich_city_04_b,201,10.0509445000,0201.png,0.0475266254,0.2703504725,0.3422377408
EvDiff,zurich_city_04_b,202,10.1009535000,0202.png,0.0468504014,0.2680929350,0.3482640982
EvDiff,zurich_city_04_b,203,10.1509755000,0203.png,0.0470124835,0.2759741738,0.3374970257
EvDiff,zurich_city_04_b,204,10.2009795000,0204.png,0.0458494238,0.2747274310,0.3443746567
EvDiff,zurich_city_04_b,205,10.2509900000,0205.png,0.0467116970,0.2777642579,0.3375747204
EvDiff,zurich_city_04_b,206,10.3010240000,0206.png,0.0453058821,0.2791258556,0.3428168893
EvDiff,zurich_city_04_b,207,10.3510330000,0207.png,0.0413029252,0.2790676392,0.3342152536
EvDiff,zurich_city_04_b,208,10.4010420000,0208.png,0.0439047492,0.2706010154,0.3353083134
EvDiff,zurich_city_04_b,209,10.4510655000,0209.png,0.0455151942,0.2659142571,0.3385009170
EvDiff,zurich_city_04_b,210,10.5010690000,0210.png,0.0452835292,0.2662778432,0.3458372056
EvDiff,zurich_city_04_b,211,10.5510635000,0211.png,0.0417611782,0.2679381934,0.3366732001
EvDiff,zurich_city_04_b,212,10.6010735000,0212.png,0.0400000991,0.2659857793,0.3422095478
EvDiff,zurich_city_04_b,213,10.6510785000,0213.png,0.0401849475,0.2631679234,0.3435295522
EvDiff,zurich_city_04_b,214,10.7010165000,0214.png,0.0400513959,0.2644545758,0.3388480842
EvDiff,zurich_city_04_b,215,10.7510415000,0215.png,0.0426695436,0.2624265116,0.3510633707
EvDiff,zurich_city_04_b,216,10.8010465000,0216.png,0.0398755063,0.2664326793,0.3515093327
EvDiff,zurich_city_04_b,217,10.8510595000,0217.png,0.0430756107,0.2629267063,0.3703145683
EvDiff,zurich_city_04_b,218,10.9010575000,0218.png,0.0415145784,0.2581019605,0.3668535948
EvDiff,zurich_city_04_b,219,10.9510505000,0219.png,0.0444807598,0.2540588332,0.3736596406
EvDiff,zurich_city_04_b,220,11.0010500000,0220.png,0.0461563246,0.2614651957,0.3876846433
EvDiff,zurich_city_04_b,221,11.0510350000,0221.png,0.0453782017,0.2714477062,0.3640752435
EvDiff,zurich_city_04_b,222,11.1010240000,0222.png,0.0454340873,0.2789704105,0.3544862270
EvDiff,zurich_city_04_b,223,11.1510370000,0223.png,0.0456601111,0.2682528038,0.3556954563
EvDiff,zurich_city_04_b,224,11.2010245000,0224.png,0.0477479844,0.2761240022,0.3499407768
EvDiff,zurich_city_04_b,225,11.2510200000,0225.png,0.0459237539,0.2832443867,0.3448990583
EvDiff,zurich_city_04_b,226,11.3010340000,0226.png,0.0470536743,0.2853809062,0.3394574821
EvDiff,zurich_city_04_b,227,11.3510270000,0227.png,0.0496296893,0.2736573627,0.3425573707
EvDiff,zurich_city_04_b,228,11.4010240000,0228.png,0.0489122828,0.2850096529,0.3363757432
EvDiff,zurich_city_04_b,229,11.4510410000,0229.png,0.0443683740,0.3133554783,0.3213978112
EvDiff,zurich_city_04_b,230,11.5010350000,0230.png,0.0452263715,0.3160375874,0.3157859743
EvDiff,zurich_city_04_b,231,11.5510440000,0231.png,0.0469733211,0.3115335834,0.3256634772
EvDiff,zurich_city_04_b,232,11.6010290000,0232.png,0.0490271422,0.3043874348,0.3330378830
EvDiff,zurich_city_04_b,233,11.6510340000,0233.png,0.0517611361,0.2992769052,0.3391852975
EvDiff,zurich_city_04_b,234,11.7009800000,0234.png,0.0506423863,0.2968360964,0.3512343466
EvDiff,zurich_city_04_b,235,11.7510160000,0235.png,0.0510208987,0.2933524171,0.3496528566
EvDiff,zurich_city_04_b,236,11.8010315000,0236.png,0.0497935565,0.2953828971,0.3576899767
EvDiff,zurich_city_04_b,237,11.8510420000,0237.png,0.0475690091,0.2879547945,0.3566199839
EvDiff,zurich_city_04_b,238,11.9010370000,0238.png,0.0480069017,0.2901534232,0.3565101922
EvDiff,zurich_city_04_b,239,11.9510540000,0239.png,0.0478723162,0.2892036659,0.3659156859
EvDiff,zurich_city_04_b,240,12.0010470000,0240.png,0.0494587582,0.2930554483,0.3611149192
EvDiff,zurich_city_04_b,241,12.0510440000,0241.png,0.0470173613,0.2886367366,0.3569121361
EvDiff,zurich_city_04_b,242,12.1010380000,0242.png,0.0452782723,0.3006979019,0.3582629859
EvDiff,zurich_city_04_b,243,12.1510550000,0243.png,0.0462277705,0.3002477607,0.3565579355
EvDiff,zurich_city_04_b,244,12.2010480000,0244.png,0.0446169267,0.3050588821,0.3570168018
EvDiff,zurich_city_04_b,245,12.2510450000,0245.png,0.0485911795,0.3035559004,0.3650943637
EvDiff,zurich_city_04_b,246,12.3010630000,0246.png,0.0480358845,0.3095001036,0.3681990504
EvDiff,zurich_city_04_b,247,12.3510455000,0247.png,0.0441204431,0.3168759408,0.3554874361
EvDiff,zurich_city_04_b,248,12.4010305000,0248.png,0.0462894390,0.3314035242,0.3544154167
EvDiff,zurich_city_04_b,249,12.4510300000,0249.png,0.0443782784,0.3283810026,0.3510363400
EvDiff,zurich_city_04_b,250,12.5010135000,0250.png,0.0466389887,0.3264770189,0.3519323170
EvDiff,zurich_city_04_b,251,12.5509970000,0251.png,0.0498841666,0.3155153179,0.3458912373
EvDiff,zurich_city_04_b,252,12.6009995000,0252.png,0.0509858545,0.3163878003,0.3499195576
EvDiff,zurich_city_04_b,253,12.6509885000,0253.png,0.0499673051,0.3168031279,0.3386563659
EvDiff,zurich_city_04_b,254,12.7009155000,0254.png,0.0510044665,0.3194797569,0.3391972482
EvDiff,zurich_city_04_b,255,12.7509325000,0255.png,0.0496090600,0.3284774179,0.3383561671
EvDiff,zurich_city_04_b,256,12.8009310000,0256.png,0.0491530409,0.3411176447,0.3317376077
EvDiff,zurich_city_04_b,257,12.8509360000,0257.png,0.0483638182,0.3470339703,0.3351399899
EvDiff,zurich_city_04_b,258,12.9009325000,0258.png,0.0526643220,0.3414000242,0.3314556479
EvDiff,zurich_city_04_b,259,12.9509190000,0259.png,0.0505126188,0.3553199915,0.3218905330
EvDiff,zurich_city_04_b,260,13.0009280000,0260.png,0.0489850594,0.3619212669,0.3182306588
EvDiff,zurich_city_04_b,261,13.0509090000,0261.png,0.0513519038,0.3606956758,0.3228161931
EvDiff,zurich_city_04_b,262,13.1008960000,0262.png,0.0485878105,0.3685629314,0.3094289601
EvDiff,zurich_city_04_b,263,13.1508810000,0263.png,0.0480595605,0.3669681139,0.3091516197
EvDiff,zurich_city_04_b,264,13.2008900000,0264.png,0.0461897627,0.3716627850,0.3100942373
EvDiff,zurich_city_04_b,265,13.2508725000,0265.png,0.0432726747,0.3822306758,0.3073796630
EvDiff,zurich_city_04_b,266,13.3008760000,0266.png,0.0417498915,0.3919449545,0.3003131747
EvDiff,zurich_city_04_b,267,13.3508555000,0267.png,0.0427082214,0.3931038420,0.2989252806
E2VID,zurich_city_00_a,0,0.0003930000,0000.png,0.1137040677,0.2669229780,0.8686882854
E2VID,zurich_city_00_a,1,0.0504260000,0001.png,0.1114651582,0.2896982192,0.4890612066
E2VID,zurich_city_00_a,2,0.1004430000,0002.png,0.0876023617,0.3265659421,0.4568279982
E2VID,zurich_city_00_a,3,0.1504400000,0003.png,0.0834722147,0.3409674253,0.4442829490
E2VID,zurich_city_00_a,4,0.2004420000,0004.png,0.0795866557,0.3514036321,0.4390054345
E2VID,zurich_city_00_a,5,0.2504230000,0005.png,0.0775933489,0.3548970588,0.4312608242
E2VID,zurich_city_00_a,6,0.3004240000,0006.png,0.0756158559,0.3588173112,0.4294776320
E2VID,zurich_city_00_a,7,0.3504450000,0007.png,0.0748667200,0.3634854146,0.4309537411
E2VID,zurich_city_00_a,8,0.4004470000,0008.png,0.0765404697,0.3668867683,0.4285936654
E2VID,zurich_city_00_a,9,0.4504480000,0009.png,0.0784914484,0.3636361266,0.4297704399
E2VID,zurich_city_00_a,10,0.5004290000,0010.png,0.0835763534,0.3555244734,0.4245384037
E2VID,zurich_city_00_a,11,0.5504500000,0011.png,0.0873975511,0.3515170086,0.4329574704
E2VID,zurich_city_00_a,12,0.6004320000,0012.png,0.0898287755,0.3550929427,0.4299829304
E2VID,zurich_city_00_a,13,0.6504490000,0013.png,0.0914536708,0.3526612352,0.4439973235
E2VID,zurich_city_00_a,14,0.7004540000,0014.png,0.0922067889,0.3551081368,0.4379804432
E2VID,zurich_city_00_a,15,0.7504550000,0015.png,0.0937558746,0.3553601954,0.4411709011
E2VID,zurich_city_00_a,16,0.8004570000,0016.png,0.0941781813,0.3665363037,0.4378731251
E2VID,zurich_city_00_a,17,0.8504420000,0017.png,0.0933794330,0.3705191138,0.4355275035
E2VID,zurich_city_00_a,18,0.9004390000,0018.png,0.0933426332,0.3793862514,0.4385217428
E2VID,zurich_city_00_a,19,0.9504400000,0019.png,0.0931962003,0.3875150359,0.4263344407
E2VID,zurich_city_00_a,20,1.0003940000,0020.png,0.0930939709,0.3850419147,0.4269959629
E2VID,zurich_city_00_a,21,1.0504350000,0021.png,0.0940816241,0.3783708938,0.4345498383
E2VID,zurich_city_00_a,22,1.1004280000,0022.png,0.0943766599,0.3729265596,0.4402105510
E2VID,zurich_city_00_a,23,1.1504250000,0023.png,0.0946037215,0.3716636958,0.4547701180
E2VID,zurich_city_00_a,24,1.2004220000,0024.png,0.0932013331,0.3745101851,0.4549224377
E2VID,zurich_city_00_a,25,1.2504240000,0025.png,0.0909913266,0.3715241068,0.4705028832
E2VID,zurich_city_00_a,26,1.3004290000,0026.png,0.0882498448,0.3757563675,0.4569305182
E2VID,zurich_city_00_a,27,1.3504300000,0027.png,0.0855451057,0.3752491807,0.4451849759
E2VID,zurich_city_00_a,28,1.4004310000,0028.png,0.0859431033,0.3815328134,0.4483390749
E2VID,zurich_city_00_a,29,1.4504360000,0029.png,0.0860021827,0.3870696675,0.4513792992
E2VID,zurich_city_00_a,30,1.5004340000,0030.png,0.0853291680,0.3889358821,0.4677447677
E2VID,zurich_city_00_a,31,1.5504390000,0031.png,0.0860618932,0.3946701410,0.4665898085
E2VID,zurich_city_00_a,32,1.6004400000,0032.png,0.0863580883,0.3933384277,0.4551527500
E2VID,zurich_city_00_a,33,1.6504410000,0033.png,0.0870121032,0.3926139776,0.4590650499
E2VID,zurich_city_00_a,34,1.7004460000,0034.png,0.0867576527,0.3913157184,0.4612523317
E2VID,zurich_city_00_a,35,1.7504480000,0035.png,0.0868618352,0.3926830303,0.4707846642
E2VID,zurich_city_00_a,36,1.8004410000,0036.png,0.0874406481,0.3949930838,0.4606872499
E2VID,zurich_city_00_a,37,1.8504460000,0037.png,0.0868787293,0.3982598747,0.4636325240
E2VID,zurich_city_00_a,38,1.9004470000,0038.png,0.0869011162,0.4044380259,0.4597324431
E2VID,zurich_city_00_a,39,1.9504480000,0039.png,0.0873728212,0.4077412718,0.4646845460
E2VID,zurich_city_00_a,40,2.0003900000,0040.png,0.0885169080,0.4039500505,0.4607727528
E2VID,zurich_city_00_a,41,2.0504310000,0041.png,0.0894852359,0.4052578792,0.4558890760
E2VID,zurich_city_00_a,42,2.1004160000,0042.png,0.0900469773,0.4085673554,0.4511853456
E2VID,zurich_city_00_a,43,2.1504370000,0043.png,0.0893499320,0.4112059435,0.4557086229
E2VID,zurich_city_00_a,44,2.2004190000,0044.png,0.0874302432,0.4115289562,0.4597499371
E2VID,zurich_city_00_a,45,2.2504200000,0045.png,0.0849425850,0.4116932032,0.4457460046
E2VID,zurich_city_00_a,46,2.3004210000,0046.png,0.0829663864,0.4132858774,0.4479840398
E2VID,zurich_city_00_a,47,2.3504420000,0047.png,0.0803206497,0.4120751818,0.4559889734
E2VID,zurich_city_00_a,48,2.4004240000,0048.png,0.0777031478,0.4095076135,0.4607278109
E2VID,zurich_city_00_a,49,2.4504250000,0049.png,0.0752087319,0.4045951394,0.4642011523
E2VID,zurich_city_00_a,50,2.5004260000,0050.png,0.0729471477,0.4038335109,0.4670477509
E2VID,zurich_city_00_a,51,2.5504270000,0051.png,0.0708874922,0.4085628775,0.4667059779
E2VID,zurich_city_00_a,52,2.6004290000,0052.png,0.0697273920,0.4149597202,0.4623350501
E2VID,zurich_city_00_a,53,2.6504500000,0053.png,0.0697776445,0.4125611860,0.4636758268
E2VID,zurich_city_00_a,54,2.7004510000,0054.png,0.0694735024,0.4089498793,0.4612098336
E2VID,zurich_city_00_a,55,2.7504520000,0055.png,0.0710936132,0.4073564851,0.4699870944
E2VID,zurich_city_00_a,56,2.8004340000,0056.png,0.0708014012,0.4069348181,0.4717899561
E2VID,zurich_city_00_a,57,2.8504350000,0057.png,0.0694685017,0.4077555691,0.4744199514
E2VID,zurich_city_00_a,58,2.9004360000,0058.png,0.0686437458,0.4093378121,0.4753744900
E2VID,zurich_city_00_a,59,2.9504570000,0059.png,0.0675487133,0.4107779331,0.4617881179
E2VID,zurich_city_00_a,60,3.0003910000,0060.png,0.0670330163,0.4121303288,0.4674340487
E2VID,zurich_city_00_a,61,3.0504280000,0061.png,0.0670602967,0.4151609158,0.4629015625
E2VID,zurich_city_00_a,62,3.1004210000,0062.png,0.0669930869,0.4124462326,0.4602122307
E2VID,zurich_city_00_a,63,3.1504180000,0063.png,0.0666545629,0.4137980495,0.4652882218
E2VID,zurich_city_00_a,64,3.2004470000,0064.png,0.0654720075,0.4210535987,0.4717109501
E2VID,zurich_city_00_a,65,3.2504410000,0065.png,0.0643678284,0.4293278571,0.4719710946
E2VID,zurich_city_00_a,66,3.3004220000,0066.png,0.0621736451,0.4396396283,0.4742732942
E2VID,zurich_city_00_a,67,3.3504230000,0067.png,0.0604362979,0.4394929339,0.4723966420
E2VID,zurich_city_00_a,68,3.4004240000,0068.png,0.0597247894,0.4425427070,0.4793514609
E2VID,zurich_city_00_a,69,3.4504290000,0069.png,0.0592638037,0.4454898851,0.4776715636
E2VID,zurich_city_00_a,70,3.5004550000,0070.png,0.0589365064,0.4413016426,0.4707668424
E2VID,zurich_city_00_a,71,3.5504480000,0071.png,0.0592812300,0.4339704818,0.4634613991
E2VID,zurich_city_00_a,72,3.6004290000,0072.png,0.0591547696,0.4308614641,0.4708524644
E2VID,zurich_city_00_a,73,3.6504340000,0073.png,0.0580773478,0.4314967407,0.4714753926
E2VID,zurich_city_00_a,74,3.7004350000,0074.png,0.0569592108,0.4314305940,0.4687711596
E2VID,zurich_city_00_a,75,3.7504370000,0075.png,0.0570313646,0.4275510252,0.4759443700
E2VID,zurich_city_00_a,76,3.8004380000,0076.png,0.0569167986,0.4243232631,0.4699755311
E2VID,zurich_city_00_a,77,3.8504390000,0077.png,0.0567545187,0.4233581256,0.4656382799
E2VID,zurich_city_00_a,78,3.9004440000,0078.png,0.0562629596,0.4231887265,0.4659359455
E2VID,zurich_city_00_a,79,3.9504450000,0079.png,0.0562227425,0.4228538508,0.4663077295
E2VID,zurich_city_00_a,80,4.0003910000,0080.png,0.0565726442,0.4211432661,0.4710393846
E2VID,zurich_city_00_a,81,4.0504280000,0081.png,0.0570312342,0.4245298190,0.4802946448
E2VID,zurich_city_00_a,82,4.1004170000,0082.png,0.0576703051,0.4243298445,0.4867419004
E2VID,zurich_city_00_a,83,4.1504380000,0083.png,0.0584622385,0.4241707869,0.4927402139
E2VID,zurich_city_00_a,84,4.2004200000,0084.png,0.0589072849,0.4246053779,0.5030808449
E2VID,zurich_city_00_a,85,4.2504210000,0085.png,0.0595493914,0.4235821799,0.5080972910
E2VID,zurich_city_00_a,86,4.3004220000,0086.png,0.0592594760,0.4230842756,0.5196051598
E2VID,zurich_city_00_a,87,4.3504270000,0087.png,0.0597778623,0.4234641941,0.5157671571
E2VID,zurich_city_00_a,88,4.4004450000,0088.png,0.0594401329,0.4233703813,0.5150264502
E2VID,zurich_city_00_a,89,4.4504260000,0089.png,0.0586302612,0.4212922754,0.5145462155
E2VID,zurich_city_00_a,90,4.5004270000,0090.png,0.0595837589,0.4147220462,0.5101299286
E2VID,zurich_city_00_a,91,4.5504320000,0091.png,0.0583684577,0.4158448460,0.5170675516
E2VID,zurich_city_00_a,92,4.6004340000,0092.png,0.0567994305,0.4206774879,0.5137065649
E2VID,zurich_city_00_a,93,4.6504350000,0093.png,0.0562062338,0.4190927518,0.5033041239
E2VID,zurich_city_00_a,94,4.7004320000,0094.png,0.0566733764,0.4183309723,0.5004037619
E2VID,zurich_city_00_a,95,4.7504370000,0095.png,0.0567828448,0.4154823091,0.4996184707
E2VID,zurich_city_00_a,96,4.8004350000,0096.png,0.0560039818,0.4152382132,0.4966006279
E2VID,zurich_city_00_a,97,4.8504480000,0097.png,0.0559683221,0.4143450801,0.5055837631
E2VID,zurich_city_00_a,98,4.9004490000,0098.png,0.0566741490,0.4123125579,0.5030041337
E2VID,zurich_city_00_a,99,4.9504460000,0099.png,0.0582099674,0.4087401170,0.5028014183
E2VID,zurich_city_00_a,100,5.0003920000,0100.png,0.0595004435,0.4115518242,0.5053046346
E2VID,zurich_city_00_a,101,5.0504250000,0101.png,0.0600154950,0.4148261814,0.5061590075
E2VID,zurich_city_00_a,102,5.1004420000,0102.png,0.0601277583,0.4221309964,0.5069092512
E2VID,zurich_city_00_a,103,5.1504390000,0103.png,0.0598401719,0.4281537258,0.5060179234
E2VID,zurich_city_00_a,104,5.2004400000,0104.png,0.0580211424,0.4330901989,0.5027192831
E2VID,zurich_city_00_a,105,5.2504380000,0105.png,0.0567294323,0.4391898167,0.5010173917
E2VID,zurich_city_00_a,106,5.3004390000,0106.png,0.0557256178,0.4428917442,0.4974417686
E2VID,zurich_city_00_a,107,5.3504400000,0107.png,0.0555976868,0.4418106946,0.5038648844
E2VID,zurich_city_00_a,108,5.4004410000,0108.png,0.0557979139,0.4433544954,0.5090746880
E2VID,zurich_city_00_a,109,5.4504420000,0109.png,0.0548610932,0.4490315788,0.5035816431
E2VID,zurich_city_00_a,110,5.5004480000,0110.png,0.0557365915,0.4475447479,0.4956551492
E2VID,zurich_city_00_a,111,5.5504410000,0111.png,0.0564317817,0.4456507574,0.4987145066
E2VID,zurich_city_00_a,112,5.6004460000,0112.png,0.0563898333,0.4454998725,0.4979620874
E2VID,zurich_city_00_a,113,5.6504470000,0113.png,0.0564054769,0.4453638592,0.4925841093
E2VID,zurich_city_00_a,114,5.7004480000,0114.png,0.0566148039,0.4450570519,0.4986857772
E2VID,zurich_city_00_a,115,5.7504500000,0115.png,0.0570632209,0.4439485540,0.4964817464
E2VID,zurich_city_00_a,116,5.8004470000,0116.png,0.0573056483,0.4401525100,0.4994206429
E2VID,zurich_city_00_a,117,5.8504520000,0117.png,0.0579640510,0.4326825354,0.5071240067
E2VID,zurich_city_00_a,118,5.9004530000,0118.png,0.0582825044,0.4289640701,0.5110941529
E2VID,zurich_city_00_a,119,5.9504540000,0119.png,0.0586843142,0.4242663623,0.5102987885
E2VID,zurich_city_00_a,120,6.0003920000,0120.png,0.0593049599,0.4207380513,0.5228033066
E2VID,zurich_city_00_a,121,6.0504250000,0121.png,0.0595812785,0.4175571267,0.5264881849
E2VID,zurich_city_00_a,122,6.1004420000,0122.png,0.0606247646,0.4179052597,0.5251291990
E2VID,zurich_city_00_a,123,6.1504350000,0123.png,0.0618855953,0.4167152452,0.5183272362
E2VID,zurich_city_00_a,124,6.2004410000,0124.png,0.0628884778,0.4127133558,0.5228181481
E2VID,zurich_city_00_a,125,6.2504420000,0125.png,0.0631614940,0.4131490214,0.5165634751
E2VID,zurich_city_00_a,126,6.3004430000,0126.png,0.0612980644,0.4148297060,0.5262774825
E2VID,zurich_city_00_a,127,6.3504240000,0127.png,0.0589633150,0.4211804266,0.5320208073
E2VID,zurich_city_00_a,128,6.4004460000,0128.png,0.0578250514,0.4269586064,0.5301065445
E2VID,zurich_city_00_a,129,6.4504470000,0129.png,0.0565805973,0.4354774541,0.5203629136
E2VID,zurich_city_00_a,130,6.5004480000,0130.png,0.0564079165,0.4390254779,0.5170477629
E2VID,zurich_city_00_a,131,6.5504490000,0131.png,0.0564548849,0.4398083856,0.5193492174
E2VID,zurich_city_00_a,132,6.6004310000,0132.png,0.0563607388,0.4455710006,0.5132161379
E2VID,zurich_city_00_a,133,6.6504360000,0133.png,0.0554992843,0.4481408040,0.5048030615
E2VID,zurich_city_00_a,134,6.7004530000,0134.png,0.0548883281,0.4511887513,0.5017138720
E2VID,zurich_city_00_a,135,6.7504540000,0135.png,0.0549286018,0.4515529474,0.4958082736
E2VID,zurich_city_00_a,136,6.8004520000,0136.png,0.0551069218,0.4471350175,0.4984062016
E2VID,zurich_city_00_a,137,6.8504370000,0137.png,0.0558340280,0.4452288798,0.5017294884
E2VID,zurich_city_00_a,138,6.9004380000,0138.png,0.0564682562,0.4444498161,0.5019038320
E2VID,zurich_city_00_a,139,6.9504390000,0139.png,0.0563547800,0.4493141357,0.5063165426
E2VID,zurich_city_00_a,140,7.0003890000,0140.png,0.0555946403,0.4544780364,0.5145888329
E2VID,zurich_city_00_a,141,7.0504300000,0141.png,0.0556458509,0.4591077760,0.5157647133
E2VID,zurich_city_00_a,142,7.1004230000,0142.png,0.0561567218,0.4613510322,0.5142598152
E2VID,zurich_city_00_a,143,7.1504200000,0143.png,0.0554496685,0.4635985407,0.5035818219
E2VID,zurich_city_00_a,144,7.2004250000,0144.png,0.0547457467,0.4655371590,0.5031169057
E2VID,zurich_city_00_a,145,7.2504270000,0145.png,0.0556762242,0.4630931597,0.5069227815
E2VID,zurich_city_00_a,146,7.3004240000,0146.png,0.0560834747,0.4556187101,0.5078202486
E2VID,zurich_city_00_a,147,7.3504250000,0147.png,0.0574426233,0.4505193517,0.5082623959
E2VID,zurich_city_00_a,148,7.4004260000,0148.png,0.0580593706,0.4459188751,0.5046703219
E2VID,zurich_city_00_a,149,7.4504270000,0149.png,0.0571224561,0.4496381941,0.4970094562
E2VID,zurich_city_00_a,150,7.5004290000,0150.png,0.0562685945,0.4567754794,0.4879145026
E2VID,zurich_city_00_a,151,7.5504260000,0151.png,0.0559431699,0.4580247867,0.4875549674
E2VID,zurich_city_00_a,152,7.6004270000,0152.png,0.0561316390,0.4576753309,0.4914304912
E2VID,zurich_city_00_a,153,7.6504320000,0153.png,0.0565913989,0.4561337077,0.4898819029
E2VID,zurich_city_00_a,154,7.7004330000,0154.png,0.0571190537,0.4528936347,0.4867247045
E2VID,zurich_city_00_a,155,7.7504350000,0155.png,0.0574600858,0.4524494294,0.4788302183
E2VID,zurich_city_00_a,156,7.8004320000,0156.png,0.0578246377,0.4472163539,0.4871164560
E2VID,zurich_city_00_a,157,7.8504330000,0157.png,0.0576652662,0.4480534568,0.4868318141
E2VID,zurich_city_00_a,158,7.9004340000,0158.png,0.0571450051,0.4485818064,0.4911719561
E2VID,zurich_city_00_a,159,7.9504390000,0159.png,0.0563568544,0.4523082786,0.4857121706
E2VID,zurich_city_00_a,160,8.0003890000,0160.png,0.0555107620,0.4565921880,0.4731094837
E2VID,zurich_city_00_a,161,8.0504260000,0161.png,0.0537772603,0.4593434009,0.4790897369
E2VID,zurich_city_00_a,162,8.1004150000,0162.png,0.0519749030,0.4647968612,0.4689784348
E2VID,zurich_city_00_a,163,8.1504320000,0163.png,0.0512349502,0.4656906092,0.4649109840
E2VID,zurich_city_00_a,164,8.2004380000,0164.png,0.0511292927,0.4659933358,0.4610268176
E2VID,zurich_city_00_a,165,8.2504390000,0165.png,0.0514338854,0.4638567903,0.4606430233
E2VID,zurich_city_00_a,166,8.3004400000,0166.png,0.0521018805,0.4613071302,0.4580059648
E2VID,zurich_city_00_a,167,8.3504410000,0167.png,0.0519215713,0.4574447012,0.4572544694
E2VID,zurich_city_00_a,168,8.4004430000,0168.png,0.0517561631,0.4587566810,0.4657904506
E2VID,zurich_city_00_a,169,8.4504400000,0169.png,0.0508925105,0.4600543913,0.4656288326
E2VID,zurich_city_00_a,170,8.5004410000,0170.png,0.0501129566,0.4627450654,0.4706267118
E2VID,zurich_city_00_a,171,8.5504420000,0171.png,0.0489405062,0.4659291084,0.4728577733
E2VID,zurich_city_00_a,172,8.6004440000,0172.png,0.0490113039,0.4731461874,0.4718635082
E2VID,zurich_city_00_a,173,8.6504450000,0173.png,0.0497030370,0.4751182051,0.4696378708
E2VID,zurich_city_00_a,174,8.7004460000,0174.png,0.0494407862,0.4763244426,0.4736961126
E2VID,zurich_city_00_a,175,8.7504430000,0175.png,0.0484099123,0.4789375691,0.4778104722
E2VID,zurich_city_00_a,176,8.8004410000,0176.png,0.0474419841,0.4800606256,0.4777071476
E2VID,zurich_city_00_a,177,8.8504500000,0177.png,0.0468707650,0.4787144096,0.4847320318
E2VID,zurich_city_00_a,178,8.9004510000,0178.png,0.0467754898,0.4739114533,0.4838807285
E2VID,zurich_city_00_a,179,8.9504520000,0179.png,0.0473056200,0.4706379728,0.4809045792
E2VID,zurich_city_00_a,180,9.0003900000,0180.png,0.0481567884,0.4676238421,0.4771017432
E2VID,zurich_city_00_a,181,9.0504270000,0181.png,0.0492543795,0.4704340062,0.4717702270
E2VID,zurich_city_00_a,182,9.1004200000,0182.png,0.0511535872,0.4669787692,0.4715061784
E2VID,zurich_city_00_a,183,9.1504170000,0183.png,0.0536824740,0.4598046721,0.4691014886
E2VID,zurich_city_00_a,184,9.2004220000,0184.png,0.0568414833,0.4520975295,0.4690997601
E2VID,zurich_city_00_a,185,9.2504240000,0185.png,0.0589763993,0.4465765281,0.4726098478
E2VID,zurich_city_00_a,186,9.3004410000,0186.png,0.0593977388,0.4421409705,0.4655411243
E2VID,zurich_city_00_a,187,9.3504420000,0187.png,0.0602165686,0.4410201494,0.4656898379
E2VID,zurich_city_00_a,188,9.4004430000,0188.png,0.0608048104,0.4382313326,0.4656691551
E2VID,zurich_city_00_a,189,9.4504440000,0189.png,0.0613989791,0.4381031396,0.4734049439
E2VID,zurich_city_00_a,190,9.5004460000,0190.png,0.0626340256,0.4383866034,0.4810832739
E2VID,zurich_city_00_a,191,9.5504270000,0191.png,0.0620530544,0.4384520320,0.4856005609
E2VID,zurich_city_00_a,192,9.6004480000,0192.png,0.0620263826,0.4344348233,0.4800803661
E2VID,zurich_city_00_a,193,9.6504490000,0193.png,0.0628437407,0.4326680620,0.4908391833
E2VID,zurich_city_00_a,194,9.7004500000,0194.png,0.0633099015,0.4313925305,0.4844885468
E2VID,zurich_city_00_a,195,9.7504520000,0195.png,0.0655295130,0.4266163442,0.4857863784
E2VID,zurich_city_00_a,196,9.8004490000,0196.png,0.0677004820,0.4251232836,0.4724641144
E2VID,zurich_city_00_a,197,9.8504580000,0197.png,0.0699326469,0.4244496723,0.4725635648
E2VID,zurich_city_00_a,198,9.9004550000,0198.png,0.0711302088,0.4253146483,0.4803918898
E2VID,zurich_city_00_a,199,9.9504560000,0199.png,0.0721003499,0.4280991942,0.4797126353
E2VID,zurich_city_00_a,200,10.0003900000,0200.png,0.0667810525,0.4391125301,0.4679503441
E2VID,zurich_city_00_a,201,10.0504270000,0201.png,0.0626462755,0.4588268815,0.4430755973
E2VID,zurich_city_00_a,202,10.1004200000,0202.png,0.0634188697,0.4609513257,0.4268428385
E2VID,zurich_city_00_a,203,10.1504370000,0203.png,0.0659848993,0.4581065831,0.4184233248
E2VID,zurich_city_00_a,204,10.2004390000,0204.png,0.0685999925,0.4557914424,0.4188917577
E2VID,zurich_city_00_a,205,10.2504200000,0205.png,0.0697024901,0.4573980158,0.4039933980
E2VID,zurich_city_00_a,206,10.3004210000,0206.png,0.0703745058,0.4560583924,0.4024116993
E2VID,zurich_city_00_a,207,10.3504260000,0207.png,0.0688719535,0.4604758860,0.3956204653
E2VID,zurich_city_00_a,208,10.4004280000,0208.png,0.0659734122,0.4610536965,0.3944609165
E2VID,zurich_city_00_a,209,10.4504250000,0209.png,0.0631452741,0.4624578010,0.3904933333
E2VID,zurich_city_00_a,210,10.5004260000,0210.png,0.0615671557,0.4616025492,0.3920246363
E2VID,zurich_city_00_a,211,10.5504310000,0211.png,0.0606266222,0.4580087659,0.3916194439
E2VID,zurich_city_00_a,212,10.6004330000,0212.png,0.0580455895,0.4576400982,0.4051313698
E2VID,zurich_city_00_a,213,10.6504340000,0213.png,0.0559675567,0.4581338224,0.3997154236
E2VID,zurich_city_00_a,214,10.7004350000,0214.png,0.0554823112,0.4529153858,0.4173593521
E2VID,zurich_city_00_a,215,10.7504320000,0215.png,0.0561828093,0.4479017919,0.4198925495
E2VID,zurich_city_00_a,216,10.8004420000,0216.png,0.0576507060,0.4415675158,0.4349949360
E2VID,zurich_city_00_a,217,10.8504390000,0217.png,0.0583436131,0.4379603419,0.4402869344
E2VID,zurich_city_00_a,218,10.9004400000,0218.png,0.0608163843,0.4330034374,0.4485866427
E2VID,zurich_city_00_a,219,10.9504410000,0219.png,0.0614375541,0.4316026448,0.4556062520
E2VID,zurich_city_00_a,220,11.0003870000,0220.png,0.0612034947,0.4319392193,0.4666312933
E2VID,zurich_city_00_a,221,11.0504240000,0221.png,0.0600588897,0.4360126167,0.4740077555
E2VID,zurich_city_00_a,222,11.1004170000,0222.png,0.0612824875,0.4382510536,0.4737988114
E2VID,zurich_city_00_a,223,11.1504140000,0223.png,0.0623206033,0.4413286863,0.4812772274
E2VID,zurich_city_00_a,224,11.2004190000,0224.png,0.0746385715,0.4240817536,0.4819906354
E2VID,zurich_city_00_a,225,11.2504210000,0225.png,0.1103214733,0.3886515987,0.5148714185
E2VID,zurich_city_00_a,226,11.3004180000,0226.png,0.1148327636,0.3876575400,0.5245597959
E2VID,zurich_city_00_a,227,11.3504230000,0227.png,0.1094751242,0.3921788868,0.5183350444
E2VID,zurich_city_00_a,228,11.4004240000,0228.png,0.1064397700,0.3902231856,0.5171465874
E2VID,zurich_city_00_a,229,11.4504250000,0229.png,0.1051492518,0.3870627612,0.5210919380
E2VID,zurich_city_00_a,230,11.5004270000,0230.png,0.1046723778,0.3863215452,0.5209220648
E2VID,zurich_city_00_a,231,11.5504320000,0231.png,0.1039035342,0.3863621405,0.5261272192
E2VID,zurich_city_00_a,232,11.6004250000,0232.png,0.1012304105,0.3876683420,0.5187591910
E2VID,zurich_city_00_a,233,11.6504300000,0233.png,0.1016925317,0.3810262436,0.5189332962
E2VID,zurich_city_00_a,234,11.7004310000,0234.png,0.0984275408,0.3785833260,0.5215213299
E2VID,zurich_city_00_a,235,11.7504330000,0235.png,0.0968605039,0.3802761319,0.5222705603
E2VID,zurich_city_00_a,236,11.8004340000,0236.png,0.0971291756,0.3777643378,0.5238777995
E2VID,zurich_city_00_a,237,11.8504390000,0237.png,0.0997393309,0.3738822723,0.5268094540
E2VID,zurich_city_00_a,238,11.9004320000,0238.png,0.1073686980,0.3606904818,0.5257850885
E2VID,zurich_city_00_a,239,11.9504370000,0239.png,0.1117383719,0.3523954999,0.5284585953
E2VID,zurich_city_00_a,240,12.0003870000,0240.png,0.1154429271,0.3498835825,0.5385266542
E2VID,zurich_city_00_a,241,12.0504200000,0241.png,0.1179246947,0.3417126454,0.5477304459
E2VID,zurich_city_00_a,242,12.1004130000,0242.png,0.1208800781,0.3372998406,0.5564599037
E2VID,zurich_city_00_a,243,12.1504140000,0243.png,0.1247998275,0.3331567545,0.5595601797
E2VID,zurich_city_00_a,244,12.2004360000,0244.png,0.1247995418,0.3313738950,0.5652101040
E2VID,zurich_city_00_a,245,12.2504370000,0245.png,0.1255722794,0.3314691777,0.5573686361
E2VID,zurich_city_00_a,246,12.3004380000,0246.png,0.1362225466,0.3236712271,0.5631424785
E2VID,zurich_city_00_a,247,12.3504190000,0247.png,0.1419489597,0.3206853386,0.5678591728
E2VID,zurich_city_00_a,248,12.4004250000,0248.png,0.1469581601,0.3154748423,0.5712758899
E2VID,zurich_city_00_a,249,12.4504500000,0249.png,0.1435609005,0.3159632700,0.5656009912
E2VID,zurich_city_00_a,250,12.5004430000,0250.png,0.1377629168,0.3200888195,0.5679552555
E2VID,zurich_city_00_a,251,12.5504240000,0251.png,0.1382710518,0.3195530330,0.5622895956
E2VID,zurich_city_00_a,252,12.6004260000,0252.png,0.1375601808,0.3113471430,0.5693457723
E2VID,zurich_city_00_a,253,12.6504310000,0253.png,0.1371428555,0.3053810904,0.5723321438
E2VID,zurich_city_00_a,254,12.7004320000,0254.png,0.1371241484,0.2999730767,0.5732749104
E2VID,zurich_city_00_a,255,12.7504330000,0255.png,0.1379176580,0.2940376064,0.5678229332
E2VID,zurich_city_00_a,256,12.8004310000,0256.png,0.1390621956,0.2855171332,0.5719563365
E2VID,zurich_city_00_a,257,12.8504360000,0257.png,0.1394236734,0.2805055473,0.5743029118
E2VID,zurich_city_00_a,258,12.9004410000,0258.png,0.1392717976,0.2759621145,0.5735348463
E2VID,zurich_city_00_a,259,12.9504420000,0259.png,0.1372653424,0.2727467923,0.5770112276
E2VID,zurich_city_00_a,260,13.0003880000,0260.png,0.1339392584,0.2745654351,0.5802121162
E2VID,zurich_city_00_a,261,13.0504170000,0261.png,0.1303231424,0.2757481544,0.5728385448
E2VID,zurich_city_00_a,262,13.1004340000,0262.png,0.1311582249,0.2729688259,0.5735691786
E2VID,zurich_city_00_a,263,13.1504310000,0263.png,0.1312705179,0.2689158716,0.5736392140
E2VID,zurich_city_00_a,264,13.2004360000,0264.png,0.1308980351,0.2652380562,0.5792077780
E2VID,zurich_city_00_a,265,13.2504380000,0265.png,0.1292290865,0.2599479727,0.5731348991
E2VID,zurich_city_00_a,266,13.3004390000,0266.png,0.1297907444,0.2571984651,0.5772662759
E2VID,zurich_city_00_a,267,13.3504360000,0267.png,0.1279286061,0.2516736032,0.5737993717
E2VID,zurich_city_00_a,268,13.4004370000,0268.png,0.1272478299,0.2483556445,0.5853879452
E2VID,zurich_city_00_a,269,13.4504380000,0269.png,0.1258984318,0.2435148324,0.5885327458
E2VID,zurich_city_00_a,270,13.5004440000,0270.png,0.1225706837,0.2409500286,0.5880584717
E2VID,zurich_city_00_a,271,13.5504450000,0271.png,0.1198959890,0.2407008101,0.5980878472
E2VID,zurich_city_00_a,272,13.6004260000,0272.png,0.1188797972,0.2400083377,0.5911261439
E2VID,zurich_city_00_a,273,13.6504470000,0273.png,0.1201973423,0.2358275258,0.5923832655
E2VID,zurich_city_00_a,274,13.7004280000,0274.png,0.1217114627,0.2299861465,0.5991859436
E2VID,zurich_city_00_a,275,13.7504300000,0275.png,0.1255478574,0.2265160550,0.6220371127
E2VID,zurich_city_00_a,276,13.8004310000,0276.png,0.1304910285,0.2256798464,0.6431744099
E2VID,zurich_city_00_a,277,13.8504320000,0277.png,0.1351843409,0.2264760845,0.6564865112
E2VID,zurich_city_00_a,278,13.9004570000,0278.png,0.1409098543,0.2260034289,0.6661974192
E2VID,zurich_city_00_a,279,13.9504540000,0279.png,0.1491150455,0.2283741809,0.6771806479
E2VID,zurich_city_00_a,280,14.0003840000,0280.png,0.1558267560,0.2293479454,0.6797106862
E2VID,zurich_city_00_a,281,14.0504250000,0281.png,0.1630513766,0.2306059847,0.6775825620
E2VID,zurich_city_00_a,282,14.1004140000,0282.png,0.1715691949,0.2298667519,0.6590580940
E2VID,zurich_city_00_a,283,14.1504150000,0283.png,0.1778270088,0.2323172411,0.6561095119
E2VID,zurich_city_00_a,284,14.2004130000,0284.png,0.1863221677,0.2299039539,0.6645804644
E2VID,zurich_city_00_a,285,14.2504140000,0285.png,0.1966583420,0.2238624435,0.6763312221
E2VID,zurich_city_00_a,286,14.3004190000,0286.png,0.2079588213,0.2201794889,0.6933852434
E2VID,zurich_city_00_a,287,14.3504200000,0287.png,0.2182704417,0.2166964661,0.6987940073
E2VID,zurich_city_00_a,288,14.4004220000,0288.png,0.2247562784,0.2174841317,0.6846258044
E2VID,zurich_city_00_a,289,14.4504270000,0289.png,0.2241147116,0.2144951671,0.6875908375
E2VID,zurich_city_00_a,290,14.5004240000,0290.png,0.2223991893,0.2110700119,0.7037827373
E2VID,zurich_city_00_a,291,14.5504250000,0291.png,0.2227076414,0.2105000793,0.7070448399
E2VID,zurich_city_00_a,292,14.6004270000,0292.png,0.2257135026,0.2085521330,0.7088635564
E2VID,zurich_city_00_a,293,14.6504280000,0293.png,0.2229144706,0.2063232721,0.7138487697
E2VID,zurich_city_00_a,294,14.7004330000,0294.png,0.2196893431,0.2056336380,0.7092671990
E2VID,zurich_city_00_a,295,14.7504340000,0295.png,0.2168916007,0.2077711063,0.7052831650
E2VID,zurich_city_00_a,296,14.8004280000,0296.png,0.2167955330,0.2091466606,0.7058767676
E2VID,zurich_city_00_a,297,14.8504370000,0297.png,0.2149986452,0.2082462463,0.7109794021
E2VID,zurich_city_00_a,298,14.9004380000,0298.png,0.2133016714,0.2087592577,0.7065595984
E2VID,zurich_city_00_a,299,14.9504390000,0299.png,0.2123223323,0.2117801124,0.7005698681
E2VID,zurich_city_00_a,300,15.0003850000,0300.png,0.2100840733,0.2109584163,0.6975697875
E2VID,zurich_city_00_a,301,15.0504300000,0301.png,0.2137868615,0.2112310526,0.6914089322
E2VID,zurich_city_00_a,302,15.1004150000,0302.png,0.2162323814,0.2131120300,0.6710641384
E2VID,zurich_city_00_a,303,15.1504120000,0303.png,0.2143666030,0.2221864578,0.6582013369
E2VID,zurich_city_00_a,304,15.2004170000,0304.png,0.2155576519,0.2208214449,0.6522399187
E2VID,zurich_city_00_a,305,15.2504190000,0305.png,0.2178843073,0.2169018648,0.6568991542
E2VID,zurich_city_00_a,306,15.3004200000,0306.png,0.2199273312,0.2169344664,0.6568723321
E2VID,zurich_city_00_a,307,15.3504170000,0307.png,0.2213065875,0.2174644204,0.6543985605
E2VID,zurich_city_00_a,308,15.4004180000,0308.png,0.2175603283,0.2189139960,0.6394468546
E2VID,zurich_city_00_a,309,15.4504230000,0309.png,0.2202617371,0.2149307770,0.6374522448
E2VID,zurich_city_00_a,310,15.5004250000,0310.png,0.2228200599,0.2120708903,0.6395558715
E2VID,zurich_city_00_a,311,15.5504260000,0311.png,0.2285417060,0.2094423251,0.6505621076
E2VID,zurich_city_00_a,312,15.6004310000,0312.png,0.2334790018,0.2082094360,0.6570960879
E2VID,zurich_city_00_a,313,15.6504240000,0313.png,0.2400515023,0.2085579958,0.6663223505
E2VID,zurich_city_00_a,314,15.7004290000,0314.png,0.2417939989,0.2097121067,0.6651232243
E2VID,zurich_city_00_a,315,15.7504310000,0315.png,0.2415217491,0.2121298357,0.6656779647
E2VID,zurich_city_00_a,316,15.8004280000,0316.png,0.2410059095,0.2159790339,0.6706516743
E2VID,zurich_city_00_a,317,15.8504370000,0317.png,0.2434559896,0.2153585383,0.6707322598
E2VID,zurich_city_00_a,318,15.9004380000,0318.png,0.2459384059,0.2137075388,0.6656525731
E2VID,zurich_city_00_a,319,15.9504350000,0319.png,0.2472634606,0.2129894640,0.6520727277
E2VID,zurich_city_00_a,320,16.0003850000,0320.png,0.2466190978,0.2133972898,0.6508005857
E2VID,zurich_city_00_a,321,16.0504260000,0321.png,0.2490107568,0.2105642970,0.6586418748
E2VID,zurich_city_00_a,322,16.1004150000,0322.png,0.2519056014,0.2050710643,0.6644709110
E2VID,zurich_city_00_a,323,16.1504160000,0323.png,0.2552967396,0.2000827840,0.6577560902
E2VID,zurich_city_00_a,324,16.2004170000,0324.png,0.2562883541,0.2035720145,0.6546898484
E2VID,zurich_city_00_a,325,16.2504190000,0325.png,0.2561233934,0.2062822434,0.6564136147
E2VID,zurich_city_00_a,326,16.3004200000,0326.png,0.2534529566,0.2076817240,0.6566066742
E2VID,zurich_city_00_a,327,16.3504210000,0327.png,0.2517717541,0.2096921459,0.6533463001
E2VID,zurich_city_00_a,328,16.4004260000,0328.png,0.2496361428,0.2117448146,0.6518782377
E2VID,zurich_city_00_a,329,16.4504270000,0329.png,0.2469308004,0.2145561524,0.6485948563
E2VID,zurich_city_00_a,330,16.5004290000,0330.png,0.2433455934,0.2183980948,0.6472089887
E2VID,zurich_city_00_a,331,16.5504300000,0331.png,0.2403825094,0.2205263842,0.6502389908
E2VID,zurich_city_00_a,332,16.6004310000,0332.png,0.2347100843,0.2248090900,0.6475841999
E2VID,zurich_city_00_a,333,16.6504360000,0333.png,0.2296814168,0.2250491224,0.6404290199
E2VID,zurich_city_00_a,334,16.7004410000,0334.png,0.2251853118,0.2263068218,0.6382313967
E2VID,zurich_city_00_a,335,16.7504430000,0335.png,0.2200393479,0.2282238416,0.6369622946
E2VID,zurich_city_00_a,336,16.8004440000,0336.png,0.2153414626,0.2292492960,0.6413291693
E2VID,zurich_city_00_a,337,16.8504490000,0337.png,0.2112448422,0.2305576025,0.6409882307
E2VID,zurich_city_00_a,338,16.9004300000,0338.png,0.2088461460,0.2322761099,0.6411560774
E2VID,zurich_city_00_a,339,16.9504310000,0339.png,0.2058411271,0.2333688946,0.6361325383
E2VID,zurich_city_00_a,340,17.0003850000,0340.png,0.2035324232,0.2329315681,0.6288536191
E2VID,zurich_city_00_a,341,17.0504180000,0341.png,0.2014779075,0.2336264710,0.6318091750
E2VID,zurich_city_00_a,342,17.1004270000,0342.png,0.2004582560,0.2330060401,0.6376238465
E2VID,zurich_city_00_a,343,17.1504240000,0343.png,0.1995134717,0.2321408777,0.6426510811
E2VID,zurich_city_00_a,344,17.2004300000,0344.png,0.1985467723,0.2322969636,0.6429973841
E2VID,zurich_city_00_a,345,17.2504310000,0345.png,0.1972624404,0.2332247973,0.6428678632
E2VID,zurich_city_00_a,346,17.3004320000,0346.png,0.1948913287,0.2340305364,0.6407746077
E2VID,zurich_city_00_a,347,17.3504330000,0347.png,0.1918463970,0.2363299904,0.6408798695
E2VID,zurich_city_00_a,348,17.4004310000,0348.png,0.1885619312,0.2410671393,0.6326293945
E2VID,zurich_city_00_a,349,17.4504320000,0349.png,0.1867680937,0.2472589694,0.6339547634
E2VID,zurich_city_00_a,350,17.5004330000,0350.png,0.1843816326,0.2497105283,0.6314411163
E2VID,zurich_city_00_a,351,17.5504380000,0351.png,0.1814479878,0.2502220360,0.6342153549
E2VID,zurich_city_00_a,352,17.6004400000,0352.png,0.1769282947,0.2508781156,0.6166383028
E2VID,zurich_city_00_a,353,17.6504410000,0353.png,0.1719190855,0.2510137131,0.6045480967
E2VID,zurich_city_00_a,354,17.7004380000,0354.png,0.1672277476,0.2552731499,0.5996351838
E2VID,zurich_city_00_a,355,17.7504390000,0355.png,0.1623435054,0.2590239454,0.6103798151
E2VID,zurich_city_00_a,356,17.8004290000,0356.png,0.1596397680,0.2623707605,0.6143736839
E2VID,zurich_city_00_a,357,17.8504500000,0357.png,0.1582036260,0.2697673673,0.6129965782
E2VID,zurich_city_00_a,358,17.9004510000,0358.png,0.1574964637,0.2705735969,0.5969758034
E2VID,zurich_city_00_a,359,17.9504480000,0359.png,0.1557053624,0.2676007292,0.5952525735
E2VID,zurich_city_00_a,360,18.0003820000,0360.png,0.1533921184,0.2710816758,0.5940597057
E2VID,zurich_city_00_a,361,18.0504190000,0361.png,0.1517655515,0.2768811463,0.5956834555
E2VID,zurich_city_00_a,362,18.1004120000,0362.png,0.1496016799,0.2821207013,0.5957673788
E2VID,zurich_city_00_a,363,18.1504090000,0363.png,0.1464212068,0.2836380331,0.5919610858
E2VID,zurich_city_00_a,364,18.2004100000,0364.png,0.1444347202,0.2854447053,0.5943605304
E2VID,zurich_city_00_a,365,18.2504280000,0365.png,0.1422084949,0.2920048335,0.5896632671
E2VID,zurich_city_00_a,366,18.3004290000,0366.png,0.1401072476,0.2911779556,0.5911523104
E2VID,zurich_city_00_a,367,18.3504260000,0367.png,0.1369944580,0.2931616741,0.5872340798
E2VID,zurich_city_00_a,368,18.4004270000,0368.png,0.1333174738,0.2946705215,0.5719668269
E2VID,zurich_city_00_a,369,18.4504280000,0369.png,0.1303743437,0.2987039447,0.5629928112
E2VID,zurich_city_00_a,370,18.5004300000,0370.png,0.1288714500,0.2995696674,0.5663362145
E2VID,zurich_city_00_a,371,18.5504270000,0371.png,0.1258327025,0.3012559483,0.5603657961
E2VID,zurich_city_00_a,372,18.6004280000,0372.png,0.1237564871,0.3049553954,0.5626742840
E2VID,zurich_city_00_a,373,18.6504290000,0373.png,0.1233028635,0.3101064852,0.5680362582
E2VID,zurich_city_00_a,374,18.7004300000,0374.png,0.1210755594,0.3184811336,0.5655397177
E2VID,zurich_city_00_a,375,18.7504320000,0375.png,0.1133337430,0.3251670823,0.5633979440
E2VID,zurich_city_00_a,376,18.8004290000,0376.png,0.1069145486,0.3371722281,0.5610326529
E2VID,zurich_city_00_a,377,18.8504300000,0377.png,0.1032643124,0.3463639677,0.5613758564
E2VID,zurich_city_00_a,378,18.9004310000,0378.png,0.0988175617,0.3581978827,0.5652362108
E2VID,zurich_city_00_a,379,18.9504320000,0379.png,0.0971614331,0.3583075608,0.5489047766
E2VID,zurich_city_00_a,380,19.0003820000,0380.png,0.0964862135,0.3614000046,0.5489816666
E2VID,zurich_city_00_a,381,19.0504190000,0381.png,0.0971974629,0.3630936133,0.5465382934
E2VID,zurich_city_00_a,382,19.1004280000,0382.png,0.0945902748,0.3688923536,0.5480513573
E2VID,zurich_city_00_a,383,19.1504250000,0383.png,0.0915416978,0.3703385047,0.5507941842
E2VID,zurich_city_00_a,384,19.2004270000,0384.png,0.0903557314,0.3747152342,0.5487818718
E2VID,zurich_city_00_a,385,19.2504280000,0385.png,0.0902645486,0.3783302669,0.5428259373
E2VID,zurich_city_00_a,386,19.3004330000,0386.png,0.0900917725,0.3818550981,0.5488483310
E2VID,zurich_city_00_a,387,19.3504340000,0387.png,0.0898191811,0.3817811356,0.5489221811
E2VID,zurich_city_00_a,388,19.4004280000,0388.png,0.0889430104,0.3833597234,0.5448117256
E2VID,zurich_city_00_a,389,19.4504330000,0389.png,0.0889114284,0.3857469373,0.5447487235
E2VID,zurich_city_00_a,390,19.5004340000,0390.png,0.0891836171,0.3839022672,0.5425806642
E2VID,zurich_city_00_a,391,19.5504350000,0391.png,0.0894150324,0.3838970252,0.5454839468
E2VID,zurich_city_00_a,392,19.6004370000,0392.png,0.0896131248,0.3848685526,0.5480747223
E2VID,zurich_city_00_a,393,19.6504380000,0393.png,0.0899127495,0.3878986210,0.5496737361
E2VID,zurich_city_00_a,394,19.7004310000,0394.png,0.0907599111,0.3880516265,0.5483837128
E2VID,zurich_city_00_a,395,19.7504360000,0395.png,0.0924603062,0.3860566974,0.5485091805
E2VID,zurich_city_00_a,396,19.8004420000,0396.png,0.0930075611,0.3838511618,0.5458197594
E2VID,zurich_city_00_a,397,19.8504390000,0397.png,0.0940606210,0.3812322734,0.5400151610
E2VID,zurich_city_00_a,398,19.9004440000,0398.png,0.0976492244,0.3776225869,0.5349047184
E2VID,zurich_city_00_a,399,19.9504450000,0399.png,0.1012444910,0.3752520140,0.5455247164
E2VID,zurich_city_00_a,400,20.0003830000,0400.png,0.1026119717,0.3757660674,0.5480968356
E2VID,zurich_city_00_a,401,20.0504160000,0401.png,0.1011369697,0.3820804182,0.5420976281
E2VID,zurich_city_00_a,402,20.1004090000,0402.png,0.0987263593,0.3898662276,0.5368573070
E2VID,zurich_city_00_a,403,20.1504300000,0403.png,0.0951452268,0.3985619658,0.5382964611
E2VID,zurich_city_00_a,404,20.2004310000,0404.png,0.0942942477,0.4015236513,0.5371171236
E2VID,zurich_city_00_a,405,20.2504330000,0405.png,0.0926646305,0.4063934148,0.5244089365
E2VID,zurich_city_00_a,406,20.3004300000,0406.png,0.0900515428,0.4109476000,0.5042759180
E2VID,zurich_city_00_a,407,20.3504310000,0407.png,0.0893125549,0.4132365605,0.5038046241
E2VID,zurich_city_00_a,408,20.4004360000,0408.png,0.0863426593,0.4190233167,0.4956860840
E2VID,zurich_city_00_a,409,20.4504330000,0409.png,0.0830349884,0.4216146268,0.4798175991
E2VID,zurich_city_00_a,410,20.5004390000,0410.png,0.0807349094,0.4271757046,0.4795938432
E2VID,zurich_city_00_a,411,20.5504320000,0411.png,0.0792188743,0.4288356788,0.4816038311
E2VID,zurich_city_00_a,412,20.6004330000,0412.png,0.0782385078,0.4276356810,0.4857293963
E2VID,zurich_city_00_a,413,20.6504340000,0413.png,0.0778497160,0.4248755833,0.4911257029
E2VID,zurich_city_00_a,414,20.7004390000,0414.png,0.0777278685,0.4225479223,0.4906952083
E2VID,zurich_city_00_a,415,20.7504410000,0415.png,0.0779610060,0.4206299739,0.4889987111
E2VID,zurich_city_00_a,416,20.8004460000,0416.png,0.0785090411,0.4183921724,0.4932536185
E2VID,zurich_city_00_a,417,20.8504390000,0417.png,0.0789623778,0.4174061079,0.4993035793
E2VID,zurich_city_00_a,418,20.9004440000,0418.png,0.0794557822,0.4174788983,0.5023077726
E2VID,zurich_city_00_a,419,20.9504450000,0419.png,0.0790300612,0.4173150382,0.4986841977
E2VID,zurich_city_00_a,420,21.0003790000,0420.png,0.0787082532,0.4190985149,0.4896634221
E2VID,zurich_city_00_a,421,21.0504200000,0421.png,0.0779455784,0.4193535875,0.4900667369
E2VID,zurich_city_00_a,422,21.1004090000,0422.png,0.0781125133,0.4175110984,0.4837957323
E2VID,zurich_city_00_a,423,21.1504260000,0423.png,0.0785720979,0.4158663238,0.4847880900
E2VID,zurich_city_00_a,424,21.2004280000,0424.png,0.0777744034,0.4138491769,0.4887362123
E2VID,zurich_city_00_a,425,21.2504090000,0425.png,0.0785558558,0.4116476852,0.4831535816
E2VID,zurich_city_00_a,426,21.3004100000,0426.png,0.0803385980,0.4076128293,0.4790806770
E2VID,zurich_city_00_a,427,21.3504110000,0427.png,0.0832654579,0.4041297844,0.4853223860
E2VID,zurich_city_00_a,428,21.4004410000,0428.png,0.0867117373,0.3990933370,0.4904026985
E2VID,zurich_city_00_a,429,21.4504340000,0429.png,0.0871260041,0.3929993088,0.4969503880
E2VID,zurich_city_00_a,430,21.5004150000,0430.png,0.0858589179,0.3921474857,0.4899147451
E2VID,zurich_city_00_a,431,21.5504160000,0431.png,0.0852084616,0.3909570372,0.4872393906
E2VID,zurich_city_00_a,432,21.6004180000,0432.png,0.0850763547,0.3857034335,0.5002499819
E2VID,zurich_city_00_a,433,21.6504190000,0433.png,0.0850064882,0.3812417419,0.4957937598
E2VID,zurich_city_00_a,434,21.7004480000,0434.png,0.0847214312,0.3798644651,0.5038306117
E2VID,zurich_city_00_a,435,21.7504410000,0435.png,0.0835337099,0.3839818145,0.5134139061
E2VID,zurich_city_00_a,436,21.8004310000,0436.png,0.0828622565,0.3889023173,0.5134150386
E2VID,zurich_city_00_a,437,21.8504280000,0437.png,0.0827073930,0.3923523312,0.5035665631
E2VID,zurich_city_00_a,438,21.9004290000,0438.png,0.0838783423,0.3893645655,0.5046196580
E2VID,zurich_city_00_a,439,21.9504300000,0439.png,0.0852986935,0.3853408476,0.5042037368
E2VID,zurich_city_00_a,440,22.0003800000,0440.png,0.0863610251,0.3883780937,0.4998279512
E2VID,zurich_city_00_a,441,22.0504210000,0441.png,0.0861219883,0.3872839538,0.5066967607
E2VID,zurich_city_00_a,442,22.1004100000,0442.png,0.0860677983,0.3901617175,0.5040413737
E2VID,zurich_city_00_a,443,22.1504110000,0443.png,0.0851931505,0.3909958033,0.5059074759
E2VID,zurich_city_00_a,444,22.2004120000,0444.png,0.0840311803,0.3936862229,0.5067257881
E2VID,zurich_city_00_a,445,22.2504140000,0445.png,0.0821322348,0.3979093097,0.5146876574
E2VID,zurich_city_00_a,446,22.3004110000,0446.png,0.0809107648,0.3984604881,0.5220349431
E2VID,zurich_city_00_a,447,22.3504120000,0447.png,0.0805163209,0.3987173369,0.5244314671
E2VID,zurich_city_00_a,448,22.4004170000,0448.png,0.0807174014,0.4016736282,0.5250840783
E2VID,zurich_city_00_a,449,22.4504180000,0449.png,0.0805645491,0.4037353095,0.5194627047
E2VID,zurich_city_00_a,450,22.5004200000,0450.png,0.0807813208,0.4077335584,0.5200194716
E2VID,zurich_city_00_a,451,22.5504250000,0451.png,0.0808468370,0.4108986011,0.5238923430
E2VID,zurich_city_00_a,452,22.6004220000,0452.png,0.0809108341,0.4123225388,0.5185499191
E2VID,zurich_city_00_a,453,22.6504230000,0453.png,0.0812281095,0.4130384257,0.5114777684
E2VID,zurich_city_00_a,454,22.7004240000,0454.png,0.0814267645,0.4141819716,0.5108909011
E2VID,zurich_city_00_a,455,22.7504300000,0455.png,0.0813976241,0.4120169958,0.5013704300
E2VID,zurich_city_00_a,456,22.8004270000,0456.png,0.0811786323,0.4110899488,0.5006319284
E2VID,zurich_city_00_a,457,22.8504400000,0457.png,0.0816103271,0.4106246913,0.5038570762
E2VID,zurich_city_00_a,458,22.9004370000,0458.png,0.0819768999,0.4104111569,0.5086442828
E2VID,zurich_city_00_a,459,22.9504380000,0459.png,0.0825628470,0.4102946207,0.5041552782
E2VID,zurich_city_00_a,460,23.0003800000,0460.png,0.0829575671,0.4067400090,0.4873710275
E2VID,zurich_city_00_a,461,23.0504250000,0461.png,0.0836690880,0.4005533614,0.4855901003
E2VID,zurich_city_00_a,462,23.1004180000,0462.png,0.0836931660,0.3964055765,0.4856056571
E2VID,zurich_city_00_a,463,23.1504110000,0463.png,0.0850137411,0.3925046165,0.4906125069
E2VID,zurich_city_00_a,464,23.2004130000,0464.png,0.0859836142,0.3932071147,0.5037038326
E2VID,zurich_city_00_a,465,23.2504180000,0465.png,0.0868001757,0.3933430269,0.5049797893
E2VID,zurich_city_00_a,466,23.3004230000,0466.png,0.0876882732,0.3918962261,0.5069640279
E2VID,zurich_city_00_a,467,23.3504240000,0467.png,0.0881447268,0.3906174291,0.5174466372
E2VID,zurich_city_00_a,468,23.4004260000,0468.png,0.0879630267,0.3912519918,0.5149707198
E2VID,zurich_city_00_a,469,23.4504190000,0469.png,0.0878418167,0.3875360217,0.5038967729
E2VID,zurich_city_00_a,470,23.5004200000,0470.png,0.0874671623,0.3863400564,0.5005066395
E2VID,zurich_city_00_a,471,23.5504250000,0471.png,0.0869936897,0.3858367063,0.4995776713
E2VID,zurich_city_00_a,472,23.6004270000,0472.png,0.0863815799,0.3852741949,0.5005059838
E2VID,zurich_city_00_a,473,23.6504280000,0473.png,0.0862977584,0.3849456737,0.4998636544
E2VID,zurich_city_00_a,474,23.7004290000,0474.png,0.0866992199,0.3826289404,0.4963971972
E2VID,zurich_city_00_a,475,23.7504260000,0475.png,0.0861100908,0.3849133785,0.5034179091
E2VID,zurich_city_00_a,476,23.8004480000,0476.png,0.0854484699,0.3879453918,0.4998192787
E2VID,zurich_city_00_a,477,23.8504330000,0477.png,0.0851170233,0.3875544174,0.5006008148
E2VID,zurich_city_00_a,478,23.9004340000,0478.png,0.0849905207,0.3877165809,0.5068652034
E2VID,zurich_city_00_a,479,23.9504390000,0479.png,0.0837362966,0.3911684696,0.5120037794
E2VID,zurich_city_00_a,480,24.0003810000,0480.png,0.0827797975,0.3937236295,0.5150542855
E2VID,zurich_city_00_a,481,24.0504220000,0481.png,0.0819512924,0.3959300779,0.5154724717
E2VID,zurich_city_00_a,482,24.1004110000,0482.png,0.0812381465,0.3985409784,0.5152655244
E2VID,zurich_city_00_a,483,24.1504080000,0483.png,0.0806303752,0.4013366751,0.5149952173
E2VID,zurich_city_00_a,484,24.2004130000,0484.png,0.0797797731,0.4041653229,0.5220494270
E2VID,zurich_city_00_a,485,24.2504190000,0485.png,0.0782228985,0.4068129507,0.5192319751
E2VID,zurich_city_00_a,486,24.3004120000,0486.png,0.0774845590,0.4067782610,0.5163965225
E2VID,zurich_city_00_a,487,24.3504170000,0487.png,0.0769823678,0.4072201418,0.5206879973
E2VID,zurich_city_00_a,488,24.4004180000,0488.png,0.0771452584,0.4083775185,0.5250002742
E2VID,zurich_city_00_a,489,24.4504230000,0489.png,0.0777566488,0.4082701970,0.5280567408
E2VID,zurich_city_00_a,490,24.5004250000,0490.png,0.0779983943,0.4097318458,0.5309119821
E2VID,zurich_city_00_a,491,24.5504300000,0491.png,0.0786481600,0.4101916055,0.5288966298
E2VID,zurich_city_00_a,492,24.6004230000,0492.png,0.0793156058,0.4085330874,0.5236656666
E2VID,zurich_city_00_a,493,24.6504280000,0493.png,0.0802998146,0.4086224423,0.5286167860
E2VID,zurich_city_00_a,494,24.7004290000,0494.png,0.0810248815,0.4091005620,0.5215891600
E2VID,zurich_city_00_a,495,24.7504310000,0495.png,0.0819497681,0.4078835002,0.5241743922
E2VID,zurich_city_00_a,496,24.8004360000,0496.png,0.0820650803,0.4092974828,0.5279189944
E2VID,zurich_city_00_a,497,24.8504370000,0497.png,0.0822655454,0.4096944363,0.5303704143
E2VID,zurich_city_00_a,498,24.9004340000,0498.png,0.0824065813,0.4105219664,0.5388597250
E2VID,zurich_city_00_a,499,24.9504350000,0499.png,0.0829665955,0.4110358032,0.5464448929
E2VID,zurich_city_00_a,500,25.0003810000,0500.png,0.0833053640,0.4108728016,0.5481323600
E2VID,zurich_city_00_a,501,25.0504180000,0501.png,0.0836774846,0.4098608148,0.5493731499
E2VID,zurich_city_00_a,502,25.1004110000,0502.png,0.0839285067,0.4094381336,0.5467525721
E2VID,zurich_city_00_a,503,25.1504120000,0503.png,0.0835878608,0.4091861222,0.5365023613
E2VID,zurich_city_00_a,504,25.2004100000,0504.png,0.0830997803,0.4100491856,0.5326181054
E2VID,zurich_city_00_a,505,25.2504110000,0505.png,0.0824906512,0.4127986157,0.5329250693
E2VID,zurich_city_00_a,506,25.3004160000,0506.png,0.0817081871,0.4147341087,0.5320618749
E2VID,zurich_city_00_a,507,25.3504210000,0507.png,0.0819663861,0.4155242368,0.5355050564
E2VID,zurich_city_00_a,508,25.4004230000,0508.png,0.0826988088,0.4144562188,0.5406127572
E2VID,zurich_city_00_a,509,25.4504240000,0509.png,0.0841542339,0.4138878905,0.5496645570
E2VID,zurich_city_00_a,510,25.5004210000,0510.png,0.0857104036,0.4125593048,0.5571179986
E2VID,zurich_city_00_a,511,25.5504260000,0511.png,0.0874661188,0.4109462541,0.5556480885
E2VID,zurich_city_00_a,512,25.6004320000,0512.png,0.0886512568,0.4097156418,0.5498900414
E2VID,zurich_city_00_a,513,25.6504330000,0513.png,0.0900752476,0.4090617706,0.5426743031
E2VID,zurich_city_00_a,514,25.7004380000,0514.png,0.0913294208,0.4074807191,0.5311165452
E2VID,zurich_city_00_a,515,25.7504310000,0515.png,0.0929374724,0.4069335676,0.5325899720
E2VID,zurich_city_00_a,516,25.8004450000,0516.png,0.0940803811,0.4063910104,0.5400701165
E2VID,zurich_city_00_a,517,25.8504380000,0517.png,0.0955177012,0.4052338104,0.5392497778
E2VID,zurich_city_00_a,518,25.9004390000,0518.png,0.0969955887,0.4039982703,0.5440272689
E2VID,zurich_city_00_a,519,25.9504440000,0519.png,0.0984092232,0.4029123238,0.5485979915
E2VID,zurich_city_00_a,520,26.0003780000,0520.png,0.0993175413,0.4023533231,0.5487164259
E2VID,zurich_city_00_a,521,26.0504110000,0521.png,0.1001226633,0.3999636474,0.5569783449
E2VID,zurich_city_00_a,522,26.1004040000,0522.png,0.1008270190,0.3989805124,0.5666320324
E2VID,zurich_city_00_a,523,26.1504290000,0523.png,0.1010260101,0.3976518411,0.5783053637
E2VID,zurich_city_00_a,524,26.2004060000,0524.png,0.1015637102,0.3974198821,0.5903922319
E2VID,zurich_city_00_a,525,26.2504120000,0525.png,0.1019356074,0.3942680241,0.5941374898
E2VID,zurich_city_00_a,526,26.3004130000,0526.png,0.1021821195,0.3940282230,0.6054958701
E2VID,zurich_city_00_a,527,26.3504100000,0527.png,0.1025992463,0.3934355046,0.6075497270
E2VID,zurich_city_00_a,528,26.4004150000,0528.png,0.1017153729,0.3939959011,0.6108298898
E2VID,zurich_city_00_a,529,26.4504160000,0529.png,0.1023839033,0.3932717443,0.6145457029
E2VID,zurich_city_00_a,530,26.5004220000,0530.png,0.1027092350,0.3931013627,0.6156458259
E2VID,zurich_city_00_a,531,26.5504230000,0531.png,0.1022223777,0.3930314207,0.6204557419
E2VID,zurich_city_00_a,532,26.6004240000,0532.png,0.1015811749,0.3937648411,0.6214908361
E2VID,zurich_city_00_a,533,26.6504210000,0533.png,0.1010060191,0.3935689715,0.6190767288
E2VID,zurich_city_00_a,534,26.7004260000,0534.png,0.1006400194,0.3942136564,0.6184763908
E2VID,zurich_city_00_a,535,26.7504280000,0535.png,0.1003487537,0.3943667197,0.6195629835
E2VID,zurich_city_00_a,536,26.8004210000,0536.png,0.0995111275,0.3947354797,0.6144547462
E2VID,zurich_city_00_a,537,26.8504300000,0537.png,0.0985969198,0.3948608321,0.6077458262
E2VID,zurich_city_00_a,538,26.9004270000,0538.png,0.0976891349,0.3935819777,0.6030612588
E2VID,zurich_city_00_a,539,26.9504280000,0539.png,0.0968477550,0.3932988966,0.6070331335
E2VID,zurich_city_00_a,540,27.0003780000,0540.png,0.0966090591,0.3933456908,0.6143488288
E2VID,zurich_city_00_a,541,27.0504230000,0541.png,0.0989523227,0.3893108631,0.6201582551
E2VID,zurich_city_00_a,542,27.1004160000,0542.png,0.0991817869,0.3920250656,0.6249305010
E2VID,zurich_city_00_a,543,27.1504170000,0543.png,0.0988071418,0.3945360673,0.6283283234
E2VID,zurich_city_00_a,544,27.2004150000,0544.png,0.0983907886,0.3961036684,0.6345114708
E2VID,zurich_city_00_a,545,27.2504160000,0545.png,0.0981639380,0.3973570659,0.6380395889
E2VID,zurich_city_00_a,546,27.3004210000,0546.png,0.0983741048,0.3973445746,0.6383661628
E2VID,zurich_city_00_a,547,27.3504220000,0547.png,0.0997525384,0.3956145654,0.6408983469
E2VID,zurich_city_00_a,548,27.4004240000,0548.png,0.0987593359,0.3965387816,0.6459058523
E2VID,zurich_city_00_a,549,27.4504290000,0549.png,0.0989487548,0.3964261039,0.6477104425
E2VID,zurich_city_00_a,550,27.5004220000,0550.png,0.0992429199,0.3960895338,0.6481159329
E2VID,zurich_city_00_a,551,27.5504270000,0551.png,0.0994122061,0.3968704170,0.6441692114
E2VID,zurich_city_00_a,552,27.6004330000,0552.png,0.0995598135,0.3978991884,0.6459564567
E2VID,zurich_city_00_a,553,27.6504340000,0553.png,0.0997301131,0.3983422631,0.6465030909
E2VID,zurich_city_00_a,554,27.7004350000,0554.png,0.0995105018,0.3994316776,0.6446065903
E2VID,zurich_city_00_a,555,27.7504400000,0555.png,0.0992510676,0.4014351176,0.6457480192
E2VID,zurich_city_00_a,556,27.8004380000,0556.png,0.0990586138,0.4013529447,0.6438075900
E2VID,zurich_city_00_a,557,27.8504350000,0557.png,0.0988759557,0.4027938454,0.6437252760
E2VID,zurich_city_00_a,558,27.9004400000,0558.png,0.0988078666,0.4034127993,0.6465352178
E2VID,zurich_city_00_a,559,27.9504450000,0559.png,0.0988017510,0.4045893586,0.6455306411
E2VID,zurich_city_00_a,560,28.0003790000,0560.png,0.0987481987,0.4050897998,0.6462450027
E2VID,zurich_city_00_a,561,28.0504120000,0561.png,0.0988143010,0.4064606287,0.6484286785
E2VID,zurich_city_00_a,562,28.1004050000,0562.png,0.0987391863,0.4076994802,0.6440132260
E2VID,zurich_city_00_a,563,28.1504300000,0563.png,0.0987287986,0.4076726383,0.6441938877
E2VID,zurich_city_00_a,564,28.2004070000,0564.png,0.0987938946,0.4076714001,0.6427266002
E2VID,zurich_city_00_a,565,28.2504130000,0565.png,0.0985281236,0.4077570079,0.6426929235
E2VID,zurich_city_00_a,566,28.3004140000,0566.png,0.0985253022,0.4077183249,0.6432180405
E2VID,zurich_city_00_a,567,28.3504110000,0567.png,0.0988656664,0.4072102274,0.6429809928
E2VID,zurich_city_00_a,568,28.4004160000,0568.png,0.0985570121,0.4075885619,0.6449766159
E2VID,zurich_city_00_a,569,28.4504210000,0569.png,0.0984806610,0.4091357587,0.6455692053
E2VID,zurich_city_00_a,570,28.5004230000,0570.png,0.0984610750,0.4105255843,0.6466806531
E2VID,zurich_city_00_a,571,28.5504240000,0571.png,0.0987527781,0.4113520666,0.6452486515
E2VID,zurich_city_00_a,572,28.6004250000,0572.png,0.0986059336,0.4130121111,0.6453437209
E2VID,zurich_city_00_a,573,28.6504220000,0573.png,0.0986710422,0.4140033378,0.6449170709
E2VID,zurich_city_00_a,574,28.7004230000,0574.png,0.0982720406,0.4150531655,0.6457868814
E2VID,zurich_city_00_a,575,28.7504290000,0575.png,0.0981849295,0.4160866412,0.6486066580
E2VID,zurich_city_00_a,576,28.8004260000,0576.png,0.0982255233,0.4156826209,0.6491008997
E2VID,zurich_city_00_a,577,28.8504310000,0577.png,0.0979933596,0.4167110510,0.6496618390
E2VID,zurich_city_00_a,578,28.9004360000,0578.png,0.0977366946,0.4170071652,0.6518707871
E2VID,zurich_city_00_a,579,28.9504330000,0579.png,0.0972044144,0.4175836849,0.6537297368
E2VID,zurich_city_00_a,580,29.0003750000,0580.png,0.0973358086,0.4172045700,0.6572483778
E2VID,zurich_city_00_a,581,29.0504120000,0581.png,0.0975134048,0.4170385081,0.6550884843
E2VID,zurich_city_00_a,582,29.1004050000,0582.png,0.0977653069,0.4170919746,0.6512758732
E2VID,zurich_city_00_a,583,29.1504060000,0583.png,0.0983381185,0.4173094737,0.6505083442
E2VID,zurich_city_00_a,584,29.2004120000,0584.png,0.0986215721,0.4177675746,0.6474116445
E2VID,zurich_city_00_a,585,29.2504090000,0585.png,0.0987329866,0.4183173036,0.6498776078
E2VID,zurich_city_00_a,586,29.3004140000,0586.png,0.0988840822,0.4184621233,0.6541010141
E2VID,zurich_city_00_a,587,29.3504150000,0587.png,0.0987721450,0.4195905024,0.6558163166
E2VID,zurich_city_00_a,588,29.4004170000,0588.png,0.0983736509,0.4209144806,0.6621873975
E2VID,zurich_city_00_a,589,29.4504220000,0589.png,0.0976302319,0.4223433864,0.6605982184
E2VID,zurich_city_00_a,590,29.5004190000,0590.png,0.0973083812,0.4225577242,0.6613969207
E2VID,zurich_city_00_a,591,29.5504240000,0591.png,0.0968138488,0.4245087057,0.6616789699
E2VID,zurich_city_00_a,592,29.6004300000,0592.png,0.0968927654,0.4251018155,0.6605754495
E2VID,zurich_city_00_a,593,29.6504310000,0593.png,0.0967846971,0.4260881272,0.6584317684
E2VID,zurich_city_00_a,594,29.7004360000,0594.png,0.0967483359,0.4267509270,0.6611207724
E2VID,zurich_city_00_a,595,29.7504370000,0595.png,0.0968651698,0.4271931435,0.6639842987
E2VID,zurich_city_00_a,596,29.8004390000,0596.png,0.0965002424,0.4277760645,0.6612626314
E2VID,zurich_city_00_a,597,29.8504320000,0597.png,0.0958240099,0.4282884075,0.6609280705
E2VID,zurich_city_00_a,598,29.9004330000,0598.png,0.0948132686,0.4286402982,0.6579609513
E2VID,zurich_city_00_a,599,29.9504340000,0599.png,0.0942874075,0.4280436284,0.6517107487
E2VID,zurich_city_00_a,600,30.0003760000,0600.png,0.0937704955,0.4272744298,0.6487275362
E2VID,zurich_city_00_a,601,30.0504170000,0601.png,0.0939462016,0.4268090591,0.6477155685
E2VID,zurich_city_00_a,602,30.1004020000,0602.png,0.0936389560,0.4258168980,0.6412230730
E2VID,zurich_city_00_a,603,30.1504230000,0603.png,0.0935850904,0.4252971367,0.6424269676
E2VID,zurich_city_00_a,604,30.2004240000,0604.png,0.0935447817,0.4255609847,0.6394269466
E2VID,zurich_city_00_a,605,30.2504060000,0605.png,0.0937089804,0.4258444625,0.6432242393
E2VID,zurich_city_00_a,606,30.3004070000,0606.png,0.0938379915,0.4262224434,0.6454991102
E2VID,zurich_city_00_a,607,30.3504080000,0607.png,0.0939316842,0.4260958530,0.6393417120
E2VID,zurich_city_00_a,608,30.4004290000,0608.png,0.0938759303,0.4268623407,0.6356717944
E2VID,zurich_city_00_a,609,30.4504300000,0609.png,0.0939089986,0.4261653812,0.6307812333
E2VID,zurich_city_00_a,610,30.5004120000,0610.png,0.0936633010,0.4256914222,0.6277447939
E2VID,zurich_city_00_a,611,30.5504130000,0611.png,0.0935273240,0.4247394218,0.6244553924
E2VID,zurich_city_00_a,612,30.6004140000,0612.png,0.0933490229,0.4240799457,0.6201968789
E2VID,zurich_city_00_a,613,30.6504390000,0613.png,0.0933372205,0.4229647315,0.6192433834
E2VID,zurich_city_00_a,614,30.7004360000,0614.png,0.0929113279,0.4233926819,0.6127142906
E2VID,zurich_city_00_a,615,30.7504380000,0615.png,0.0926422593,0.4223230283,0.6064436436
E2VID,zurich_city_00_a,616,30.8004310000,0616.png,0.0924509661,0.4204105238,0.6004928350
E2VID,zurich_city_00_a,617,30.8504200000,0617.png,0.0923033608,0.4183590734,0.5979775786
E2VID,zurich_city_00_a,618,30.9004210000,0618.png,0.0921347801,0.4162229047,0.5959169269
E2VID,zurich_city_00_a,619,30.9504420000,0619.png,0.0917745347,0.4148017430,0.5907627344
E2VID,zurich_city_00_a,620,31.0003760000,0620.png,0.0917955340,0.4145947228,0.5895501971
E2VID,zurich_city_00_a,621,31.0504130000,0621.png,0.0916752460,0.4146444222,0.5784953833
E2VID,zurich_city_00_a,622,31.1004060000,0622.png,0.0910022973,0.4145515305,0.5726882815
E2VID,zurich_city_00_a,623,31.1504030000,0623.png,0.0900589342,0.4149689106,0.5591478348
E2VID,zurich_city_00_a,624,31.2004090000,0624.png,0.0885591520,0.4148292155,0.5394597650
E2VID,zurich_city_00_a,625,31.2504260000,0625.png,0.0876511940,0.4133826611,0.5394343734
E2VID,zurich_city_00_a,626,31.3004270000,0626.png,0.0852644629,0.4137688953,0.5289582014
E2VID,zurich_city_00_a,627,31.3504280000,0627.png,0.0814953320,0.4145459262,0.5218434334
E2VID,zurich_city_00_a,628,31.4004260000,0628.png,0.0779772586,0.4144148102,0.5109062791
E2VID,zurich_city_00_a,629,31.4504270000,0629.png,0.0756313094,0.4131648825,0.5041781068
E2VID,zurich_city_00_a,630,31.5004320000,0630.png,0.0733458437,0.4135761465,0.5065465569
E2VID,zurich_city_00_a,631,31.5504250000,0631.png,0.0716222801,0.4138925983,0.5050038695
E2VID,zurich_city_00_a,632,31.6004270000,0632.png,0.0701502868,0.4138719598,0.4973708391
E2VID,zurich_city_00_a,633,31.6504280000,0633.png,0.0694566723,0.4122202280,0.4956495464
E2VID,zurich_city_00_a,634,31.7004290000,0634.png,0.0686799617,0.4124670069,0.4990733266
E2VID,zurich_city_00_a,635,31.7504300000,0635.png,0.0681337115,0.4124002080,0.5047498941
E2VID,zurich_city_00_a,636,31.8004320000,0636.png,0.0678405116,0.4116701336,0.5050488710
E2VID,zurich_city_00_a,637,31.8504250000,0637.png,0.0682742444,0.4086624372,0.5096445680
E2VID,zurich_city_00_a,638,31.9004260000,0638.png,0.0688813282,0.4042255739,0.5125783086
E2VID,zurich_city_00_a,639,31.9504270000,0639.png,0.0700119687,0.3972468829,0.5217182636
E2VID,zurich_city_00_a,640,32.0003770000,0640.png,0.0712947542,0.3902850438,0.5252404213
E2VID,zurich_city_00_a,641,32.0504140000,0641.png,0.0731829760,0.3813905349,0.5360443592
E2VID,zurich_city_00_a,642,32.1004230000,0642.png,0.0753153089,0.3742093048,0.5463175178
E2VID,zurich_city_00_a,643,32.1504200000,0643.png,0.0768773000,0.3688847452,0.5485692024
E2VID,zurich_city_00_a,644,32.2004250000,0644.png,0.0779085200,0.3694803709,0.5548644662
E2VID,zurich_city_00_a,645,32.2504270000,0645.png,0.0785280164,0.3741335927,0.5425236225
E2VID,zurich_city_00_a,646,32.3004280000,0646.png,0.0871365306,0.3598526941,0.5261758566
E2VID,zurich_city_00_a,647,32.3504290000,0647.png,0.0910667933,0.3633891513,0.5243861675
E2VID,zurich_city_00_a,648,32.4004260000,0648.png,0.0889472579,0.3666582318,0.5197293162
E2VID,zurich_city_00_a,649,32.4504270000,0649.png,0.0881313580,0.3671846768,0.5134050846
E2VID,zurich_city_00_a,650,32.5004290000,0650.png,0.0872570160,0.3660986234,0.5137172937
E2VID,zurich_city_00_a,651,32.5504300000,0651.png,0.0863201207,0.3673000374,0.5212780237
E2VID,zurich_city_00_a,652,32.6004310000,0652.png,0.0854116377,0.3704342808,0.5220863819
E2VID,zurich_city_00_a,653,32.6504320000,0653.png,0.0845796241,0.3753965765,0.5139569640
E2VID,zurich_city_00_a,654,32.7004290000,0654.png,0.0853768131,0.3775141168,0.5165693760
E2VID,zurich_city_00_a,655,32.7504310000,0655.png,0.0870451830,0.3782532347,0.5113912821
E2VID,zurich_city_00_a,656,32.8004400000,0656.png,0.0888174012,0.3775706982,0.5091630220
E2VID,zurich_city_00_a,657,32.8504410000,0657.png,0.0881558043,0.3715000707,0.4994772673
E2VID,zurich_city_00_a,658,32.9004420000,0658.png,0.0864390773,0.3693832002,0.4922354221
E2VID,zurich_city_00_a,659,32.9504430000,0659.png,0.0847500228,0.3706504032,0.4878758490
E2VID,zurich_city_00_a,660,33.0003730000,0660.png,0.0829647138,0.3713672225,0.4731978178
E2VID,zurich_city_00_a,661,33.0504060000,0661.png,0.0811653039,0.3710891637,0.4823351204
E2VID,zurich_city_00_a,662,33.1003990000,0662.png,0.0797471802,0.3688220919,0.4807745814
E2VID,zurich_city_00_a,663,33.1504200000,0663.png,0.0788344649,0.3693713693,0.4908716977
E2VID,zurich_city_00_a,664,33.2004020000,0664.png,0.0794704389,0.3645562301,0.4941925406
E2VID,zurich_city_00_a,665,33.2504270000,0665.png,0.0800828958,0.3624856060,0.4983221889
E2VID,zurich_city_00_a,666,33.3004200000,0666.png,0.0799740333,0.3653418682,0.5047482252
E2VID,zurich_city_00_a,667,33.3504210000,0667.png,0.0804769641,0.3632364361,0.5056146383
E2VID,zurich_city_00_a,668,33.4004230000,0668.png,0.0818356642,0.3612971690,0.5070462227
E2VID,zurich_city_00_a,669,33.4504280000,0669.png,0.0841074996,0.3582450998,0.5092725754
E2VID,zurich_city_00_a,670,33.5004290000,0670.png,0.0866095887,0.3559181300,0.5128943920
E2VID,zurich_city_00_a,671,33.5504260000,0671.png,0.0903278158,0.3526363362,0.5261710882
E2VID,zurich_city_00_a,672,33.6004280000,0672.png,0.0948005446,0.3466861560,0.5328735113
E2VID,zurich_city_00_a,673,33.6504290000,0673.png,0.0974457328,0.3444167579,0.5474952459
E2VID,zurich_city_00_a,674,33.7004340000,0674.png,0.0959340617,0.3448426292,0.5499635935
E2VID,zurich_city_00_a,675,33.7504350000,0675.png,0.0940309711,0.3450716785,0.5368385911
E2VID,zurich_city_00_a,676,33.8004370000,0676.png,0.0889564416,0.3474422615,0.5250739455
E2VID,zurich_city_00_a,677,33.8504380000,0677.png,0.0834981170,0.3499608244,0.5069392323
E2VID,zurich_city_00_a,678,33.9004390000,0678.png,0.0762773690,0.3549678018,0.4981942773
E2VID,zurich_city_00_a,679,33.9504400000,0679.png,0.0719982709,0.3579310251,0.4877372980
E2VID,zurich_city_00_a,680,34.0003740000,0680.png,0.0695826784,0.3644888681,0.4875653088
E2VID,zurich_city_00_a,681,34.0504110000,0681.png,0.0696373202,0.3680641717,0.4935007095
E2VID,zurich_city_00_a,682,34.1004040000,0682.png,0.0723481217,0.3652820115,0.4943139255
E2VID,zurich_city_00_a,683,34.1504210000,0683.png,0.0756810604,0.3623680841,0.4841595590
E2VID,zurich_city_00_a,684,34.2004220000,0684.png,0.0777587674,0.3538913362,0.4813812375
E2VID,zurich_city_00_a,685,34.2504240000,0685.png,0.0751597273,0.3533578406,0.4837922454
E2VID,zurich_city_00_a,686,34.3004250000,0686.png,0.0682549136,0.3620028385,0.4897751808
E2VID,zurich_city_00_a,687,34.3504260000,0687.png,0.0688739589,0.3622222761,0.4841752648
E2VID,zurich_city_00_a,688,34.4004310000,0688.png,0.0687495362,0.3598226370,0.4780471921
E2VID,zurich_city_00_a,689,34.4504240000,0689.png,0.0720939577,0.3586655985,0.4791845977
E2VID,zurich_city_00_a,690,34.5004300000,0690.png,0.0732281026,0.3664813906,0.4649025798
E2VID,zurich_city_00_a,691,34.5504310000,0691.png,0.0717043146,0.3771584492,0.4560546279
E2VID,zurich_city_00_a,692,34.6004320000,0692.png,0.0722878151,0.3786407997,0.4532868266
E2VID,zurich_city_00_a,693,34.6504330000,0693.png,0.0750857841,0.3767111858,0.4583696723
E2VID,zurich_city_00_a,694,34.7004260000,0694.png,0.0807926892,0.3768231607,0.4635248184
E2VID,zurich_city_00_a,695,34.7504320000,0695.png,0.0832282279,0.3776165129,0.4721448421
E2VID,zurich_city_00_a,696,34.8004330000,0696.png,0.0851557651,0.3731370373,0.4816809297
E2VID,zurich_city_00_a,697,34.8504380000,0697.png,0.0863041377,0.3691682900,0.4925108552
E2VID,zurich_city_00_a,698,34.9004190000,0698.png,0.0871646777,0.3679436106,0.5006421804
E2VID,zurich_city_00_a,699,34.9504200000,0699.png,0.0878113255,0.3658417554,0.5029748678
E2VID,zurich_city_00_a,700,35.0003740000,0700.png,0.0869497197,0.3660960835,0.5125401616
E2VID,zurich_city_00_a,701,35.0504070000,0701.png,0.0862791303,0.3673368838,0.5112237334
E2VID,zurich_city_00_a,702,35.1004000000,0702.png,0.0842518293,0.3707672603,0.5097706914
E2VID,zurich_city_00_a,703,35.1504210000,0703.png,0.0832999769,0.3707782444,0.5112822652
E2VID,zurich_city_00_a,704,35.2004020000,0704.png,0.0843939389,0.3733860818,0.5144427419
E2VID,zurich_city_00_a,705,35.2504040000,0705.png,0.0858062272,0.3766142738,0.5125404000
E2VID,zurich_city_00_a,706,35.3004250000,0706.png,0.0855842820,0.3834146010,0.5017105937
E2VID,zurich_city_00_a,707,35.3504260000,0707.png,0.0858812310,0.3804926255,0.4900338054
E2VID,zurich_city_00_a,708,35.4004270000,0708.png,0.0871359472,0.3738818826,0.4892467856
E2VID,zurich_city_00_a,709,35.4504280000,0709.png,0.0904722340,0.3673611573,0.4940881133
E2VID,zurich_city_00_a,710,35.5004300000,0710.png,0.0922966260,0.3596085701,0.4924257696
E2VID,zurich_city_00_a,711,35.5504110000,0711.png,0.0933690022,0.3534555032,0.4948714077
E2VID,zurich_city_00_a,712,35.6004320000,0712.png,0.0917748258,0.3514203782,0.5005893707
E2VID,zurich_city_00_a,713,35.6504330000,0713.png,0.0914711164,0.3565635594,0.4882760048
E2VID,zurich_city_00_a,714,35.7004140000,0714.png,0.0896472343,0.3581287385,0.4896506369
E2VID,zurich_city_00_a,715,35.7504200000,0715.png,0.0858152760,0.3586504325,0.4844281673
E2VID,zurich_city_00_a,716,35.8004290000,0716.png,0.0812992312,0.3604556991,0.4809730053
E2VID,zurich_city_00_a,717,35.8504260000,0717.png,0.0747088674,0.3677379352,0.4835300148
E2VID,zurich_city_00_a,718,35.9004230000,0718.png,0.0686763120,0.3780472282,0.4827834964
E2VID,zurich_city_00_a,719,35.9504280000,0719.png,0.0651000953,0.3804299907,0.4849068820
E2VID,zurich_city_00_a,720,36.0003740000,0720.png,0.0626137314,0.3809142887,0.4853178263
E2VID,zurich_city_00_a,721,36.0504070000,0721.png,0.0623606218,0.3774487586,0.4967204928
E2VID,zurich_city_00_a,722,36.1004040000,0722.png,0.0622677185,0.3769767642,0.5112663507
E2VID,zurich_city_00_a,723,36.1504210000,0723.png,0.0616853644,0.3811766517,0.5124754310
E2VID,zurich_city_00_a,724,36.2004230000,0724.png,0.0626793735,0.3749871162,0.5101122260
E2VID,zurich_city_00_a,725,36.2504240000,0725.png,0.0632954081,0.3710732096,0.5070142746
E2VID,zurich_city_00_a,726,36.3004050000,0726.png,0.0623612415,0.3685745855,0.5016968250
E2VID,zurich_city_00_a,727,36.3504060000,0727.png,0.0616014123,0.3638419201,0.4999896288
E2VID,zurich_city_00_a,728,36.4004120000,0728.png,0.0617302608,0.3617336032,0.4954412580
E2VID,zurich_city_00_a,729,36.4504290000,0729.png,0.0611583334,0.3583317679,0.4860013723
E2VID,zurich_city_00_a,730,36.5004100000,0730.png,0.0598180741,0.3526460196,0.4815619290
E2VID,zurich_city_00_a,731,36.5504110000,0731.png,0.0599837952,0.3515599424,0.4891497493
E2VID,zurich_city_00_a,732,36.6004130000,0732.png,0.0619456879,0.3485593942,0.4921362400
E2VID,zurich_city_00_a,733,36.6504180000,0733.png,0.0641180242,0.3454190255,0.4998375773
E2VID,zurich_city_00_a,734,36.7004190000,0734.png,0.0676650726,0.3391799199,0.5109966993
E2VID,zurich_city_00_a,735,36.7504160000,0735.png,0.0739946412,0.3294756002,0.5192049146
E2VID,zurich_city_00_a,736,36.8004340000,0736.png,0.0814381320,0.3200761375,0.5405473113
E2VID,zurich_city_00_a,737,36.8504270000,0737.png,0.0913506369,0.3110266743,0.5552595258
E2VID,zurich_city_00_a,738,36.9004320000,0738.png,0.0994037458,0.3007969301,0.5748405457
E2VID,zurich_city_00_a,739,36.9504330000,0739.png,0.1037075143,0.2960980748,0.5554471016
E2VID,zurich_city_00_a,740,37.0003710000,0740.png,0.1143427743,0.2937834842,0.5507077575
E2VID,zurich_city_00_a,741,37.0504080000,0741.png,0.1164528742,0.2963162388,0.5556216240
E2VID,zurich_city_00_a,742,37.1004010000,0742.png,0.1153264520,0.2980032253,0.5520658493
E2VID,zurich_city_00_a,743,37.1503980000,0743.png,0.1111509570,0.3067104420,0.5437344313
E2VID,zurich_city_00_a,744,37.2004030000,0744.png,0.1030362253,0.3139196245,0.5519184470
E2VID,zurich_city_00_a,745,37.2504090000,0745.png,0.1008350593,0.3185296693,0.5483633876
E2VID,zurich_city_00_a,746,37.3004060000,0746.png,0.1022793904,0.3139959247,0.5377047062
E2VID,zurich_city_00_a,747,37.3504070000,0747.png,0.0996411606,0.3150053214,0.5315214396
E2VID,zurich_city_00_a,748,37.4004080000,0748.png,0.0965376000,0.3138953833,0.5270149112
E2VID,zurich_city_00_a,749,37.4504090000,0749.png,0.0933692049,0.3144936964,0.5305311084
E2VID,zurich_city_00_a,750,37.5004110000,0750.png,0.0959125126,0.3081738590,0.5327168703
E2VID,zurich_city_00_a,751,37.5504160000,0751.png,0.1017830693,0.2990383579,0.5285389423
E2VID,zurich_city_00_a,752,37.6004090000,0752.png,0.1021097350,0.2976640822,0.5377212763
E2VID,zurich_city_00_a,753,37.6504140000,0753.png,0.1012305856,0.2991755637,0.5432860851
E2VID,zurich_city_00_a,754,37.7004150000,0754.png,0.1008786052,0.3012902643,0.5461965799
E2VID,zurich_city_00_a,755,37.7504210000,0755.png,0.0999349382,0.3036831830,0.5577676892
E2VID,zurich_city_00_a,756,37.8004300000,0756.png,0.0976644629,0.3087005236,0.5577304959
E2VID,zurich_city_00_a,757,37.8504270000,0757.png,0.0958210188,0.3146370106,0.5640660524
E2VID,zurich_city_00_a,758,37.9004240000,0758.png,0.0949428635,0.3184769105,0.5494701862
E2VID,zurich_city_00_a,759,37.9504250000,0759.png,0.0944810838,0.3179156593,0.5362048149
E2VID,zurich_city_00_a,760,38.0003710000,0760.png,0.0943672695,0.3178205848,0.5348913670
E2VID,zurich_city_00_a,761,38.0504040000,0761.png,0.0926417206,0.3181567242,0.5352630019
E2VID,zurich_city_00_a,762,38.1003970000,0762.png,0.0928380611,0.3114564649,0.5349391699
E2VID,zurich_city_00_a,763,38.1504220000,0763.png,0.0910145249,0.3137259181,0.5356720090
E2VID,zurich_city_00_a,764,38.2004160000,0764.png,0.0885640793,0.3140733196,0.5305016041
E2VID,zurich_city_00_a,765,38.2504210000,0765.png,0.0863524973,0.3152882281,0.5278812051
E2VID,zurich_city_00_a,766,38.3004220000,0766.png,0.0853127774,0.3146401930,0.5281604528
E2VID,zurich_city_00_a,767,38.3504030000,0767.png,0.0833888731,0.3112135031,0.5238149762
E2VID,zurich_city_00_a,768,38.4004050000,0768.png,0.0813953831,0.3116299144,0.5290174484
E2VID,zurich_city_00_a,769,38.4504340000,0769.png,0.0810416996,0.3109461508,0.5208207369
E2VID,zurich_city_00_a,770,38.5004270000,0770.png,0.0801452284,0.3091242596,0.5234801173
E2VID,zurich_city_00_a,771,38.5504080000,0771.png,0.0801818889,0.3102120829,0.5246284604
E2VID,zurich_city_00_a,772,38.6004140000,0772.png,0.0801037868,0.3121676941,0.5231563449
E2VID,zurich_city_00_a,773,38.6504150000,0773.png,0.0794052684,0.3104713140,0.5167623758
E2VID,zurich_city_00_a,774,38.7004160000,0774.png,0.0787913210,0.3105815654,0.5184310079
E2VID,zurich_city_00_a,775,38.7504130000,0775.png,0.0790580678,0.3100038252,0.5276383162
E2VID,zurich_city_00_a,776,38.8004270000,0776.png,0.0793983437,0.3100732613,0.5370150805
E2VID,zurich_city_00_a,777,38.8504240000,0777.png,0.0789342322,0.3091593846,0.5446866155
E2VID,zurich_city_00_a,778,38.9004290000,0778.png,0.0775646492,0.3128897588,0.5509995818
E2VID,zurich_city_00_a,779,38.9504340000,0779.png,0.0744694167,0.3187930603,0.5564598441
E2VID,zurich_city_00_a,780,39.0003720000,0780.png,0.0738299722,0.3232910448,0.5601720810
E2VID,zurich_city_00_a,781,39.0504010000,0781.png,0.0716340569,0.3285267199,0.5536713004
E2VID,zurich_city_00_a,782,39.1004220000,0782.png,0.0706285993,0.3284327123,0.5447219014
E2VID,zurich_city_00_a,783,39.1504190000,0783.png,0.0712546758,0.3263822578,0.5436506271
E2VID,zurich_city_00_a,784,39.2004200000,0784.png,0.0728588122,0.3231739357,0.5281203389
E2VID,zurich_city_00_a,785,39.2504020000,0785.png,0.0724872619,0.3202828924,0.5318177938
E2VID,zurich_city_00_a,786,39.3004070000,0786.png,0.0731224567,0.3138583816,0.5303786397
E2VID,zurich_city_00_a,787,39.3504240000,0787.png,0.0734592384,0.3087734720,0.5343656540
E2VID,zurich_city_00_a,788,39.4004050000,0788.png,0.0739880158,0.3047801375,0.5365990400
E2VID,zurich_city_00_a,789,39.4504060000,0789.png,0.0727024570,0.3035105368,0.5271170735
E2VID,zurich_city_00_a,790,39.5004080000,0790.png,0.0728767981,0.2999053977,0.5223619342
E2VID,zurich_city_00_a,791,39.5504130000,0791.png,0.0734883773,0.2961899210,0.5197055340
E2VID,zurich_city_00_a,792,39.6004140000,0792.png,0.0743309710,0.2944769597,0.5180840492
E2VID,zurich_city_00_a,793,39.6504110000,0793.png,0.0746436753,0.2945926686,0.5146012306
E2VID,zurich_city_00_a,794,39.7004120000,0794.png,0.0743002115,0.2954164048,0.5047407746
E2VID,zurich_city_00_a,795,39.7504180000,0795.png,0.0731933772,0.2965982843,0.5041540861
E2VID,zurich_city_00_a,796,39.8004350000,0796.png,0.0729759297,0.2961739586,0.5101990700
E2VID,zurich_city_00_a,797,39.8504240000,0797.png,0.0737149567,0.2980304371,0.5162080526
E2VID,zurich_city_00_a,798,39.9004210000,0798.png,0.0730902152,0.3014658953,0.5202765465
E2VID,zurich_city_00_a,799,39.9504260000,0799.png,0.0715203773,0.3026068201,0.5139923096
E2VID,zurich_city_00_a,800,40.0003720000,0800.png,0.0699702334,0.3031317069,0.5077067614
E2VID,zurich_city_00_a,801,40.0504050000,0801.png,0.0698951056,0.3020923813,0.5097782612
E2VID,zurich_city_00_a,802,40.1003980000,0802.png,0.0694485427,0.2990702952,0.5146197081
E2VID,zurich_city_00_a,803,40.1504230000,0803.png,0.0689446206,0.2990787431,0.5141730905
E2VID,zurich_city_00_a,804,40.2004210000,0804.png,0.0696933983,0.2978280829,0.5180369020
E2VID,zurich_city_00_a,805,40.2504220000,0805.png,0.0714251757,0.2981185017,0.5230216980
E2VID,zurich_city_00_a,806,40.3004030000,0806.png,0.0730922864,0.2999484713,0.5261416435
E2VID,zurich_city_00_a,807,40.3504040000,0807.png,0.0751861880,0.3009326614,0.5329283476
E2VID,zurich_city_00_a,808,40.4004100000,0808.png,0.0781351654,0.2982009722,0.5464714170
E2VID,zurich_city_00_a,809,40.4504110000,0809.png,0.0806747356,0.2961630489,0.5572707057
E2VID,zurich_city_00_a,810,40.5004080000,0810.png,0.0807449904,0.2957893297,0.5642072558
E2VID,zurich_city_00_a,811,40.5504130000,0811.png,0.0787600852,0.2968070986,0.5692601800
E2VID,zurich_city_00_a,812,40.6004150000,0812.png,0.0767790717,0.3007248546,0.5719742179
E2VID,zurich_city_00_a,813,40.6504200000,0813.png,0.0742578590,0.3087214732,0.5649890900
E2VID,zurich_city_00_a,814,40.7004210000,0814.png,0.0730183259,0.3151597323,0.5514971614
E2VID,zurich_city_00_a,815,40.7504260000,0815.png,0.0722767506,0.3174940249,0.5549073815
E2VID,zurich_city_00_a,816,40.8004360000,0816.png,0.0720561335,0.3208572399,0.5507084131
E2VID,zurich_city_00_a,817,40.8504290000,0817.png,0.0726771419,0.3223693015,0.5377697945
E2VID,zurich_city_00_a,818,40.9004300000,0818.png,0.0721135957,0.3210234394,0.5282165408
E2VID,zurich_city_00_a,819,40.9504350000,0819.png,0.0713973195,0.3209686292,0.5188114643
E2VID,zurich_city_00_a,820,41.0003690000,0820.png,0.0707299782,0.3202351779,0.5172636509
E2VID,zurich_city_00_a,821,41.0504060000,0821.png,0.0705654432,0.3160302093,0.5161586404
E2VID,zurich_city_00_a,822,41.1003990000,0822.png,0.0707710578,0.3131088735,0.5215473771
E2VID,zurich_city_00_a,823,41.1503960000,0823.png,0.0710065858,0.3110313070,0.5271168947
E2VID,zurich_city_00_a,824,41.2004010000,0824.png,0.0717980907,0.3086572229,0.5236725807
E2VID,zurich_city_00_a,825,41.2504070000,0825.png,0.0727501036,0.3047213385,0.5213804245
E2VID,zurich_city_00_a,826,41.3004080000,0826.png,0.0741358095,0.3002455165,0.5210102797
E2VID,zurich_city_00_a,827,41.3504050000,0827.png,0.0750924778,0.2974648931,0.5176466703
E2VID,zurich_city_00_a,828,41.4004100000,0828.png,0.0763931985,0.2960657105,0.5232005119
E2VID,zurich_city_00_a,829,41.4504150000,0829.png,0.0775430448,0.2959501500,0.5266093612
E2VID,zurich_city_00_a,830,41.5004170000,0830.png,0.0777749073,0.2973198816,0.5299540162
E2VID,zurich_city_00_a,831,41.5504220000,0831.png,0.0793310505,0.2972411589,0.5280281305
E2VID,zurich_city_00_a,832,41.6004230000,0832.png,0.0799790004,0.2976303217,0.5257269740
E2VID,zurich_city_00_a,833,41.6504200000,0833.png,0.0790526247,0.2994887120,0.5215013027
E2VID,zurich_city_00_a,834,41.7004250000,0834.png,0.0779738549,0.3013957907,0.5206043720
E2VID,zurich_city_00_a,835,41.7504270000,0835.png,0.0782085267,0.3017906298,0.5153724551
E2VID,zurich_city_00_a,836,41.8004280000,0836.png,0.0774464723,0.3013026663,0.5083529353
E2VID,zurich_city_00_a,837,41.8504130000,0837.png,0.0758384849,0.3036030164,0.4998080134
E2VID,zurich_city_00_a,838,41.9004140000,0838.png,0.0741748340,0.3036320210,0.4971397817
E2VID,zurich_city_00_a,839,41.9504350000,0839.png,0.0720514678,0.3058840942,0.4997979701
E2VID,zurich_city_00_a,840,42.0003690000,0840.png,0.0711031868,0.3078442394,0.4966775477
E2VID,zurich_city_00_a,841,42.0504020000,0841.png,0.0703855534,0.3106097775,0.4967862368
E2VID,zurich_city_00_a,842,42.1003950000,0842.png,0.0697282837,0.3133172782,0.4928081036
E2VID,zurich_city_00_a,843,42.1503960000,0843.png,0.0687659468,0.3180748891,0.5012530088
E2VID,zurich_city_00_a,844,42.2004260000,0844.png,0.0682041668,0.3224053025,0.5063568950
E2VID,zurich_city_00_a,845,42.2503990000,0845.png,0.0669155411,0.3279320641,0.5052533150
E2VID,zurich_city_00_a,846,42.3004040000,0846.png,0.0670825435,0.3294396903,0.5086251497
E2VID,zurich_city_00_a,847,42.3504090000,0847.png,0.0667155981,0.3338053131,0.5069612265
E2VID,zurich_city_00_a,848,42.4004110000,0848.png,0.0661987967,0.3332597138,0.5034959912
E2VID,zurich_city_00_a,849,42.4504160000,0849.png,0.0660703341,0.3310188778,0.4938646257
E2VID,zurich_city_00_a,850,42.5004130000,0850.png,0.0664364793,0.3285526297,0.4895033836
E2VID,zurich_city_00_a,851,42.5504180000,0851.png,0.0657944521,0.3239667480,0.4944311976
E2VID,zurich_city_00_a,852,42.6004200000,0852.png,0.0647128018,0.3263118134,0.4976584017
E2VID,zurich_city_00_a,853,42.6504210000,0853.png,0.0630971065,0.3259521128,0.4958887994
E2VID,zurich_city_00_a,854,42.7004260000,0854.png,0.0614448076,0.3238507023,0.4952959418
E2VID,zurich_city_00_a,855,42.7504270000,0855.png,0.0620665686,0.3219850383,0.5081955194
E2VID,zurich_city_00_a,856,42.8004250000,0856.png,0.0622244050,0.3218848888,0.5043903589
E2VID,zurich_city_00_a,857,42.8504300000,0857.png,0.0621410180,0.3199877343,0.5131319165
E2VID,zurich_city_00_a,858,42.9004310000,0858.png,0.0628036177,0.3174574827,0.5113537908
E2VID,zurich_city_00_a,859,42.9504360000,0859.png,0.0633754958,0.3161335816,0.5089825392
E2VID,zurich_city_00_a,860,43.0003700000,0860.png,0.0636049170,0.3174473137,0.5097398162
E2VID,zurich_city_00_a,861,43.0504110000,0861.png,0.0630478988,0.3159121828,0.5121617317
E2VID,zurich_city_00_a,862,43.1003960000,0862.png,0.0631668064,0.3164225552,0.5200468302
E2VID,zurich_city_00_a,863,43.1503970000,0863.png,0.0638018655,0.3174194466,0.5225633383
E2VID,zurich_city_00_a,864,43.2004020000,0864.png,0.0638202207,0.3183088728,0.5207973719
E2VID,zurich_city_00_a,865,43.2504040000,0865.png,0.0641903350,0.3210024350,0.5262815356
E2VID,zurich_city_00_a,866,43.3004090000,0866.png,0.0655940089,0.3193952806,0.5262784958
E2VID,zurich_city_00_a,867,43.3504100000,0867.png,0.0665784320,0.3185323419,0.5296180248
E2VID,zurich_city_00_a,868,43.4004070000,0868.png,0.0666553955,0.3194818614,0.5249961615
E2VID,zurich_city_00_a,869,43.4504120000,0869.png,0.0673075203,0.3179711046,0.5128027797
E2VID,zurich_city_00_a,870,43.5004140000,0870.png,0.0683706276,0.3154514380,0.5106651187
E2VID,zurich_city_00_a,871,43.5504190000,0871.png,0.0697477484,0.3135734022,0.5046136379
E2VID,zurich_city_00_a,872,43.6004200000,0872.png,0.0709937265,0.3115692108,0.5057681203
E2VID,zurich_city_00_a,873,43.6504210000,0873.png,0.0716140927,0.3102351531,0.5029700994
E2VID,zurich_city_00_a,874,43.7004180000,0874.png,0.0716232050,0.3098204427,0.5122775435
E2VID,zurich_city_00_a,875,43.7504240000,0875.png,0.0721285899,0.3086231777,0.5126454830
E2VID,zurich_city_00_a,876,43.8004170000,0876.png,0.0731421041,0.3091189866,0.5139175057
E2VID,zurich_city_00_a,877,43.8504340000,0877.png,0.0743941211,0.3098813415,0.5174965262
E2VID,zurich_city_00_a,878,43.9004350000,0878.png,0.0744956605,0.3109268240,0.5261163712
E2VID,zurich_city_00_a,879,43.9504320000,0879.png,0.0750700836,0.3120315899,0.5265049934
E2VID,zurich_city_00_a,880,44.0003700000,0880.png,0.0754986201,0.3104823260,0.5256320238
E2VID,zurich_city_00_a,881,44.0504030000,0881.png,0.0749358999,0.3100223090,0.5266314745
E2VID,zurich_city_00_a,882,44.1003960000,0882.png,0.0746779145,0.3107599177,0.5215250850
E2VID,zurich_city_00_a,883,44.1503970000,0883.png,0.0745735708,0.3088924228,0.5237731934
E2VID,zurich_city_00_a,884,44.2004030000,0884.png,0.0745031121,0.3072392485,0.5156631470
E2VID,zurich_city_00_a,885,44.2504000000,0885.png,0.0738999570,0.3071633084,0.5034554005
E2VID,zurich_city_00_a,886,44.3004050000,0886.png,0.0725963239,0.3076886704,0.5038571358
E2VID,zurich_city_00_a,887,44.3504100000,0887.png,0.0715165612,0.3075173570,0.5024595857
E2VID,zurich_city_00_a,888,44.4004120000,0888.png,0.0716733825,0.3060137982,0.5036640167
E2VID,zurich_city_00_a,889,44.4504130000,0889.png,0.0718777568,0.3060721860,0.5073809028
E2VID,zurich_city_00_a,890,44.5004180000,0890.png,0.0719461280,0.3055767112,0.5122457147
E2VID,zurich_city_00_a,891,44.5504150000,0891.png,0.0720536239,0.3053773234,0.5212148428
E2VID,zurich_city_00_a,892,44.6004170000,0892.png,0.0717023347,0.3041603402,0.5273639560
E2VID,zurich_city_00_a,893,44.6504180000,0893.png,0.0718395988,0.3028914059,0.5334213376
E2VID,zurich_city_00_a,894,44.7004190000,0894.png,0.0725999158,0.3016825303,0.5295529962
E2VID,zurich_city_00_a,895,44.7504240000,0895.png,0.0728748686,0.2998123483,0.5298246145
E2VID,zurich_city_00_a,896,44.8004220000,0896.png,0.0720078205,0.2987075393,0.5286589861
E2VID,zurich_city_00_a,897,44.8504270000,0897.png,0.0712483697,0.2985394264,0.5258420110
E2VID,zurich_city_00_a,898,44.9004280000,0898.png,0.0716094980,0.2977329760,0.5170702338
E2VID,zurich_city_00_a,899,44.9504290000,0899.png,0.0714538925,0.2970884095,0.5113158226
E2VID,zurich_city_00_a,900,45.0003670000,0900.png,0.0719321954,0.2964986446,0.5064540505
E2VID,zurich_city_00_a,901,45.0504080000,0901.png,0.0712446182,0.2974381523,0.5026199222
E2VID,zurich_city_00_a,902,45.1003930000,0902.png,0.0694129038,0.3000762244,0.4971802533
E2VID,zurich_city_00_a,903,45.1503940000,0903.png,0.0678118102,0.3016697508,0.4949761033
E2VID,zurich_city_00_a,904,45.2003990000,0904.png,0.0678169001,0.3020094957,0.4945276976
E2VID,zurich_city_00_a,905,45.2504010000,0905.png,0.0690978141,0.3014660837,0.4974955320
E2VID,zurich_city_00_a,906,45.3004020000,0906.png,0.0692772158,0.3021812566,0.5005605817
E2VID,zurich_city_00_a,907,45.3504070000,0907.png,0.0687955101,0.3036145271,0.5050491691
E2VID,zurich_city_00_a,908,45.4004040000,0908.png,0.0681197152,0.3036949831,0.5037164092
E2VID,zurich_city_00_a,909,45.4504090000,0909.png,0.0665635414,0.3055051031,0.5026255250
E2VID,zurich_city_00_a,910,45.5004110000,0910.png,0.0661065866,0.3056822586,0.4991363287
E2VID,zurich_city_00_a,911,45.5504160000,0911.png,0.0669818114,0.3047558688,0.4995478988
E2VID,zurich_city_00_a,912,45.6004170000,0912.png,0.0673672824,0.3043008663,0.4993933737
E2VID,zurich_city_00_a,913,45.6504220000,0913.png,0.0676618720,0.3038825374,0.4939565659
E2VID,zurich_city_00_a,914,45.7004190000,0914.png,0.0668266317,0.3060130993,0.4876044393
E2VID,zurich_city_00_a,915,45.7504210000,0915.png,0.0662612584,0.3069968147,0.4777684212
E2VID,zurich_city_00_a,916,45.8004100000,0916.png,0.0658789478,0.3069173416,0.4683191776
E2VID,zurich_city_00_a,917,45.8504270000,0917.png,0.0664239308,0.3069428153,0.4727908969
E2VID,zurich_city_00_a,918,45.9004280000,0918.png,0.0661994008,0.3071335722,0.4763662219
E2VID,zurich_city_00_a,919,45.9504330000,0919.png,0.0658784450,0.3074309399,0.4830709994
E2VID,zurich_city_00_a,920,46.0003670000,0920.png,0.0643172886,0.3091175060,0.4833655059
E2VID,zurich_city_00_a,921,46.0504040000,0921.png,0.0638615867,0.3095155904,0.4789031744
E2VID,zurich_city_00_a,922,46.1003970000,0922.png,0.0634801726,0.3075881241,0.4821950197
E2VID,zurich_city_00_a,923,46.1503940000,0923.png,0.0635168736,0.3078055837,0.4790332913
E2VID,zurich_city_00_a,924,46.2004000000,0924.png,0.0636149135,0.3083131758,0.4780966341
E2VID,zurich_city_00_a,925,46.2503970000,0925.png,0.0634555525,0.3099930117,0.4791600406
E2VID,zurich_city_00_a,926,46.3004020000,0926.png,0.0634682464,0.3123642118,0.4793627560
E2VID,zurich_city_00_a,927,46.3504030000,0927.png,0.0632461356,0.3128727156,0.4774321020
E2VID,zurich_city_00_a,928,46.4004090000,0928.png,0.0623726493,0.3113623928,0.4773606062
E2VID,zurich_city_00_a,929,46.4504100000,0929.png,0.0612089350,0.3121867054,0.4725369215
E2VID,zurich_city_00_a,930,46.5004110000,0930.png,0.0610322209,0.3125071656,0.4708586931
E2VID,zurich_city_00_a,931,46.5504080000,0931.png,0.0605321651,0.3139825574,0.4713002145
E2VID,zurich_city_00_a,932,46.6004100000,0932.png,0.0601459525,0.3139265941,0.4710612893
E2VID,zurich_city_00_a,933,46.6504150000,0933.png,0.0594164076,0.3135077846,0.4735103846
E2VID,zurich_city_00_a,934,46.7004160000,0934.png,0.0591934413,0.3120854844,0.4700460434
E2VID,zurich_city_00_a,935,46.7504210000,0935.png,0.0588452992,0.3128127357,0.4621874690
E2VID,zurich_city_00_a,936,46.8004110000,0936.png,0.0584248814,0.3133379797,0.4645770192
E2VID,zurich_city_00_a,937,46.8504240000,0937.png,0.0580110407,0.3142592725,0.4633455276
E2VID,zurich_city_02_a,0,0.0004860000,0000.png,0.1113712272,0.3156185853,0.8353811502
E2VID,zurich_city_02_a,1,0.0504870000,0001.png,0.0949237588,0.2970012425,0.5296843052
E2VID,zurich_city_02_a,2,0.1005000000,0002.png,0.0655626859,0.3627153319,0.4862325490
E2VID,zurich_city_02_a,3,0.1504890000,0003.png,0.0626703794,0.3777237358,0.4809856415
E2VID,zurich_city_02_a,4,0.2004350000,0004.png,0.0573497008,0.3942243802,0.4692956507
E2VID,zurich_city_02_a,5,0.2504720000,0005.png,0.0519716636,0.4023083040,0.4597489536
E2VID,zurich_city_02_a,6,0.3004650000,0006.png,0.0481590624,0.4090180753,0.4537260532
E2VID,zurich_city_02_a,7,0.3504620000,0007.png,0.0460240712,0.4130317464,0.4577700496
E2VID,zurich_city_02_a,8,0.4004640000,0008.png,0.0443021270,0.4146702763,0.4546903968
E2VID,zurich_city_02_a,9,0.4504690000,0009.png,0.0429931031,0.4179399057,0.4506025910
E2VID,zurich_city_02_a,10,0.5004860000,0010.png,0.0419520887,0.4204114166,0.4542115927
E2VID,zurich_city_02_a,11,0.5504870000,0011.png,0.0412445839,0.4247208089,0.4536762834
E2VID,zurich_city_02_a,12,0.6004890000,0012.png,0.0417734919,0.4249560450,0.4514707029
E2VID,zurich_city_02_a,13,0.6504860000,0013.png,0.0420423778,0.4261011205,0.4601700604
E2VID,zurich_city_02_a,14,0.7004870000,0014.png,0.0420965436,0.4263744160,0.4627697468
E2VID,zurich_city_02_a,15,0.7504880000,0015.png,0.0428483854,0.4267958504,0.4736762941
E2VID,zurich_city_02_a,16,0.8004860000,0016.png,0.0435382095,0.4190893051,0.4773131609
E2VID,zurich_city_02_a,17,0.8504870000,0017.png,0.0432701539,0.4152683731,0.4715367854
E2VID,zurich_city_02_a,18,0.9004840000,0018.png,0.0431101245,0.4134798356,0.4808341861
E2VID,zurich_city_02_a,19,0.9504850000,0019.png,0.0432381912,0.4096381795,0.4841389358
E2VID,zurich_city_02_a,20,1.0004870000,0020.png,0.0433550825,0.4023145468,0.4981068969
E2VID,zurich_city_02_a,21,1.0504800000,0021.png,0.0439644393,0.3961089131,0.5047525764
E2VID,zurich_city_02_a,22,1.1005010000,0022.png,0.0439716221,0.3870489788,0.5172228813
E2VID,zurich_city_02_a,23,1.1504820000,0023.png,0.0443911163,0.3834923739,0.5295714140
E2VID,zurich_city_02_a,24,1.2004320000,0024.png,0.0456230766,0.3772537275,0.5305638909
E2VID,zurich_city_02_a,25,1.2504690000,0025.png,0.0473704950,0.3720986417,0.5428866744
E2VID,zurich_city_02_a,26,1.3004580000,0026.png,0.0486857411,0.3679555900,0.5413312912
E2VID,zurich_city_02_a,27,1.3504750000,0027.png,0.0502485243,0.3575718459,0.5473257899
E2VID,zurich_city_02_a,28,1.4004810000,0028.png,0.0520391718,0.3500947552,0.5619689822
E2VID,zurich_city_02_a,29,1.4504780000,0029.png,0.0536428881,0.3435995499,0.5685430169
E2VID,zurich_city_02_a,30,1.5004790000,0030.png,0.0550272642,0.3384722440,0.5696195960
E2VID,zurich_city_02_a,31,1.5504800000,0031.png,0.0567069768,0.3343565295,0.5786912441
E2VID,zurich_city_02_a,32,1.6004820000,0032.png,0.0588250383,0.3269782726,0.5895019174
E2VID,zurich_city_02_a,33,1.6504790000,0033.png,0.0613677960,0.3224130598,0.5958724618
E2VID,zurich_city_02_a,34,1.7004760000,0034.png,0.0638345211,0.3207042668,0.6004377604
E2VID,zurich_city_02_a,35,1.7504770000,0035.png,0.0661047739,0.3222566759,0.5998542905
E2VID,zurich_city_02_a,36,1.8004790000,0036.png,0.0685530357,0.3188481451,0.6038144827
E2VID,zurich_city_02_a,37,1.8504800000,0037.png,0.0713803310,0.3168786157,0.6093181372
E2VID,zurich_city_02_a,38,1.9004770000,0038.png,0.0742957888,0.3159009792,0.6154759526
E2VID,zurich_city_02_a,39,1.9504740000,0039.png,0.0774106873,0.3166051685,0.6225033402
E2VID,zurich_city_02_a,40,2.0004760000,0040.png,0.0797225763,0.3156985303,0.6193740368
E2VID,zurich_city_02_a,41,2.0504770000,0041.png,0.0838489641,0.3095436939,0.6264288425
E2VID,zurich_city_02_a,42,2.1004860000,0042.png,0.0879803648,0.2997698330,0.6301551461
E2VID,zurich_city_02_a,43,2.1504950000,0043.png,0.0913177452,0.2944521459,0.6304694414
E2VID,zurich_city_02_a,44,2.2004330000,0044.png,0.0944873355,0.2921990868,0.6307746768
E2VID,zurich_city_02_a,45,2.2504700000,0045.png,0.1006304970,0.2894977720,0.6348344088
E2VID,zurich_city_02_a,46,2.3004630000,0046.png,0.1055337623,0.2862697859,0.6314771771
E2VID,zurich_city_02_a,47,2.3504600000,0047.png,0.1059067160,0.2851093743,0.6261856556
E2VID,zurich_city_02_a,48,2.4004660000,0048.png,0.1048807125,0.2828101857,0.6196859479
E2VID,zurich_city_02_a,49,2.4504670000,0049.png,0.1039733146,0.2771106269,0.6208716035
E2VID,zurich_city_02_a,50,2.5004840000,0050.png,0.1023339593,0.2738821861,0.6263940334
E2VID,zurich_city_02_a,51,2.5504660000,0051.png,0.0998385490,0.2709024338,0.6141220927
E2VID,zurich_city_02_a,52,2.6004670000,0052.png,0.0979571072,0.2702030862,0.6157414317
E2VID,zurich_city_02_a,53,2.6504680000,0053.png,0.0954359024,0.2696524022,0.6155035496
E2VID,zurich_city_02_a,54,2.7004700000,0054.png,0.0937222461,0.2705698711,0.6100015044
E2VID,zurich_city_02_a,55,2.7504710000,0055.png,0.0926781931,0.2688406802,0.6139639616
E2VID,zurich_city_02_a,56,2.8004920000,0056.png,0.0903668926,0.2684328149,0.6100004911
E2VID,zurich_city_02_a,57,2.8504930000,0057.png,0.0900454862,0.2673381714,0.6201924682
E2VID,zurich_city_02_a,58,2.9004950000,0058.png,0.0886277749,0.2671233008,0.6162547469
E2VID,zurich_city_02_a,59,2.9504760000,0059.png,0.0870671101,0.2685288855,0.6099571586
E2VID,zurich_city_02_a,60,3.0004770000,0060.png,0.0851884014,0.2700297282,0.6049105525
E2VID,zurich_city_02_a,61,3.0504790000,0061.png,0.0836520681,0.2706781166,0.6055817604
E2VID,zurich_city_02_a,62,3.1004800000,0062.png,0.0820783409,0.2695564493,0.6016269326
E2VID,zurich_city_02_a,63,3.1504970000,0063.png,0.0783304916,0.2706777613,0.6023392677
E2VID,zurich_city_02_a,64,3.2004350000,0064.png,0.0742925054,0.2719230916,0.5985009670
E2VID,zurich_city_02_a,65,3.2504680000,0065.png,0.0709073033,0.2727389539,0.5906219482
E2VID,zurich_city_02_a,66,3.3004610000,0066.png,0.0654073472,0.2746528681,0.5789309144
E2VID,zurich_city_02_a,67,3.3504820000,0067.png,0.0603666257,0.2763856315,0.5836842060
E2VID,zurich_city_02_a,68,3.4004840000,0068.png,0.0560407384,0.2767762762,0.5791074038
E2VID,zurich_city_02_a,69,3.4504850000,0069.png,0.0521907422,0.2775927213,0.5796718001
E2VID,zurich_city_02_a,70,3.5004860000,0070.png,0.0488637456,0.2781893481,0.5795362592
E2VID,zurich_city_02_a,71,3.5504870000,0071.png,0.0463549954,0.2766477969,0.5799244046
E2VID,zurich_city_02_a,72,3.6004690000,0072.png,0.0443041532,0.2772254319,0.5822536349
E2VID,zurich_city_02_a,73,3.6504860000,0073.png,0.0425653806,0.2755620382,0.5915949345
E2VID,zurich_city_02_a,74,3.7004870000,0074.png,0.0413590278,0.2739929614,0.5899405479
E2VID,zurich_city_02_a,75,3.7504880000,0075.png,0.0398691200,0.2756993151,0.5956315398
E2VID,zurich_city_02_a,76,3.8004940000,0076.png,0.0385024739,0.2739843557,0.5908882618
E2VID,zurich_city_02_a,77,3.8504950000,0077.png,0.0376058947,0.2743973161,0.5914065838
E2VID,zurich_city_02_a,78,3.9004960000,0078.png,0.0365517982,0.2743359568,0.5951128006
E2VID,zurich_city_02_a,79,3.9504930000,0079.png,0.0357671533,0.2806243151,0.5971463323
E2VID,zurich_city_02_a,80,4.0004950000,0080.png,0.0352399459,0.2818047387,0.5926092267
E2VID,zurich_city_02_a,81,4.0504960000,0081.png,0.0342787724,0.2867613741,0.5880159736
E2VID,zurich_city_02_a,82,4.1004930000,0082.png,0.0339435841,0.2890879935,0.5933507681
E2VID,zurich_city_02_a,83,4.1504980000,0083.png,0.0333367293,0.2886774202,0.5902112722
E2VID,zurich_city_02_a,84,4.2004360000,0084.png,0.0327468632,0.2901101586,0.5850925446
E2VID,zurich_city_02_a,85,4.2504650000,0085.png,0.0322623184,0.2928386183,0.5839476585
E2VID,zurich_city_02_a,86,4.3004820000,0086.png,0.0327300640,0.2928390326,0.5785624385
E2VID,zurich_city_02_a,87,4.3504790000,0087.png,0.0334292052,0.2930152449,0.5771427751
E2VID,zurich_city_02_a,88,4.4004810000,0088.png,0.0341662490,0.2964747008,0.5723226666
E2VID,zurich_city_02_a,89,4.4504860000,0089.png,0.0347687956,0.2987974430,0.5763438344
E2VID,zurich_city_02_a,90,4.5004870000,0090.png,0.0356696388,0.2995509487,0.5801293254
E2VID,zurich_city_02_a,91,4.5504840000,0091.png,0.0372078558,0.2991239513,0.5775043964
E2VID,zurich_city_02_a,92,4.6004860000,0092.png,0.0379783936,0.2991286578,0.5717604160
E2VID,zurich_city_02_a,93,4.6504870000,0093.png,0.0381356460,0.2969496734,0.5709208250
E2VID,zurich_city_02_a,94,4.7004880000,0094.png,0.0387946656,0.2966090478,0.5690941811
E2VID,zurich_city_02_a,95,4.7504890000,0095.png,0.0392191130,0.2963583662,0.5594855547
E2VID,zurich_city_02_a,96,4.8004910000,0096.png,0.0394893506,0.2969732198,0.5640725493
E2VID,zurich_city_02_a,97,4.8504880000,0097.png,0.0401174724,0.2945819845,0.5600451231
E2VID,zurich_city_02_a,98,4.9004890000,0098.png,0.0408093450,0.2959128292,0.5634675622
E2VID,zurich_city_02_a,99,4.9504900000,0099.png,0.0409528139,0.2949024272,0.5663480163
E2VID,zurich_city_02_a,100,5.0004920000,0100.png,0.0411272322,0.2958307295,0.5645946860
E2VID,zurich_city_02_a,101,5.0504930000,0101.png,0.0412579193,0.2998762196,0.5605667233
E2VID,zurich_city_02_a,102,5.1004980000,0102.png,0.0407417444,0.3032568589,0.5597441196
E2VID,zurich_city_02_a,103,5.1504870000,0103.png,0.0407724049,0.3063685894,0.5594868064
E2VID,zurich_city_02_a,104,5.2004330000,0104.png,0.0405756055,0.3078422362,0.5598762631
E2VID,zurich_city_02_a,105,5.2504700000,0105.png,0.0404449075,0.3106155902,0.5686243773
E2VID,zurich_city_02_a,106,5.3004590000,0106.png,0.0400289824,0.3108938756,0.5642110705
E2VID,zurich_city_02_a,107,5.3504840000,0107.png,0.0395785613,0.3108455318,0.5700003505
E2VID,zurich_city_02_a,108,5.4004820000,0108.png,0.0391397482,0.3092149995,0.5674293041
E2VID,zurich_city_02_a,109,5.4504630000,0109.png,0.0386363194,0.3074744561,0.5676326156
E2VID,zurich_city_02_a,110,5.5004640000,0110.png,0.0385813076,0.3047875285,0.5761817694
E2VID,zurich_city_02_a,111,5.5504690000,0111.png,0.0387736927,0.3035895416,0.5774027705
E2VID,zurich_city_02_a,112,5.6004710000,0112.png,0.0386995359,0.3047175362,0.5850773454
E2VID,zurich_city_02_a,113,5.6504760000,0113.png,0.0386921742,0.3052848736,0.5833666325
E2VID,zurich_city_02_a,114,5.7004690000,0114.png,0.0384683568,0.3073091416,0.5950728059
E2VID,zurich_city_02_a,115,5.7504700000,0115.png,0.0379754586,0.3079048049,0.5941066146
E2VID,zurich_city_02_a,116,5.8004720000,0116.png,0.0372751824,0.3079197696,0.5914317369
E2VID,zurich_city_02_a,117,5.8504770000,0117.png,0.0367872265,0.3099519483,0.5908864141
E2VID,zurich_city_02_a,118,5.9004780000,0118.png,0.0361376445,0.3089044378,0.5871541500
E2VID,zurich_city_02_a,119,5.9505030000,0119.png,0.0358046504,0.3088268560,0.5923631191
E2VID,zurich_city_02_a,120,6.0004970000,0120.png,0.0353480457,0.3068668762,0.5972086191
E2VID,zurich_city_02_a,121,6.0504780000,0121.png,0.0349113829,0.3062756634,0.5976576805
E2VID,zurich_city_02_a,122,6.1004870000,0122.png,0.0346895172,0.3049259706,0.6087841988
E2VID,zurich_city_02_a,123,6.1504800000,0123.png,0.0347317777,0.3034954926,0.6032398343
E2VID,zurich_city_02_a,124,6.2004340000,0124.png,0.0348966627,0.3037465358,0.6092729568
E2VID,zurich_city_02_a,125,6.2504630000,0125.png,0.0350496815,0.3022425795,0.6069079638
E2VID,zurich_city_02_a,126,6.3004760000,0126.png,0.0355966321,0.3033205338,0.6022748947
E2VID,zurich_city_02_a,127,6.3504690000,0127.png,0.0357344831,0.3045505794,0.6049410701
E2VID,zurich_city_02_a,128,6.4004710000,0128.png,0.0355837012,0.3066742778,0.6062966585
E2VID,zurich_city_02_a,129,6.4504720000,0129.png,0.0353191170,0.3082350783,0.6041702032
E2VID,zurich_city_02_a,130,6.5004730000,0130.png,0.0350593248,0.3100809080,0.6077178717
E2VID,zurich_city_02_a,131,6.5504670000,0131.png,0.0346982824,0.3117510836,0.6120925546
E2VID,zurich_city_02_a,132,6.6004720000,0132.png,0.0343744023,0.3138331793,0.6096019149
E2VID,zurich_city_02_a,133,6.6504730000,0133.png,0.0341028861,0.3147493655,0.6068750620
E2VID,zurich_city_02_a,134,6.7004750000,0134.png,0.0339996235,0.3132873912,0.5919247866
E2VID,zurich_city_02_a,135,6.7504720000,0135.png,0.0342169086,0.3127756185,0.5816136599
E2VID,zurich_city_02_a,136,6.8004730000,0136.png,0.0346109177,0.3078732262,0.5961728096
E2VID,zurich_city_02_a,137,6.8504940000,0137.png,0.0352681242,0.3035468733,0.5950361490
E2VID,zurich_city_02_a,138,6.9004960000,0138.png,0.0360247239,0.2973816259,0.5991339087
E2VID,zurich_city_02_a,139,6.9504930000,0139.png,0.0365752451,0.2930732575,0.5972729921
E2VID,zurich_city_02_a,140,7.0004940000,0140.png,0.0366383450,0.2897014029,0.5941218138
E2VID,zurich_city_02_a,141,7.0504960000,0141.png,0.0367029472,0.2888436997,0.5857136250
E2VID,zurich_city_02_a,142,7.1004930000,0142.png,0.0374348438,0.2821378199,0.5931094289
E2VID,zurich_city_02_a,143,7.1504900000,0143.png,0.0380828602,0.2792147445,0.6039037704
E2VID,zurich_city_02_a,144,7.2004360000,0144.png,0.0389278628,0.2736236106,0.5981265903
E2VID,zurich_city_02_a,145,7.2504690000,0145.png,0.0403911629,0.2662987077,0.6110787392
E2VID,zurich_city_02_a,146,7.3004860000,0146.png,0.0418051622,0.2619017546,0.6107034683
E2VID,zurich_city_02_a,147,7.3504830000,0147.png,0.0427904607,0.2586927538,0.6166570187
E2VID,zurich_city_02_a,148,7.4004850000,0148.png,0.0433343381,0.2558009411,0.6156684160
E2VID,zurich_city_02_a,149,7.4504820000,0149.png,0.0433294887,0.2545911866,0.6166369319
E2VID,zurich_city_02_a,150,7.5004830000,0150.png,0.0432501609,0.2515254405,0.6253435612
E2VID,zurich_city_02_a,151,7.5504880000,0151.png,0.0434350989,0.2503396016,0.6311609745
E2VID,zurich_city_02_a,152,7.6004900000,0152.png,0.0451353784,0.2468762537,0.6286791563
E2VID,zurich_city_02_a,153,7.6504910000,0153.png,0.0456371650,0.2449153474,0.6314035058
E2VID,zurich_city_02_a,154,7.7004840000,0154.png,0.0459098940,0.2422905299,0.6299508810
E2VID,zurich_city_02_a,155,7.7504850000,0155.png,0.0458184335,0.2429024387,0.6295396090
E2VID,zurich_city_02_a,156,7.8004910000,0156.png,0.0454805338,0.2418273465,0.6284462214
E2VID,zurich_city_02_a,157,7.8504920000,0157.png,0.0446190004,0.2394052095,0.6317987442
E2VID,zurich_city_02_a,158,7.9004930000,0158.png,0.0455669802,0.2351095198,0.6260713339
E2VID,zurich_city_02_a,159,7.9504940000,0159.png,0.0467147920,0.2294415290,0.6303380728
E2VID,zurich_city_02_a,160,8.0004880000,0160.png,0.0479678307,0.2238443111,0.6423326135
E2VID,zurich_city_02_a,161,8.0504930000,0161.png,0.0488685394,0.2199748615,0.6456558108
E2VID,zurich_city_02_a,162,8.1004860000,0162.png,0.0491608181,0.2194982566,0.6390415430
E2VID,zurich_city_02_a,163,8.1504910000,0163.png,0.0493016280,0.2180311624,0.6472166777
E2VID,zurich_city_02_a,164,8.2004330000,0164.png,0.0490439090,0.2168407616,0.6375768185
E2VID,zurich_city_02_a,165,8.2504740000,0165.png,0.0486813051,0.2184888008,0.6374751925
E2VID,zurich_city_02_a,166,8.3004590000,0166.png,0.0489490587,0.2176315365,0.6357796788
E2VID,zurich_city_02_a,167,8.3504800000,0167.png,0.0487846754,0.2191867860,0.6387675405
E2VID,zurich_city_02_a,168,8.4004820000,0168.png,0.0484205614,0.2231485816,0.6487203836
E2VID,zurich_city_02_a,169,8.4504830000,0169.png,0.0480594476,0.2267992935,0.6555321813
E2VID,zurich_city_02_a,170,8.5004840000,0170.png,0.0479093735,0.2307285857,0.6644507051
E2VID,zurich_city_02_a,171,8.5504850000,0171.png,0.0473968203,0.2355535451,0.6767315269
E2VID,zurich_city_02_a,172,8.6004830000,0172.png,0.0462177910,0.2419326180,0.6650586724
E2VID,zurich_city_02_a,173,8.6504880000,0173.png,0.0458490094,0.2453290150,0.6617482305
E2VID,zurich_city_02_a,174,8.7004890000,0174.png,0.0460198368,0.2467123697,0.6568343043
E2VID,zurich_city_02_a,175,8.7504900000,0175.png,0.0463361318,0.2481458550,0.6646730304
E2VID,zurich_city_02_a,176,8.8004920000,0176.png,0.0468218069,0.2499096222,0.6658415198
E2VID,zurich_city_02_a,177,8.8504890000,0177.png,0.0429276600,0.2536115449,0.6617243886
E2VID,zurich_city_02_a,178,8.9004860000,0178.png,0.0439601555,0.2492936991,0.6526402235
E2VID,zurich_city_02_a,179,8.9504870000,0179.png,0.0447699218,0.2458303408,0.6442543268
E2VID,zurich_city_02_a,180,9.0004890000,0180.png,0.0451579425,0.2439294687,0.6383431554
E2VID,zurich_city_02_a,181,9.0504900000,0181.png,0.0453201269,0.2418899788,0.6423991323
E2VID,zurich_city_02_a,182,9.1004910000,0182.png,0.0457124806,0.2403316998,0.6427085996
E2VID,zurich_city_02_a,183,9.1504880000,0183.png,0.0457367944,0.2399269245,0.6473418474
E2VID,zurich_city_02_a,184,9.2004340000,0184.png,0.0457761082,0.2397455479,0.6432994604
E2VID,zurich_city_02_a,185,9.2504670000,0185.png,0.0452134404,0.2424026198,0.6484667659
E2VID,zurich_city_02_a,186,9.3004840000,0186.png,0.0444712499,0.2474325261,0.6390517354
E2VID,zurich_city_02_a,187,9.3504810000,0187.png,0.0428547036,0.2549091799,0.6349991560
E2VID,zurich_city_02_a,188,9.4004830000,0188.png,0.0414230805,0.2639075040,0.6296817660
E2VID,zurich_city_02_a,189,9.4504800000,0189.png,0.0411275700,0.2710412954,0.6227232218
E2VID,zurich_city_02_a,190,9.5004810000,0190.png,0.0413864761,0.2737236063,0.6231653094
E2VID,zurich_city_02_a,191,9.5504820000,0191.png,0.0414851138,0.2760614282,0.6220086217
E2VID,zurich_city_02_a,192,9.6004840000,0192.png,0.0415553066,0.2786713169,0.6207203269
E2VID,zurich_city_02_a,193,9.6504850000,0193.png,0.0417892924,0.2818775869,0.6272606254
E2VID,zurich_city_02_a,194,9.7004860000,0194.png,0.0422515628,0.2837337410,0.6372591257
E2VID,zurich_city_02_a,195,9.7504830000,0195.png,0.0424447779,0.2832780897,0.6275691390
E2VID,zurich_city_02_a,196,9.8004850000,0196.png,0.0425390548,0.2835879511,0.6195842028
E2VID,zurich_city_02_a,197,9.8504900000,0197.png,0.0428241063,0.2817489789,0.6185185909
E2VID,zurich_city_02_a,198,9.9004910000,0198.png,0.0426331694,0.2815766794,0.6280634403
E2VID,zurich_city_02_a,199,9.9504920000,0199.png,0.0426039030,0.2802652209,0.6274219751
E2VID,zurich_city_02_a,200,10.0004940000,0200.png,0.0430408907,0.2783740797,0.6298091412
E2VID,zurich_city_02_a,201,10.0504910000,0201.png,0.0435797345,0.2737021789,0.6252495050
E2VID,zurich_city_02_a,202,10.1004800000,0202.png,0.0439354091,0.2724614429,0.6338739991
E2VID,zurich_city_02_a,203,10.1504970000,0203.png,0.0440216436,0.2698298578,0.6327731013
E2VID,zurich_city_02_a,204,10.2004350000,0204.png,0.0444508527,0.2670095154,0.6366361976
E2VID,zurich_city_02_a,205,10.2504720000,0205.png,0.0450194876,0.2637942030,0.6410605907
E2VID,zurich_city_02_a,206,10.3004810000,0206.png,0.0459668517,0.2607286412,0.6413928270
E2VID,zurich_city_02_a,207,10.3504780000,0207.png,0.0468791502,0.2571031934,0.6490839720
E2VID,zurich_city_02_a,208,10.4004840000,0208.png,0.0477332445,0.2540863615,0.6391916871
E2VID,zurich_city_02_a,209,10.4504650000,0209.png,0.0488170386,0.2510264063,0.6447837949
E2VID,zurich_city_02_a,210,10.5004660000,0210.png,0.0497246035,0.2456421263,0.6410591602
E2VID,zurich_city_02_a,211,10.5504680000,0211.png,0.0507938852,0.2407345795,0.6383385062
E2VID,zurich_city_02_a,212,10.6004890000,0212.png,0.0518280439,0.2357004144,0.6431632042
E2VID,zurich_city_02_a,213,10.6504700000,0213.png,0.0523184012,0.2315423284,0.6399489045
E2VID,zurich_city_02_a,214,10.7004720000,0214.png,0.0533910467,0.2275915726,0.6399644017
E2VID,zurich_city_02_a,215,10.7504770000,0215.png,0.0547442346,0.2216131286,0.6395403147
E2VID,zurich_city_02_a,216,10.8004780000,0216.png,0.0558380524,0.2169155813,0.6444853544
E2VID,zurich_city_02_a,217,10.8504790000,0217.png,0.0567599793,0.2142993332,0.6494460106
E2VID,zurich_city_02_a,218,10.9004770000,0218.png,0.0576455337,0.2127246584,0.6505500674
E2VID,zurich_city_02_a,219,10.9504780000,0219.png,0.0582897116,0.2096344875,0.6561704874
E2VID,zurich_city_02_a,220,11.0004790000,0220.png,0.0587300378,0.2062668451,0.6617383957
E2VID,zurich_city_02_a,221,11.0504850000,0221.png,0.0592432221,0.2041170784,0.6665889621
E2VID,zurich_city_02_a,222,11.1004900000,0222.png,0.0595606258,0.2035193525,0.6661692858
E2VID,zurich_city_02_a,223,11.1505070000,0223.png,0.0602793471,0.2002886188,0.6730676889
E2VID,zurich_city_02_a,224,11.2004370000,0224.png,0.0613769589,0.1983777669,0.6614235044
E2VID,zurich_city_02_a,225,11.2504740000,0225.png,0.0625617394,0.1948221591,0.6638664007
E2VID,zurich_city_02_a,226,11.3004670000,0226.png,0.0640014141,0.1914187435,0.6665606499
E2VID,zurich_city_02_a,227,11.3504640000,0227.png,0.0651382403,0.1885034445,0.6687853336
E2VID,zurich_city_02_a,228,11.4004700000,0228.png,0.0663916220,0.1832607443,0.6760339737
E2VID,zurich_city_02_a,229,11.4504670000,0229.png,0.0671228813,0.1792390078,0.6858738661
E2VID,zurich_city_02_a,230,11.5004680000,0230.png,0.0678076097,0.1744903328,0.6877260804
E2VID,zurich_city_02_a,231,11.5504730000,0231.png,0.0688758611,0.1719410125,0.6878098845
E2VID,zurich_city_02_a,232,11.6004750000,0232.png,0.0700373770,0.1692661572,0.6909918189
E2VID,zurich_city_02_a,233,11.6504760000,0233.png,0.0713731906,0.1650614246,0.6969516277
E2VID,zurich_city_04_b,0,0.0002800000,0000.png,0.1249930412,0.2111575243,0.9481371641
E2VID,zurich_city_04_b,1,0.0502595000,0001.png,0.2292948751,0.3040795202,0.5875920057
E2VID,zurich_city_04_b,2,0.1002525000,0002.png,0.1965560688,0.3184003143,0.5408169031
E2VID,zurich_city_04_b,3,0.1502640000,0003.png,0.2044111445,0.3180388588,0.5203888416
E2VID,zurich_city_04_b,4,0.2002545000,0004.png,0.1887382843,0.3248034085,0.4921692610
E2VID,zurich_city_04_b,5,0.2502475000,0005.png,0.1757381455,0.3299488721,0.4809831381
E2VID,zurich_city_04_b,6,0.3002615000,0006.png,0.1617362815,0.3382869495,0.4635832310
E2VID,zurich_city_04_b,7,0.3502545000,0007.png,0.1533932506,0.3432020569,0.4553941190
E2VID,zurich_city_04_b,8,0.4002475000,0008.png,0.1481349816,0.3462568754,0.4412447214
E2VID,zurich_city_04_b,9,0.4502685000,0009.png,0.1440928637,0.3487780357,0.4296138585
E2VID,zurich_city_04_b,10,0.5002625000,0010.png,0.1412733002,0.3519988951,0.4303972721
E2VID,zurich_city_04_b,11,0.5502595000,0011.png,0.1373523898,0.3599366119,0.4231738448
E2VID,zurich_city_04_b,12,0.6002685000,0012.png,0.1354867967,0.3620461044,0.4286935031
E2VID,zurich_city_04_b,13,0.6502615000,0013.png,0.1332917031,0.3659184593,0.4257118106
E2VID,zurich_city_04_b,14,0.7002035000,0014.png,0.1314381810,0.3703279778,0.4312023818
E2VID,zurich_city_04_b,15,0.7502285000,0015.png,0.1295373718,0.3706668017,0.4167973101
E2VID,zurich_city_04_b,16,0.8002335000,0016.png,0.1255323352,0.3707035140,0.3902678788
E2VID,zurich_city_04_b,17,0.8502425000,0017.png,0.1223165044,0.3734753582,0.3826933503
E2VID,zurich_city_04_b,18,0.9002375000,0018.png,0.1193210160,0.3750042406,0.3745326996
E2VID,zurich_city_04_b,19,0.9502600000,0019.png,0.1162301827,0.3769574449,0.3677649796
E2VID,zurich_city_04_b,20,1.0002585000,0020.png,0.1120488685,0.3791753638,0.3645137846
E2VID,zurich_city_04_b,21,1.0502605000,0021.png,0.1088356441,0.3835489450,0.3513543606
E2VID,zurich_city_04_b,22,1.1002840000,0022.png,0.1053178362,0.3840929015,0.3418468237
E2VID,zurich_city_04_b,23,1.1502745000,0023.png,0.1027011851,0.3873012138,0.3440684676
E2VID,zurich_city_04_b,24,1.2002635000,0024.png,0.1012105150,0.3908936857,0.3543888927
E2VID,zurich_city_04_b,25,1.2502805000,0025.png,0.1002180114,0.3928443091,0.3587324321
E2VID,zurich_city_04_b,26,1.3002745000,0026.png,0.1005662871,0.3945085118,0.3615505397
E2VID,zurich_city_04_b,27,1.3502715000,0027.png,0.1001614501,0.3950490678,0.3659709096
E2VID,zurich_city_04_b,28,1.4002885000,0028.png,0.0996787256,0.3984472479,0.3705327511
E2VID,zurich_city_04_b,29,1.4502815000,0029.png,0.0965241269,0.3946556687,0.3416171074
E2VID,zurich_city_04_b,30,1.5002715000,0030.png,0.0946015976,0.3998719667,0.3301830292
E2VID,zurich_city_04_b,31,1.5502845000,0031.png,0.0934008757,0.4040885919,0.3342622221
E2VID,zurich_city_04_b,32,1.6002815000,0032.png,0.0933875518,0.4082122231,0.3387094438
E2VID,zurich_city_04_b,33,1.6502825000,0033.png,0.0939368384,0.4099291169,0.3464433849
E2VID,zurich_city_04_b,34,1.7002295000,0034.png,0.0929970133,0.4128276094,0.3563867211
E2VID,zurich_city_04_b,35,1.7502775000,0035.png,0.0922288763,0.4133549942,0.3604945540
E2VID,zurich_city_04_b,36,1.8002555000,0036.png,0.0919687357,0.4175738989,0.3682930171
E2VID,zurich_city_04_b,37,1.8502685000,0037.png,0.0914442635,0.4203892988,0.3695847988
E2VID,zurich_city_04_b,38,1.9002625000,0038.png,0.0906698609,0.4237152847,0.3736321926
E2VID,zurich_city_04_b,39,1.9502650000,0039.png,0.0885169487,0.4274542872,0.3749829829
E2VID,zurich_city_04_b,40,2.0002845000,0040.png,0.0858508467,0.4286755316,0.3741746545
E2VID,zurich_city_04_b,41,2.0502710000,0041.png,0.0854236967,0.4256630156,0.3568691611
E2VID,zurich_city_04_b,42,2.1002970000,0042.png,0.0851014115,0.4259269722,0.3551684320
E2VID,zurich_city_04_b,43,2.1502930000,0043.png,0.0848087802,0.4259623899,0.3543894887
E2VID,zurich_city_04_b,44,2.2002910000,0044.png,0.0843399794,0.4274269074,0.3592779338
E2VID,zurich_city_04_b,45,2.2503110000,0045.png,0.0833425636,0.4281955623,0.3602099121
E2VID,zurich_city_04_b,46,2.3003090000,0046.png,0.0827967379,0.4273589231,0.3700149655
E2VID,zurich_city_04_b,47,2.3502980000,0047.png,0.0822113194,0.4268623603,0.3681739271
E2VID,zurich_city_04_b,48,2.4003150000,0048.png,0.0812682750,0.4254101036,0.3655708134
E2VID,zurich_city_04_b,49,2.4503080000,0049.png,0.0799335218,0.4269153912,0.3690854311
E2VID,zurich_city_04_b,50,2.5003060000,0050.png,0.0788759424,0.4285217402,0.3726157248
E2VID,zurich_city_04_b,51,2.5502990000,0051.png,0.0780694110,0.4285599067,0.3671987057
E2VID,zurich_city_04_b,52,2.6003120000,0052.png,0.0773518762,0.4282435995,0.3705602586
E2VID,zurich_city_04_b,53,2.6503050000,0053.png,0.0770989494,0.4301940617,0.3615968525
E2VID,zurich_city_04_b,54,2.7002550000,0054.png,0.0764404511,0.4312908107,0.3448665738
E2VID,zurich_city_04_b,55,2.7502840000,0055.png,0.0761951133,0.4325819817,0.3382339776
E2VID,zurich_city_04_b,56,2.8002890000,0056.png,0.0754872700,0.4366880041,0.3404916227
E2VID,zurich_city_04_b,57,2.8503020000,0057.png,0.0750056259,0.4379577812,0.3421444595
E2VID,zurich_city_04_b,58,2.9002920000,0058.png,0.0745958399,0.4392766672,0.3375996053
E2VID,zurich_city_04_b,59,2.9502940000,0059.png,0.0741347482,0.4430683776,0.3388885856
E2VID,zurich_city_04_b,60,3.0003140000,0060.png,0.0729715249,0.4476041376,0.3447680175
E2VID,zurich_city_04_b,61,3.0503070000,0061.png,0.0716348101,0.4514911270,0.3476678133
E2VID,zurich_city_04_b,62,3.1003050000,0062.png,0.0704268995,0.4523600461,0.3418549299
E2VID,zurich_city_04_b,63,3.1503020000,0063.png,0.0696186979,0.4522550522,0.3391759992
E2VID,zurich_city_04_b,64,3.2003150000,0064.png,0.0691267022,0.4515237167,0.3413248360
E2VID,zurich_city_04_b,65,3.2503120000,0065.png,0.0688640373,0.4517174612,0.3387101889
E2VID,zurich_city_04_b,66,3.3003100000,0066.png,0.0689841787,0.4499380543,0.3378930688
E2VID,zurich_city_04_b,67,3.3503030000,0067.png,0.0687738599,0.4494586794,0.3365307450
E2VID,zurich_city_04_b,68,3.4003200000,0068.png,0.0684274461,0.4512081204,0.3390790224
E2VID,zurich_city_04_b,69,3.4503170000,0069.png,0.0676454230,0.4528006113,0.3419222534
E2VID,zurich_city_04_b,70,3.5003270000,0070.png,0.0670988992,0.4528675384,0.3388954997
E2VID,zurich_city_04_b,71,3.5503160000,0071.png,0.0665482641,0.4526529057,0.3397171497
E2VID,zurich_city_04_b,72,3.6003090000,0072.png,0.0662953072,0.4530957978,0.3391484618
E2VID,zurich_city_04_b,73,3.6503100000,0073.png,0.0661333963,0.4542582787,0.3444051147
E2VID,zurich_city_04_b,74,3.7002640000,0074.png,0.0658690264,0.4555493178,0.3402341604
E2VID,zurich_city_04_b,75,3.7503130000,0075.png,0.0650136294,0.4569408337,0.3464032412
E2VID,zurich_city_04_b,76,3.8002900000,0076.png,0.0643452513,0.4569161699,0.3431521058
E2VID,zurich_city_04_b,77,3.8502990000,0077.png,0.0639752737,0.4562261999,0.3373897970
E2VID,zurich_city_04_b,78,3.9002970000,0078.png,0.0636506347,0.4554400775,0.3405880332
E2VID,zurich_city_04_b,79,3.9503140000,0079.png,0.0634661183,0.4567709173,0.3434931636
E2VID,zurich_city_04_b,80,4.0003110000,0080.png,0.0628082810,0.4599229432,0.3403629661
E2VID,zurich_city_04_b,81,4.0503000000,0081.png,0.0621183039,0.4628666570,0.3396975398
E2VID,zurich_city_04_b,82,4.1003180000,0082.png,0.0610453064,0.4672279925,0.3398635089
E2VID,zurich_city_04_b,83,4.1503110000,0083.png,0.0605008548,0.4685544950,0.3412429094
E2VID,zurich_city_04_b,84,4.2003040000,0084.png,0.0601392948,0.4689319717,0.3451764584
E2VID,zurich_city_04_b,85,4.2503010000,0085.png,0.0599560332,0.4694753771,0.3399664760
E2VID,zurich_city_04_b,86,4.3003190000,0086.png,0.0598056927,0.4691639332,0.3437012136
E2VID,zurich_city_04_b,87,4.3503080000,0087.png,0.0592719738,0.4694441713,0.3432634175
E2VID,zurich_city_04_b,88,4.4003250000,0088.png,0.0587053416,0.4692928022,0.3349386752
E2VID,zurich_city_04_b,89,4.4503220000,0089.png,0.0574020869,0.4715801574,0.3417030573
E2VID,zurich_city_04_b,90,4.5003160000,0090.png,0.0567641767,0.4701474672,0.3441691995
E2VID,zurich_city_04_b,91,4.5503210000,0091.png,0.0562897395,0.4689215561,0.3382279277
E2VID,zurich_city_04_b,92,4.6003300000,0092.png,0.0557695967,0.4672192595,0.3427667320
E2VID,zurich_city_04_b,93,4.6503150000,0093.png,0.0552657569,0.4645366098,0.3432894051
E2VID,zurich_city_04_b,94,4.7002610000,0094.png,0.0547277450,0.4634813694,0.3461835384
E2VID,zurich_city_04_b,95,4.7502900000,0095.png,0.0540678303,0.4631993134,0.3453591466
E2VID,zurich_city_04_b,96,4.8002950000,0096.png,0.0529117933,0.4656114780,0.3406983614
E2VID,zurich_city_04_b,97,4.8503120000,0097.png,0.0523104194,0.4644678875,0.3371655345
E2VID,zurich_city_04_b,98,4.9003060000,0098.png,0.0519272378,0.4613610329,0.3402329683
E2VID,zurich_city_04_b,99,4.9502950000,0099.png,0.0514700114,0.4579164878,0.3363242149
E2VID,zurich_city_04_b,100,5.0003120000,0100.png,0.0514084908,0.4568424024,0.3406623900
E2VID,zurich_city_04_b,101,5.0503010000,0101.png,0.0509969562,0.4601077892,0.3358871341
E2VID,zurich_city_04_b,102,5.1002990000,0102.png,0.0506193557,0.4614882908,0.3335544467
E2VID,zurich_city_04_b,103,5.1503160000,0103.png,0.0502052513,0.4615800471,0.3377912045
E2VID,zurich_city_04_b,104,5.2003090000,0104.png,0.0496668264,0.4610152160,0.3369708061
E2VID,zurich_city_04_b,105,5.2502980000,0105.png,0.0494296845,0.4630389809,0.3408932686
E2VID,zurich_city_04_b,106,5.3003160000,0106.png,0.0490819361,0.4639066894,0.3472193778
E2VID,zurich_city_04_b,107,5.3503130000,0107.png,0.0488735263,0.4633651272,0.3454543054
E2VID,zurich_city_04_b,108,5.4003060000,0108.png,0.0485855503,0.4635980534,0.3389912546
E2VID,zurich_city_04_b,109,5.4503230000,0109.png,0.0483350167,0.4650490246,0.3407741189
E2VID,zurich_city_04_b,110,5.5003130000,0110.png,0.0482191037,0.4649199648,0.3379159868
E2VID,zurich_city_04_b,111,5.5503100000,0111.png,0.0479436898,0.4636206885,0.3206130266
E2VID,zurich_city_04_b,112,5.6003230000,0112.png,0.0479287360,0.4616787806,0.3205390573
E2VID,zurich_city_04_b,113,5.6503240000,0113.png,0.0481182183,0.4604204766,0.3215334415
E2VID,zurich_city_04_b,114,5.7002620000,0114.png,0.0483071088,0.4588708941,0.3211324811
E2VID,zurich_city_04_b,115,5.7502910000,0115.png,0.0488693951,0.4561243457,0.3209212422
E2VID,zurich_city_04_b,116,5.8002920000,0116.png,0.0491550808,0.4572873526,0.3226938248
E2VID,zurich_city_04_b,117,5.8503010000,0117.png,0.0494542265,0.4568637082,0.3227724731
E2VID,zurich_city_04_b,118,5.9002990000,0118.png,0.0497818627,0.4572376862,0.3263352811
E2VID,zurich_city_04_b,119,5.9502960000,0119.png,0.0502276841,0.4533342635,0.3274638057
E2VID,zurich_city_04_b,120,6.0003130000,0120.png,0.0506260682,0.4481812171,0.3245392740
E2VID,zurich_city_04_b,121,6.0503060000,0121.png,0.0510734859,0.4443302893,0.3203527927
E2VID,zurich_city_04_b,122,6.1002960000,0122.png,0.0514213249,0.4423074845,0.3191328943
E2VID,zurich_city_04_b,123,6.1503130000,0123.png,0.0514742781,0.4393131021,0.3217425644
E2VID,zurich_city_04_b,124,6.2003060000,0124.png,0.0512572127,0.4369286433,0.3176450729
E2VID,zurich_city_04_b,125,6.2503030000,0125.png,0.0512183787,0.4354660119,0.3143517673
E2VID,zurich_city_04_b,126,6.3003210000,0126.png,0.0511866955,0.4374704773,0.3180122375
E2VID,zurich_city_04_b,127,6.3503125000,0127.png,0.0513802672,0.4373199169,0.3150151968
E2VID,zurich_city_04_b,128,6.4002960000,0128.png,0.0518154237,0.4352526989,0.3208828568
E2VID,zurich_city_04_b,129,6.4502880000,0129.png,0.0520837914,0.4307662680,0.3218042552
E2VID,zurich_city_04_b,130,6.5003005000,0130.png,0.0527027008,0.4267780078,0.3222358227
E2VID,zurich_city_04_b,131,6.5502920000,0131.png,0.0531973598,0.4234348220,0.3177555501
E2VID,zurich_city_04_b,132,6.6002755000,0132.png,0.0531439299,0.4225737299,0.3214320242
E2VID,zurich_city_04_b,133,6.6502915000,0133.png,0.0530922717,0.4205662557,0.3172014058
E2VID,zurich_city_04_b,134,6.7002200000,0134.png,0.0521507042,0.4178765817,0.3209677935
E2VID,zurich_city_04_b,135,6.7502410000,0135.png,0.0518480161,0.4145762503,0.3227944672
E2VID,zurich_city_04_b,136,6.8002340000,0136.png,0.0518553294,0.4128815151,0.3332081735
E2VID,zurich_city_04_b,137,6.8502390000,0137.png,0.0512279748,0.4122813371,0.3275819719
E2VID,zurich_city_04_b,138,6.9002290000,0138.png,0.0500017148,0.4211554478,0.3272014856
E2VID,zurich_city_04_b,139,6.9502125000,0139.png,0.0489757235,0.4207059327,0.3195081353
E2VID,zurich_city_04_b,140,7.0002215000,0140.png,0.0465456695,0.4230904797,0.3121802807
E2VID,zurich_city_04_b,141,7.0502090000,0141.png,0.0431081045,0.4327919504,0.3024392426
E2VID,zurich_city_04_b,142,7.1002060000,0142.png,0.0429951901,0.4320434239,0.2974002361
E2VID,zurich_city_04_b,143,7.1502200000,0143.png,0.0434973262,0.4292853607,0.2897868156
E2VID,zurich_city_04_b,144,7.2002170000,0144.png,0.0439086383,0.4276542916,0.2965123951
E2VID,zurich_city_04_b,145,7.2502260000,0145.png,0.0445928483,0.4233952827,0.3026129305
E2VID,zurich_city_04_b,146,7.3002200000,0146.png,0.0450517292,0.4197544101,0.3006790876
E2VID,zurich_city_04_b,147,7.3502170000,0147.png,0.0451894495,0.4179041019,0.3081504703
E2VID,zurich_city_04_b,148,7.4002140000,0148.png,0.0454425455,0.4165885839,0.3060071766
E2VID,zurich_city_04_b,149,7.4502310000,0149.png,0.0457960979,0.4132217460,0.3129253983
E2VID,zurich_city_04_b,150,7.5002250000,0150.png,0.0460581197,0.4069862135,0.3143849373
E2VID,zurich_city_04_b,151,7.5502355000,0151.png,0.0462117281,0.4055278052,0.3126646280
E2VID,zurich_city_04_b,152,7.6002275000,0152.png,0.0463335927,0.4040382856,0.3146435618
E2VID,zurich_city_04_b,153,7.6502445000,0153.png,0.0471288797,0.4008593809,0.3216405511
E2VID,zurich_city_04_b,154,7.7001905000,0154.png,0.0481141550,0.3974777891,0.3207048178
E2VID,zurich_city_04_b,155,7.7502235000,0155.png,0.0488110811,0.3906892774,0.3228577971
E2VID,zurich_city_04_b,156,7.8002630000,0156.png,0.0493636824,0.3868182556,0.3210272491
E2VID,zurich_city_04_b,157,7.8502545000,0157.png,0.0499574702,0.3852795290,0.3242010176
E2VID,zurich_city_04_b,158,7.9002635000,0158.png,0.0503612652,0.3834195762,0.3226160109
E2VID,zurich_city_04_b,159,7.9502710000,0159.png,0.0507670530,0.3838302811,0.3249778748
E2VID,zurich_city_04_b,160,8.0002990000,0160.png,0.0509500324,0.3788799579,0.3322016597
E2VID,zurich_city_04_b,161,8.0503120000,0161.png,0.0514452220,0.3796948964,0.3244482279
E2VID,zurich_city_04_b,162,8.1003150000,0162.png,0.0519777548,0.3815523864,0.3280399442
E2VID,zurich_city_04_b,163,8.1503510000,0163.png,0.0530346372,0.3806680574,0.3341989517
E2VID,zurich_city_04_b,164,8.2003655000,0164.png,0.0539568611,0.3783737058,0.3420991898
E2VID,zurich_city_04_b,165,8.2503865000,0165.png,0.0540874934,0.3765584444,0.3373861015
E2VID,zurich_city_04_b,166,8.3004285000,0166.png,0.0545843543,0.3791438111,0.3369579315
E2VID,zurich_city_04_b,167,8.3504480000,0167.png,0.0554594150,0.3787796751,0.3386101723
E2VID,zurich_city_04_b,168,8.4004640000,0168.png,0.0556240515,0.3757234271,0.3462560773
E2VID,zurich_city_04_b,169,8.4505105000,0169.png,0.0561147331,0.3702195809,0.3445957899
E2VID,zurich_city_04_b,170,8.5005365000,0170.png,0.0569079830,0.3683796453,0.3491675854
E2VID,zurich_city_04_b,171,8.5505585000,0171.png,0.0587668413,0.3652973566,0.3512504101
E2VID,zurich_city_04_b,172,8.6005960000,0172.png,0.0597883337,0.3618647325,0.3554181159
E2VID,zurich_city_04_b,173,8.6506115000,0173.png,0.0607463334,0.3586142493,0.3497669697
E2VID,zurich_city_04_b,174,8.7005735000,0174.png,0.0613584549,0.3533421915,0.3583436310
E2VID,zurich_city_04_b,175,8.7506090000,0175.png,0.0625207837,0.3461879445,0.3682413697
E2VID,zurich_city_04_b,176,8.8006250000,0176.png,0.0639443016,0.3416905118,0.3688186109
E2VID,zurich_city_04_b,177,8.8506485000,0177.png,0.0652974997,0.3379022055,0.3752797246
E2VID,zurich_city_04_b,178,8.9006600000,0178.png,0.0668358289,0.3344892714,0.3797774017
E2VID,zurich_city_04_b,179,8.9506665000,0179.png,0.0681128126,0.3298572057,0.3961783051
E2VID,zurich_city_04_b,180,9.0006955000,0180.png,0.0699010410,0.3271457824,0.3936620355
E2VID,zurich_city_04_b,181,9.0507085000,0181.png,0.0711838156,0.3274623688,0.3859815300
E2VID,zurich_city_04_b,182,9.1007210000,0182.png,0.0741398419,0.3244122530,0.3878544271
E2VID,zurich_city_04_b,183,9.1507540000,0183.png,0.0783953256,0.3218066728,0.3991023004
E2VID,zurich_city_04_b,184,9.2007670000,0184.png,0.0825706061,0.3164084047,0.3996488750
E2VID,zurich_city_04_b,185,9.2507720000,0185.png,0.0854413890,0.3137109383,0.4078405201
E2VID,zurich_city_04_b,186,9.3008065000,0186.png,0.0863946801,0.3130468707,0.4024739265
E2VID,zurich_city_04_b,187,9.3508155000,0187.png,0.0869519399,0.3139643016,0.4009187520
E2VID,zurich_city_04_b,188,9.4008285000,0188.png,0.0862541888,0.3129303616,0.4009642303
E2VID,zurich_city_04_b,189,9.4508345000,0189.png,0.0855247363,0.3132739751,0.4115231037
E2VID,zurich_city_04_b,190,9.5008645000,0190.png,0.0847877824,0.3119885741,0.4069841504
E2VID,zurich_city_04_b,191,9.5508540000,0191.png,0.0834042941,0.3115379888,0.4058883786
E2VID,zurich_city_04_b,192,9.6008790000,0192.png,0.0825546230,0.3103989660,0.4004344344
E2VID,zurich_city_04_b,193,9.6508745000,0193.png,0.0814347287,0.3091311984,0.4081911147
E2VID,zurich_city_04_b,194,9.7008420000,0194.png,0.0816282884,0.3032304775,0.4124341607
E2VID,zurich_city_04_b,195,9.7508830000,0195.png,0.0824239000,0.2998458951,0.4194350839
E2VID,zurich_city_04_b,196,9.8008960000,0196.png,0.0823663078,0.2973821762,0.4210984707
E2VID,zurich_city_04_b,197,9.8509090000,0197.png,0.0823296626,0.2957552127,0.4189585745
E2VID,zurich_city_04_b,198,9.9009150000,0198.png,0.0821968374,0.2922042139,0.4147164822
E2VID,zurich_city_04_b,199,9.9509160000,0199.png,0.0820028801,0.2926834814,0.4177218974
E2VID,zurich_city_04_b,200,10.0009410000,0200.png,0.0819818535,0.2919373216,0.4276466370
E2VID,zurich_city_04_b,201,10.0509445000,0201.png,0.0823387700,0.2936937107,0.4383626878
E2VID,zurich_city_04_b,202,10.1009535000,0202.png,0.0824470744,0.2937297309,0.4366667271
E2VID,zurich_city_04_b,203,10.1509755000,0203.png,0.0824791783,0.2946894980,0.4398970604
E2VID,zurich_city_04_b,204,10.2009795000,0204.png,0.0819593896,0.2944952973,0.4432541132
E2VID,zurich_city_04_b,205,10.2509900000,0205.png,0.0803555759,0.2953345150,0.4372573793
E2VID,zurich_city_04_b,206,10.3010240000,0206.png,0.0790733013,0.2970525728,0.4389262199
E2VID,zurich_city_04_b,207,10.3510330000,0207.png,0.0793358541,0.2977671621,0.4384311140
E2VID,zurich_city_04_b,208,10.4010420000,0208.png,0.0792389226,0.2963568607,0.4371672571
E2VID,zurich_city_04_b,209,10.4510655000,0209.png,0.0789925495,0.2929571018,0.4359875917
E2VID,zurich_city_04_b,210,10.5010690000,0210.png,0.0791109244,0.2904788195,0.4331941605
E2VID,zurich_city_04_b,211,10.5510635000,0211.png,0.0795324324,0.2828271620,0.4290783107
E2VID,zurich_city_04_b,212,10.6010735000,0212.png,0.0815906288,0.2696341236,0.4405936897
E2VID,zurich_city_04_b,213,10.6510785000,0213.png,0.0827833956,0.2628069768,0.4419304132
E2VID,zurich_city_04_b,214,10.7010165000,0214.png,0.0825192869,0.2592683613,0.4353826940
E2VID,zurich_city_04_b,215,10.7510415000,0215.png,0.0822294147,0.2578225668,0.4425733089
E2VID,zurich_city_04_b,216,10.8010465000,0216.png,0.0822748739,0.2611856217,0.4413067698
E2VID,zurich_city_04_b,217,10.8510595000,0217.png,0.0834863433,0.2611662065,0.4547970891
E2VID,zurich_city_04_b,218,10.9010575000,0218.png,0.0861532858,0.2570001274,0.4738499224
E2VID,zurich_city_04_b,219,10.9510505000,0219.png,0.0884503110,0.2561544047,0.4796874523
E2VID,zurich_city_04_b,220,11.0010500000,0220.png,0.0902396599,0.2620326384,0.4823865891
E2VID,zurich_city_04_b,221,11.0510350000,0221.png,0.0918400489,0.2666810356,0.4781464636
E2VID,zurich_city_04_b,222,11.1010240000,0222.png,0.0929366684,0.2685463677,0.4677760303
E2VID,zurich_city_04_b,223,11.1510370000,0223.png,0.0939417590,0.2720889347,0.4582702219
E2VID,zurich_city_04_b,224,11.2010245000,0224.png,0.0952166875,0.2742935090,0.4672677517
E2VID,zurich_city_04_b,225,11.2510200000,0225.png,0.0956605948,0.2760972255,0.4657674134
E2VID,zurich_city_04_b,226,11.3010340000,0226.png,0.0951719698,0.2768366047,0.4675533175
E2VID,zurich_city_04_b,227,11.3510270000,0227.png,0.0943666735,0.2788891914,0.4686352909
E2VID,zurich_city_04_b,228,11.4010240000,0228.png,0.0947942147,0.2819568453,0.4697418809
E2VID,zurich_city_04_b,229,11.4510410000,0229.png,0.0945748309,0.2873387778,0.4733399749
E2VID,zurich_city_04_b,230,11.5010350000,0230.png,0.0945770898,0.2891144025,0.4760852158
E2VID,zurich_city_04_b,231,11.5510440000,0231.png,0.0938462228,0.2913604311,0.4857696295
E2VID,zurich_city_04_b,232,11.6010290000,0232.png,0.0934609168,0.2922640442,0.4876726866
E2VID,zurich_city_04_b,233,11.6510340000,0233.png,0.0933410081,0.2919972533,0.4908890724
E2VID,zurich_city_04_b,234,11.7009800000,0234.png,0.0914646674,0.2940433714,0.4918799698
E2VID,zurich_city_04_b,235,11.7510160000,0235.png,0.0903326642,0.2913790081,0.4875366986
E2VID,zurich_city_04_b,236,11.8010315000,0236.png,0.0894043495,0.2931918576,0.4931443930
E2VID,zurich_city_04_b,237,11.8510420000,0237.png,0.0881770285,0.2968086100,0.4865502417
E2VID,zurich_city_04_b,238,11.9010370000,0238.png,0.0886854968,0.2931037656,0.4787624478
E2VID,zurich_city_04_b,239,11.9510540000,0239.png,0.0898891185,0.2939481872,0.4910537004
E2VID,zurich_city_04_b,240,12.0010470000,0240.png,0.0915586789,0.2934244822,0.4951199591
E2VID,zurich_city_04_b,241,12.0510440000,0241.png,0.0923294932,0.2906249372,0.5063402057
E2VID,zurich_city_04_b,242,12.1010380000,0242.png,0.0927427726,0.2880424883,0.5033575296
E2VID,zurich_city_04_b,243,12.1510550000,0243.png,0.0949288007,0.2883444808,0.5072988272
E2VID,zurich_city_04_b,244,12.2010480000,0244.png,0.0975330953,0.2887655980,0.5046837926
E2VID,zurich_city_04_b,245,12.2510450000,0245.png,0.1003110590,0.2892992842,0.5058970451
E2VID,zurich_city_04_b,246,12.3010630000,0246.png,0.1004178633,0.2891987530,0.5074084997
E2VID,zurich_city_04_b,247,12.3510455000,0247.png,0.1011009797,0.2921796659,0.5139717460
E2VID,zurich_city_04_b,248,12.4010305000,0248.png,0.1013295340,0.2937815660,0.5141764879
E2VID,zurich_city_04_b,249,12.4510300000,0249.png,0.1021921414,0.2945573039,0.5191460252
E2VID,zurich_city_04_b,250,12.5010135000,0250.png,0.1027679853,0.2978849365,0.5178236961
E2VID,zurich_city_04_b,251,12.5509970000,0251.png,0.1028858445,0.3017946929,0.5099125504
E2VID,zurich_city_04_b,252,12.6009995000,0252.png,0.1024888835,0.3058641437,0.5070238709
E2VID,zurich_city_04_b,253,12.6509885000,0253.png,0.1013600214,0.3108636164,0.5060129762
E2VID,zurich_city_04_b,254,12.7009155000,0254.png,0.0998556439,0.3167340974,0.4968883991
E2VID,zurich_city_04_b,255,12.7509325000,0255.png,0.0992617578,0.3235486787,0.4933998585
E2VID,zurich_city_04_b,256,12.8009310000,0256.png,0.0984605741,0.3302089613,0.4949062765
E2VID,zurich_city_04_b,257,12.8509360000,0257.png,0.0987192790,0.3352729339,0.4966829419
E2VID,zurich_city_04_b,258,12.9009325000,0258.png,0.0980042052,0.3412898092,0.4966888428
E2VID,zurich_city_04_b,259,12.9509190000,0259.png,0.0963680277,0.3471284945,0.4874669015
E2VID,zurich_city_04_b,260,13.0009280000,0260.png,0.0894301648,0.3543738882,0.4790186286
E2VID,zurich_city_04_b,261,13.0509090000,0261.png,0.0861295666,0.3606374927,0.4742082953
E2VID,zurich_city_04_b,262,13.1008960000,0262.png,0.0846599668,0.3664540525,0.4696957469
E2VID,zurich_city_04_b,263,13.1508810000,0263.png,0.0835200117,0.3722261409,0.4684989750
E2VID,zurich_city_04_b,264,13.2008900000,0264.png,0.0821041375,0.3781239764,0.4632184207
E2VID,zurich_city_04_b,265,13.2508725000,0265.png,0.0807195318,0.3827617213,0.4634458125
E2VID,zurich_city_04_b,266,13.3008760000,0266.png,0.0795220931,0.3859481309,0.4598054290
E2VID,zurich_city_04_b,267,13.3508555000,0267.png,0.0788652692,0.3891901801,0.4508500695
HyperE2VID,zurich_city_00_a,0,0.0003930000,0000.png,0.0698466370,0.5534234638,0.8074154854
HyperE2VID,zurich_city_00_a,1,0.0504260000,0001.png,0.0639905873,0.2136770012,0.5155448318
HyperE2VID,zurich_city_00_a,2,0.1004430000,0002.png,0.0498791707,0.2534113911,0.5105352402
HyperE2VID,zurich_city_00_a,3,0.1504400000,0003.png,0.0436498979,0.2831558841,0.4995540977
HyperE2VID,zurich_city_00_a,4,0.2004420000,0004.png,0.0408454212,0.3062143275,0.4895419478
HyperE2VID,zurich_city_00_a,5,0.2504230000,0005.png,0.0404341854,0.3124102356,0.4803456068
HyperE2VID,zurich_city_00_a,6,0.3004240000,0006.png,0.0413471263,0.3175182854,0.4763565660
HyperE2VID,zurich_city_00_a,7,0.3504450000,0007.png,0.0398104951,0.3202863029,0.4681549370
HyperE2VID,zurich_city_00_a,8,0.4004470000,0008.png,0.0391115357,0.3351881653,0.4564116597
HyperE2VID,zurich_city_00_a,9,0.4504480000,0009.png,0.0384323229,0.3429060996,0.4550941885
HyperE2VID,zurich_city_00_a,10,0.5004290000,0010.png,0.0399606033,0.3447844527,0.4516997337
HyperE2VID,zurich_city_00_a,11,0.5504500000,0011.png,0.0414397766,0.3530398710,0.4538332820
HyperE2VID,zurich_city_00_a,12,0.6004320000,0012.png,0.0415599249,0.3734235196,0.4514649510
HyperE2VID,zurich_city_00_a,13,0.6504490000,0013.png,0.0440156485,0.3764859912,0.4464778304
HyperE2VID,zurich_city_00_a,14,0.7004540000,0014.png,0.0466684559,0.3713080054,0.4471139908
HyperE2VID,zurich_city_00_a,15,0.7504550000,0015.png,0.0494911633,0.3599899230,0.4509720504
HyperE2VID,zurich_city_00_a,16,0.8004570000,0016.png,0.0496126546,0.3708428545,0.4494858086
HyperE2VID,zurich_city_00_a,17,0.8504420000,0017.png,0.0502120621,0.3699830447,0.4517221451
HyperE2VID,zurich_city_00_a,18,0.9004390000,0018.png,0.0499424894,0.3816538420,0.4480195940
HyperE2VID,zurich_city_00_a,19,0.9504400000,0019.png,0.0473724739,0.3951755873,0.4369626641
HyperE2VID,zurich_city_00_a,20,1.0003940000,0020.png,0.0454557965,0.3978386572,0.4347092807
HyperE2VID,zurich_city_00_a,21,1.0504350000,0021.png,0.0449180781,0.4000575411,0.4439230263
HyperE2VID,zurich_city_00_a,22,1.1004280000,0022.png,0.0472524496,0.3913669311,0.4475898743
HyperE2VID,zurich_city_00_a,23,1.1504250000,0023.png,0.0488498225,0.3882096226,0.4531594515
HyperE2VID,zurich_city_00_a,24,1.2004220000,0024.png,0.0476094926,0.3883327428,0.4579083920
HyperE2VID,zurich_city_00_a,25,1.2504240000,0025.png,0.0465753072,0.3833663217,0.4676473141
HyperE2VID,zurich_city_00_a,26,1.3004290000,0026.png,0.0463700412,0.3792995895,0.4659405053
HyperE2VID,zurich_city_00_a,27,1.3504300000,0027.png,0.0483230902,0.3714209091,0.4666888714
HyperE2VID,zurich_city_00_a,28,1.4004310000,0028.png,0.0466152685,0.3771166730,0.4758100808
HyperE2VID,zurich_city_00_a,29,1.4504360000,0029.png,0.0447974663,0.3904313821,0.4720978439
HyperE2VID,zurich_city_00_a,30,1.5004340000,0030.png,0.0453056496,0.3940380381,0.4829338193
HyperE2VID,zurich_city_00_a,31,1.5504390000,0031.png,0.0460755723,0.4039946881,0.4884760380
HyperE2VID,zurich_city_00_a,32,1.6004400000,0032.png,0.0464643163,0.4024078497,0.4648251235
HyperE2VID,zurich_city_00_a,33,1.6504410000,0033.png,0.0475684193,0.3942335215,0.4620222747
HyperE2VID,zurich_city_00_a,34,1.7004460000,0034.png,0.0493428501,0.3885369230,0.4647028446
HyperE2VID,zurich_city_00_a,35,1.7504480000,0035.png,0.0499835764,0.3840833821,0.4659099579
HyperE2VID,zurich_city_00_a,36,1.8004410000,0036.png,0.0521969540,0.3811465445,0.4639745057
HyperE2VID,zurich_city_00_a,37,1.8504460000,0037.png,0.0526903182,0.3796503762,0.4663928747
HyperE2VID,zurich_city_00_a,38,1.9004470000,0038.png,0.0511553396,0.3820772323,0.4669024646
HyperE2VID,zurich_city_00_a,39,1.9504480000,0039.png,0.0510074805,0.3876571070,0.4615120888
HyperE2VID,zurich_city_00_a,40,2.0003900000,0040.png,0.0517932658,0.3882018555,0.4549256563
HyperE2VID,zurich_city_00_a,41,2.0504310000,0041.png,0.0529310039,0.3873826123,0.4395806193
HyperE2VID,zurich_city_00_a,42,2.1004160000,0042.png,0.0532218683,0.3783419489,0.4372246563
HyperE2VID,zurich_city_00_a,43,2.1504370000,0043.png,0.0494751148,0.3795878909,0.4403652251
HyperE2VID,zurich_city_00_a,44,2.2004190000,0044.png,0.0471397351,0.3789885883,0.4482229650
HyperE2VID,zurich_city_00_a,45,2.2504200000,0045.png,0.0444186630,0.3740676157,0.4434586465
HyperE2VID,zurich_city_00_a,46,2.3004210000,0046.png,0.0429430503,0.3728073832,0.4452082813
HyperE2VID,zurich_city_00_a,47,2.3504420000,0047.png,0.0418536202,0.3692237385,0.4631722569
HyperE2VID,zurich_city_00_a,48,2.4004240000,0048.png,0.0407545357,0.3659913731,0.4796569943
HyperE2VID,zurich_city_00_a,49,2.4504250000,0049.png,0.0399635648,0.3639048369,0.4827820659
HyperE2VID,zurich_city_00_a,50,2.5004260000,0050.png,0.0391904430,0.3649339000,0.4924007654
HyperE2VID,zurich_city_00_a,51,2.5504270000,0051.png,0.0392738510,0.3729698776,0.4995473325
HyperE2VID,zurich_city_00_a,52,2.6004290000,0052.png,0.0381619523,0.3767643096,0.4994220734
HyperE2VID,zurich_city_00_a,53,2.6504500000,0053.png,0.0383129186,0.3747806581,0.4954510331
HyperE2VID,zurich_city_00_a,54,2.7004510000,0054.png,0.0386031774,0.3786922378,0.4940733314
HyperE2VID,zurich_city_00_a,55,2.7504520000,0055.png,0.0388192114,0.3819664798,0.4953270555
HyperE2VID,zurich_city_00_a,56,2.8004340000,0056.png,0.0378018604,0.3816247173,0.4963177443
HyperE2VID,zurich_city_00_a,57,2.8504350000,0057.png,0.0377023360,0.3849574122,0.4942494035
HyperE2VID,zurich_city_00_a,58,2.9004360000,0058.png,0.0385013552,0.3826493513,0.4970746040
HyperE2VID,zurich_city_00_a,59,2.9504570000,0059.png,0.0406985324,0.3830350804,0.4932498634
HyperE2VID,zurich_city_00_a,60,3.0003910000,0060.png,0.0434582995,0.3807655347,0.4874819815
HyperE2VID,zurich_city_00_a,61,3.0504280000,0061.png,0.0440043846,0.3748538032,0.4940718412
HyperE2VID,zurich_city_00_a,62,3.1004210000,0062.png,0.0435272288,0.3742565096,0.4887561202
HyperE2VID,zurich_city_00_a,63,3.1504180000,0063.png,0.0426221089,0.3743780748,0.4922233820
HyperE2VID,zurich_city_00_a,64,3.2004470000,0064.png,0.0430125859,0.3753021148,0.5058829188
HyperE2VID,zurich_city_00_a,65,3.2504410000,0065.png,0.0432029618,0.3786717001,0.5096296668
HyperE2VID,zurich_city_00_a,66,3.3004220000,0066.png,0.0394845281,0.3832366969,0.5090674758
HyperE2VID,zurich_city_00_a,67,3.3504230000,0067.png,0.0394620015,0.3788042400,0.5095191002
HyperE2VID,zurich_city_00_a,68,3.4004240000,0068.png,0.0406096542,0.3764811218,0.5151660442
HyperE2VID,zurich_city_00_a,69,3.4504290000,0069.png,0.0417159493,0.3759452145,0.5096817613
HyperE2VID,zurich_city_00_a,70,3.5004550000,0070.png,0.0412601533,0.3728175125,0.5018932223
HyperE2VID,zurich_city_00_a,71,3.5504480000,0071.png,0.0421743367,0.3706504125,0.4978911579
HyperE2VID,zurich_city_00_a,72,3.6004290000,0072.png,0.0423489121,0.3738029468,0.5035469532
HyperE2VID,zurich_city_00_a,73,3.6504340000,0073.png,0.0418649352,0.3817280734,0.5047905445
HyperE2VID,zurich_city_00_a,74,3.7004350000,0074.png,0.0412266951,0.3845776827,0.5099648237
HyperE2VID,zurich_city_00_a,75,3.7504370000,0075.png,0.0409850553,0.3818932596,0.5135893226
HyperE2VID,zurich_city_00_a,76,3.8004380000,0076.png,0.0409913273,0.3757548082,0.5152100921
HyperE2VID,zurich_city_00_a,77,3.8504390000,0077.png,0.0413953769,0.3717350044,0.5153850913
HyperE2VID,zurich_city_00_a,78,3.9004440000,0078.png,0.0414934931,0.3667196867,0.5164951086
HyperE2VID,zurich_city_00_a,79,3.9504450000,0079.png,0.0426137802,0.3612460153,0.5143747926
HyperE2VID,zurich_city_00_a,80,4.0003910000,0080.png,0.0446314213,0.3556317811,0.5164482594
HyperE2VID,zurich_city_00_a,81,4.0504280000,0081.png,0.0451835101,0.3549309296,0.5175417662
HyperE2VID,zurich_city_00_a,82,4.1004170000,0082.png,0.0451715714,0.3509786206,0.5214334130
HyperE2VID,zurich_city_00_a,83,4.1504380000,0083.png,0.0446644782,0.3488268357,0.5267912149
HyperE2VID,zurich_city_00_a,84,4.2004200000,0084.png,0.0445484525,0.3499998115,0.5357822180
HyperE2VID,zurich_city_00_a,85,4.2504210000,0085.png,0.0457668914,0.3480203196,0.5469452739
HyperE2VID,zurich_city_00_a,86,4.3004220000,0086.png,0.0448039514,0.3443298327,0.5517797470
HyperE2VID,zurich_city_00_a,87,4.3504270000,0087.png,0.0449246625,0.3422784011,0.5470231771
HyperE2VID,zurich_city_00_a,88,4.4004450000,0088.png,0.0446852900,0.3441900987,0.5498034954
HyperE2VID,zurich_city_00_a,89,4.4504260000,0089.png,0.0445315946,0.3497888185,0.5363486409
HyperE2VID,zurich_city_00_a,90,4.5004270000,0090.png,0.0467794877,0.3528357010,0.5200319290
HyperE2VID,zurich_city_00_a,91,4.5504320000,0091.png,0.0449486141,0.3593019465,0.5239703655
HyperE2VID,zurich_city_00_a,92,4.6004340000,0092.png,0.0433910343,0.3670481821,0.5197489262
HyperE2VID,zurich_city_00_a,93,4.6504350000,0093.png,0.0407698803,0.3718410627,0.5207811594
HyperE2VID,zurich_city_00_a,94,4.7004320000,0094.png,0.0391944712,0.3702567395,0.5259215832
HyperE2VID,zurich_city_00_a,95,4.7504370000,0095.png,0.0385512821,0.3662632079,0.5260409117
HyperE2VID,zurich_city_00_a,96,4.8004350000,0096.png,0.0381537139,0.3608606196,0.5240772367
HyperE2VID,zurich_city_00_a,97,4.8504480000,0097.png,0.0386225382,0.3554452685,0.5369163752
HyperE2VID,zurich_city_00_a,98,4.9004490000,0098.png,0.0399299721,0.3521932537,0.5348723531
HyperE2VID,zurich_city_00_a,99,4.9504460000,0099.png,0.0408146991,0.3498657193,0.5306839943
HyperE2VID,zurich_city_00_a,100,5.0003920000,0100.png,0.0406962027,0.3500192454,0.5292298794
HyperE2VID,zurich_city_00_a,101,5.0504250000,0101.png,0.0407824704,0.3552798316,0.5311202407
HyperE2VID,zurich_city_00_a,102,5.1004420000,0102.png,0.0408370372,0.3636702744,0.5338437557
HyperE2VID,zurich_city_00_a,103,5.1504390000,0103.png,0.0414492033,0.3679947699,0.5487198830
HyperE2VID,zurich_city_00_a,104,5.2004400000,0104.png,0.0404785496,0.3775315612,0.5376800299
HyperE2VID,zurich_city_00_a,105,5.2504380000,0105.png,0.0391119026,0.3829212982,0.5333727598
HyperE2VID,zurich_city_00_a,106,5.3004390000,0106.png,0.0378225570,0.3902560398,0.5287600756
HyperE2VID,zurich_city_00_a,107,5.3504400000,0107.png,0.0366885451,0.3963117960,0.5225478411
HyperE2VID,zurich_city_00_a,108,5.4004410000,0108.png,0.0383109041,0.4009911618,0.5212932229
HyperE2VID,zurich_city_00_a,109,5.4504420000,0109.png,0.0377632357,0.4044772758,0.5203126073
HyperE2VID,zurich_city_00_a,110,5.5004480000,0110.png,0.0362885946,0.4060548839,0.5193236470
HyperE2VID,zurich_city_00_a,111,5.5504410000,0111.png,0.0359052675,0.4030438297,0.5220392346
HyperE2VID,zurich_city_00_a,112,5.6004460000,0112.png,0.0360775467,0.3989092727,0.5230033994
HyperE2VID,zurich_city_00_a,113,5.6504470000,0113.png,0.0361164104,0.3938259089,0.5241937041
HyperE2VID,zurich_city_00_a,114,5.7004480000,0114.png,0.0366186819,0.3876257023,0.5249486566
HyperE2VID,zurich_city_00_a,115,5.7504500000,0115.png,0.0376608362,0.3823499402,0.5209360719
HyperE2VID,zurich_city_00_a,116,5.8004470000,0116.png,0.0396449268,0.3744067383,0.5288085341
HyperE2VID,zurich_city_00_a,117,5.8504520000,0117.png,0.0414935148,0.3637573295,0.5276997089
HyperE2VID,zurich_city_00_a,118,5.9004530000,0118.png,0.0425939282,0.3573556363,0.5294438601
HyperE2VID,zurich_city_00_a,119,5.9504540000,0119.png,0.0422409320,0.3493015800,0.5296289921
HyperE2VID,zurich_city_00_a,120,6.0003920000,0120.png,0.0410542350,0.3445650177,0.5447251797
HyperE2VID,zurich_city_00_a,121,6.0504250000,0121.png,0.0404652526,0.3412219289,0.5410526395
HyperE2VID,zurich_city_00_a,122,6.1004420000,0122.png,0.0406465932,0.3387563754,0.5403091908
HyperE2VID,zurich_city_00_a,123,6.1504350000,0123.png,0.0411247217,0.3309281584,0.5377171636
HyperE2VID,zurich_city_00_a,124,6.2004410000,0124.png,0.0413190964,0.3245244394,0.5429238677
HyperE2VID,zurich_city_00_a,125,6.2504420000,0125.png,0.0428720485,0.3219216734,0.5355440378
HyperE2VID,zurich_city_00_a,126,6.3004430000,0126.png,0.0420264498,0.3214650113,0.5412815809
HyperE2VID,zurich_city_00_a,127,6.3504240000,0127.png,0.0420728651,0.3255472224,0.5422570705
HyperE2VID,zurich_city_00_a,128,6.4004460000,0128.png,0.0403279172,0.3311853659,0.5455309153
HyperE2VID,zurich_city_00_a,129,6.4504470000,0129.png,0.0380718389,0.3380397880,0.5423093438
HyperE2VID,zurich_city_00_a,130,6.5004480000,0130.png,0.0396291123,0.3401448895,0.5421479940
HyperE2VID,zurich_city_00_a,131,6.5504490000,0131.png,0.0390062478,0.3393051449,0.5511561632
HyperE2VID,zurich_city_00_a,132,6.6004310000,0132.png,0.0395613513,0.3409956598,0.5532516241
HyperE2VID,zurich_city_00_a,133,6.6504360000,0133.png,0.0407890051,0.3409403582,0.5534821749
HyperE2VID,zurich_city_00_a,134,6.7004530000,0134.png,0.0416287073,0.3405370473,0.5530506968
HyperE2VID,zurich_city_00_a,135,6.7504540000,0135.png,0.0430587033,0.3397812971,0.5493752360
HyperE2VID,zurich_city_00_a,136,6.8004520000,0136.png,0.0446491159,0.3375143281,0.5571603775
HyperE2VID,zurich_city_00_a,137,6.8504370000,0137.png,0.0453493671,0.3372099525,0.5489826798
HyperE2VID,zurich_city_00_a,138,6.9004380000,0138.png,0.0451897598,0.3403754519,0.5500683188
HyperE2VID,zurich_city_00_a,139,6.9504390000,0139.png,0.0439195775,0.3497645933,0.5546839833
HyperE2VID,zurich_city_00_a,140,7.0003890000,0140.png,0.0430808982,0.3578431079,0.5562224388
HyperE2VID,zurich_city_00_a,141,7.0504300000,0141.png,0.0432201594,0.3661136887,0.5548408031
HyperE2VID,zurich_city_00_a,142,7.1004230000,0142.png,0.0424082141,0.3745946542,0.5525952578
HyperE2VID,zurich_city_00_a,143,7.1504200000,0143.png,0.0427239148,0.3754194839,0.5488779545
HyperE2VID,zurich_city_00_a,144,7.2004250000,0144.png,0.0424652978,0.3768268399,0.5462252498
HyperE2VID,zurich_city_00_a,145,7.2504270000,0145.png,0.0421953254,0.3746265666,0.5443278551
HyperE2VID,zurich_city_00_a,146,7.3004240000,0146.png,0.0402755039,0.3666823543,0.5411095023
HyperE2VID,zurich_city_00_a,147,7.3504250000,0147.png,0.0412931226,0.3587380886,0.5340830088
HyperE2VID,zurich_city_00_a,148,7.4004260000,0148.png,0.0405866935,0.3547175500,0.5321077704
HyperE2VID,zurich_city_00_a,149,7.4504270000,0149.png,0.0387710069,0.3598452971,0.5246625543
HyperE2VID,zurich_city_00_a,150,7.5004290000,0150.png,0.0368246013,0.3699488493,0.5204794407
HyperE2VID,zurich_city_00_a,151,7.5504260000,0151.png,0.0367105355,0.3739170706,0.5194433331
HyperE2VID,zurich_city_00_a,152,7.6004270000,0152.png,0.0363618061,0.3717049743,0.5277088881
HyperE2VID,zurich_city_00_a,153,7.6504320000,0153.png,0.0363976037,0.3714543556,0.5344783664
HyperE2VID,zurich_city_00_a,154,7.7004330000,0154.png,0.0361600608,0.3676858664,0.5341277719
HyperE2VID,zurich_city_00_a,155,7.7504350000,0155.png,0.0360984760,0.3661794727,0.5243700147
HyperE2VID,zurich_city_00_a,156,7.8004320000,0156.png,0.0373551489,0.3632476217,0.5230957270
HyperE2VID,zurich_city_00_a,157,7.8504330000,0157.png,0.0375363912,0.3628747918,0.5180149078
HyperE2VID,zurich_city_00_a,158,7.9004340000,0158.png,0.0356347177,0.3676845370,0.5274649858
HyperE2VID,zurich_city_00_a,159,7.9504390000,0159.png,0.0349725042,0.3716029306,0.5160806179
HyperE2VID,zurich_city_00_a,160,8.0003890000,0160.png,0.0338745077,0.3757465647,0.5112455487
HyperE2VID,zurich_city_00_a,161,8.0504260000,0161.png,0.0339389210,0.3785738047,0.5125741363
HyperE2VID,zurich_city_00_a,162,8.1004150000,0162.png,0.0336459615,0.3829696021,0.5104623437
HyperE2VID,zurich_city_00_a,163,8.1504320000,0163.png,0.0340819886,0.3865698136,0.5044003129
HyperE2VID,zurich_city_00_a,164,8.2004380000,0164.png,0.0343923962,0.3886938721,0.5000710487
HyperE2VID,zurich_city_00_a,165,8.2504390000,0165.png,0.0347783315,0.3878699136,0.4937886596
HyperE2VID,zurich_city_00_a,166,8.3004400000,0166.png,0.0352976820,0.3884830512,0.4882389605
HyperE2VID,zurich_city_00_a,167,8.3504410000,0167.png,0.0360054040,0.3849547455,0.4819187820
HyperE2VID,zurich_city_00_a,168,8.4004430000,0168.png,0.0365660916,0.3841172403,0.4769641757
HyperE2VID,zurich_city_00_a,169,8.4504400000,0169.png,0.0371045400,0.3856315150,0.4794216156
HyperE2VID,zurich_city_00_a,170,8.5004410000,0170.png,0.0369150931,0.3901104130,0.4817590714
HyperE2VID,zurich_city_00_a,171,8.5504420000,0171.png,0.0357545530,0.3954754579,0.4874314070
HyperE2VID,zurich_city_00_a,172,8.6004440000,0172.png,0.0350361121,0.4052867613,0.4902851284
HyperE2VID,zurich_city_00_a,173,8.6504450000,0173.png,0.0351200256,0.4104382140,0.4943387508
HyperE2VID,zurich_city_00_a,174,8.7004460000,0174.png,0.0355882572,0.4122102696,0.4876645803
HyperE2VID,zurich_city_00_a,175,8.7504430000,0175.png,0.0352407991,0.4175125934,0.4937485158
HyperE2VID,zurich_city_00_a,176,8.8004410000,0176.png,0.0340757468,0.4184014523,0.4944210649
HyperE2VID,zurich_city_00_a,177,8.8504500000,0177.png,0.0343059994,0.4191550096,0.4933071136
HyperE2VID,zurich_city_00_a,178,8.9004510000,0178.png,0.0336664023,0.4200094887,0.4898290932
HyperE2VID,zurich_city_00_a,179,8.9504520000,0179.png,0.0332031698,0.4227243253,0.4770811796
HyperE2VID,zurich_city_00_a,180,9.0003900000,0180.png,0.0340021370,0.4243588749,0.4698241949
HyperE2VID,zurich_city_00_a,181,9.0504270000,0181.png,0.0354724853,0.4322979276,0.4700587392
HyperE2VID,zurich_city_00_a,182,9.1004200000,0182.png,0.0349300532,0.4339507997,0.4620247781
HyperE2VID,zurich_city_00_a,183,9.1504170000,0183.png,0.0357752048,0.4262443115,0.4586688578
HyperE2VID,zurich_city_00_a,184,9.2004220000,0184.png,0.0361343328,0.4222847961,0.4670334756
HyperE2VID,zurich_city_00_a,185,9.2504240000,0185.png,0.0359381223,0.4168261675,0.4668205082
HyperE2VID,zurich_city_00_a,186,9.3004410000,0186.png,0.0363456206,0.4095624047,0.4691722989
HyperE2VID,zurich_city_00_a,187,9.3504420000,0187.png,0.0366663022,0.4048982533,0.4698959589
HyperE2VID,zurich_city_00_a,188,9.4004430000,0188.png,0.0377744059,0.3992896207,0.4593393803
HyperE2VID,zurich_city_00_a,189,9.4504440000,0189.png,0.0386603925,0.3976372728,0.4512230158
HyperE2VID,zurich_city_00_a,190,9.5004460000,0190.png,0.0399444209,0.3969068878,0.4626190662
HyperE2VID,zurich_city_00_a,191,9.5504270000,0191.png,0.0395618859,0.3984625685,0.4662786424
HyperE2VID,zurich_city_00_a,192,9.6004480000,0192.png,0.0395108239,0.3933527320,0.4501650929
HyperE2VID,zurich_city_00_a,193,9.6504490000,0193.png,0.0396185318,0.3883097592,0.4575842619
HyperE2VID,zurich_city_00_a,194,9.7004500000,0194.png,0.0402572938,0.3817923310,0.4565874338
HyperE2VID,zurich_city_00_a,195,9.7504520000,0195.png,0.0396226980,0.3761535094,0.4527267218
HyperE2VID,zurich_city_00_a,196,9.8004490000,0196.png,0.0394229782,0.3785900667,0.4456999898
HyperE2VID,zurich_city_00_a,197,9.8504580000,0197.png,0.0399181409,0.3807470956,0.4489693940
HyperE2VID,zurich_city_00_a,198,9.9004550000,0198.png,0.0411634732,0.3899221898,0.4473299384
HyperE2VID,zurich_city_00_a,199,9.9504560000,0199.png,0.0407782287,0.4042106520,0.4472791553
HyperE2VID,zurich_city_00_a,200,10.0003900000,0200.png,0.0373931826,0.4196208064,0.4394915700
HyperE2VID,zurich_city_00_a,201,10.0504270000,0201.png,0.0329766909,0.4414090848,0.4205329716
HyperE2VID,zurich_city_00_a,202,10.1004200000,0202.png,0.0320928050,0.4520616587,0.4100432098
HyperE2VID,zurich_city_00_a,203,10.1504370000,0203.png,0.0336185237,0.4568094812,0.4122452438
HyperE2VID,zurich_city_00_a,204,10.2004390000,0204.png,0.0349775892,0.4587095507,0.4069307148
HyperE2VID,zurich_city_00_a,205,10.2504200000,0205.png,0.0363887236,0.4616397594,0.3983539343
HyperE2VID,zurich_city_00_a,206,10.3004210000,0206.png,0.0375295637,0.4621054095,0.3916519880
HyperE2VID,zurich_city_00_a,207,10.3504260000,0207.png,0.0379154501,0.4670378325,0.3891226649
HyperE2VID,zurich_city_00_a,208,10.4004280000,0208.png,0.0362103899,0.4715905506,0.3952418864
HyperE2VID,zurich_city_00_a,209,10.4504250000,0209.png,0.0356310196,0.4747592739,0.3881682158
HyperE2VID,zurich_city_00_a,210,10.5004260000,0210.png,0.0349165438,0.4754385482,0.3929442763
HyperE2VID,zurich_city_00_a,211,10.5504310000,0211.png,0.0352510969,0.4732465096,0.3973861933
HyperE2VID,zurich_city_00_a,212,10.6004330000,0212.png,0.0355559557,0.4684637352,0.4133255184
HyperE2VID,zurich_city_00_a,213,10.6504340000,0213.png,0.0358857267,0.4684687030,0.4148716927
HyperE2VID,zurich_city_00_a,214,10.7004350000,0214.png,0.0354027403,0.4656315295,0.4235260189
HyperE2VID,zurich_city_00_a,215,10.7504320000,0215.png,0.0351842747,0.4616938356,0.4348410964
HyperE2VID,zurich_city_00_a,216,10.8004420000,0216.png,0.0347176838,0.4614933684,0.4463751614
HyperE2VID,zurich_city_00_a,217,10.8504390000,0217.png,0.0332883803,0.4637554209,0.4565542936
HyperE2VID,zurich_city_00_a,218,10.9004400000,0218.png,0.0312352985,0.4698359507,0.4622791111
HyperE2VID,zurich_city_00_a,219,10.9504410000,0219.png,0.0297312499,0.4725101706,0.4711560607
HyperE2VID,zurich_city_00_a,220,11.0003870000,0220.png,0.0279473077,0.4766890385,0.4823595881
HyperE2VID,zurich_city_00_a,221,11.0504240000,0221.png,0.0262505110,0.4796850081,0.4955711365
HyperE2VID,zurich_city_00_a,222,11.1004170000,0222.png,0.0242182714,0.4877394023,0.5030657053
HyperE2VID,zurich_city_00_a,223,11.1504140000,0223.png,0.0238641984,0.4839743897,0.5068589449
HyperE2VID,zurich_city_00_a,224,11.2004190000,0224.png,0.0235912926,0.4820501341,0.5120192766
HyperE2VID,zurich_city_00_a,225,11.2504210000,0225.png,0.0228302693,0.4810329604,0.5134071112
HyperE2VID,zurich_city_00_a,226,11.3004180000,0226.png,0.0216778681,0.4796557832,0.5147902966
HyperE2VID,zurich_city_00_a,227,11.3504230000,0227.png,0.0231336826,0.4773723566,0.5100745559
HyperE2VID,zurich_city_00_a,228,11.4004240000,0228.png,0.0243247986,0.4707345905,0.5121502876
HyperE2VID,zurich_city_00_a,229,11.4504250000,0229.png,0.0247385029,0.4675965581,0.5192294717
HyperE2VID,zurich_city_00_a,230,11.5004270000,0230.png,0.0248332422,0.4644641181,0.5184007883
HyperE2VID,zurich_city_00_a,231,11.5504320000,0231.png,0.0241050257,0.4634824973,0.5218451023
HyperE2VID,zurich_city_00_a,232,11.6004250000,0232.png,0.0240720766,0.4616469760,0.5187073350
HyperE2VID,zurich_city_00_a,233,11.6504300000,0233.png,0.0231710305,0.4593121341,0.5054109097
HyperE2VID,zurich_city_00_a,234,11.7004310000,0234.png,0.0228942748,0.4582085459,0.5092356205
HyperE2VID,zurich_city_00_a,235,11.7504330000,0235.png,0.0215959487,0.4631231732,0.5142948031
HyperE2VID,zurich_city_00_a,236,11.8004340000,0236.png,0.0213260757,0.4644159901,0.5113689899
HyperE2VID,zurich_city_00_a,237,11.8504390000,0237.png,0.0220497530,0.4629450511,0.5064246058
HyperE2VID,zurich_city_00_a,238,11.9004320000,0238.png,0.0218628782,0.4558975327,0.4942235649
HyperE2VID,zurich_city_00_a,239,11.9504370000,0239.png,0.0210872843,0.4520872993,0.4901043177
HyperE2VID,zurich_city_00_a,240,12.0003870000,0240.png,0.0194566849,0.4589602400,0.4932579100
HyperE2VID,zurich_city_00_a,241,12.0504200000,0241.png,0.0199268245,0.4621017109,0.4922744632
HyperE2VID,zurich_city_00_a,242,12.1004130000,0242.png,0.0211598097,0.4603159675,0.4915733933
HyperE2VID,zurich_city_00_a,243,12.1504140000,0243.png,0.0216359020,0.4609902311,0.4884397984
HyperE2VID,zurich_city_00_a,244,12.2004360000,0244.png,0.0225519780,0.4602134747,0.4835065603
HyperE2VID,zurich_city_00_a,245,12.2504370000,0245.png,0.0233655608,0.4587543877,0.4744814634
HyperE2VID,zurich_city_00_a,246,12.3004380000,0246.png,0.0238584398,0.4563798412,0.4698699117
HyperE2VID,zurich_city_00_a,247,12.3504190000,0247.png,0.0243772441,0.4506383771,0.4749826193
HyperE2VID,zurich_city_00_a,248,12.4004250000,0248.png,0.0256810625,0.4423025659,0.4720850587
HyperE2VID,zurich_city_00_a,249,12.4504500000,0249.png,0.0259571932,0.4361337083,0.4810771346
HyperE2VID,zurich_city_00_a,250,12.5004430000,0250.png,0.0258565772,0.4318528452,0.4849843085
HyperE2VID,zurich_city_00_a,251,12.5504240000,0251.png,0.0262077900,0.4245470177,0.4818194509
HyperE2VID,zurich_city_00_a,252,12.6004260000,0252.png,0.0268728667,0.4177056301,0.4961897731
HyperE2VID,zurich_city_00_a,253,12.6504310000,0253.png,0.0284559108,0.4103619251,0.5000049472
HyperE2VID,zurich_city_00_a,254,12.7004320000,0254.png,0.0289778818,0.4025778485,0.5006257296
HyperE2VID,zurich_city_00_a,255,12.7504330000,0255.png,0.0301080794,0.3941398498,0.4941444695
HyperE2VID,zurich_city_00_a,256,12.8004310000,0256.png,0.0305360715,0.3845958567,0.4976639152
HyperE2VID,zurich_city_00_a,257,12.8504360000,0257.png,0.0312028910,0.3772830157,0.4999717772
HyperE2VID,zurich_city_00_a,258,12.9004410000,0258.png,0.0314232066,0.3682636350,0.4931125641
HyperE2VID,zurich_city_00_a,259,12.9504420000,0259.png,0.0320097237,0.3618781339,0.4977717698
HyperE2VID,zurich_city_00_a,260,13.0003880000,0260.png,0.0327835714,0.3527742203,0.5010060668
HyperE2VID,zurich_city_00_a,261,13.0504170000,0261.png,0.0336442763,0.3391967169,0.5030196905
HyperE2VID,zurich_city_00_a,262,13.1004340000,0262.png,0.0346215034,0.3317804233,0.5018869638
HyperE2VID,zurich_city_00_a,263,13.1504310000,0263.png,0.0346587451,0.3259619050,0.4950813651
HyperE2VID,zurich_city_00_a,264,13.2004360000,0264.png,0.0357594125,0.3174393108,0.5024951100
HyperE2VID,zurich_city_00_a,265,13.2504380000,0265.png,0.0367196742,0.3071489218,0.5012387037
HyperE2VID,zurich_city_00_a,266,13.3004390000,0266.png,0.0378651952,0.3035700134,0.4999864399
HyperE2VID,zurich_city_00_a,267,13.3504360000,0267.png,0.0396144783,0.2940470895,0.5072218776
HyperE2VID,zurich_city_00_a,268,13.4004370000,0268.png,0.0414309572,0.2904457431,0.5141500235
HyperE2VID,zurich_city_00_a,269,13.4504380000,0269.png,0.0438650194,0.2841541014,0.5140326023
HyperE2VID,zurich_city_00_a,270,13.5004440000,0270.png,0.0445569289,0.2788291388,0.5181937814
HyperE2VID,zurich_city_00_a,271,13.5504450000,0271.png,0.0478425378,0.2728330895,0.5193493366
HyperE2VID,zurich_city_00_a,272,13.6004260000,0272.png,0.0507370093,0.2665802637,0.5193306804
HyperE2VID,zurich_city_00_a,273,13.6504470000,0273.png,0.0544363862,0.2615531053,0.5191280842
HyperE2VID,zurich_city_00_a,274,13.7004280000,0274.png,0.0564522270,0.2493081079,0.5244152546
HyperE2VID,zurich_city_00_a,275,13.7504300000,0275.png,0.0577778219,0.2454731588,0.5392997265
HyperE2VID,zurich_city_00_a,276,13.8004310000,0276.png,0.0590148898,0.2453572390,0.5512179732
HyperE2VID,zurich_city_00_a,277,13.8504320000,0277.png,0.0596982745,0.2422493016,0.5560463667
HyperE2VID,zurich_city_00_a,278,13.9004570000,0278.png,0.0606077174,0.2402089915,0.5739514232
HyperE2VID,zurich_city_00_a,279,13.9504540000,0279.png,0.0618902220,0.2450031239,0.5711362958
HyperE2VID,zurich_city_00_a,280,14.0003840000,0280.png,0.0626018858,0.2522436339,0.5598125458
HyperE2VID,zurich_city_00_a,281,14.0504250000,0281.png,0.0628501074,0.2623563428,0.5578583479
HyperE2VID,zurich_city_00_a,282,14.1004140000,0282.png,0.0616343308,0.2709076373,0.5444301367
HyperE2VID,zurich_city_00_a,283,14.1504150000,0283.png,0.0598011071,0.2864119273,0.5402975082
HyperE2VID,zurich_city_00_a,284,14.2004130000,0284.png,0.0605928140,0.2990284100,0.5365066528
HyperE2VID,zurich_city_00_a,285,14.2504140000,0285.png,0.0636832392,0.3052071427,0.5387507081
HyperE2VID,zurich_city_00_a,286,14.3004190000,0286.png,0.0657521383,0.3132095462,0.5611928105
HyperE2VID,zurich_city_00_a,287,14.3504200000,0287.png,0.0705464537,0.3171582746,0.5653029680
HyperE2VID,zurich_city_00_a,288,14.4004220000,0288.png,0.0737767218,0.3160096021,0.5496043563
HyperE2VID,zurich_city_00_a,289,14.4504270000,0289.png,0.0749244851,0.3157632873,0.5458858013
HyperE2VID,zurich_city_00_a,290,14.5004240000,0290.png,0.0748927955,0.3212225584,0.5424219370
HyperE2VID,zurich_city_00_a,291,14.5504250000,0291.png,0.0769627402,0.3256731463,0.5545237064
HyperE2VID,zurich_city_00_a,292,14.6004270000,0292.png,0.0789925681,0.3309358882,0.5525107980
HyperE2VID,zurich_city_00_a,293,14.6504280000,0293.png,0.0797180118,0.3350244069,0.5544319153
HyperE2VID,zurich_city_00_a,294,14.7004330000,0294.png,0.0795275320,0.3405546266,0.5468248129
HyperE2VID,zurich_city_00_a,295,14.7504340000,0295.png,0.0797399576,0.3432877063,0.5359542370
HyperE2VID,zurich_city_00_a,296,14.8004280000,0296.png,0.0785146651,0.3495510843,0.5339763761
HyperE2VID,zurich_city_00_a,297,14.8504370000,0297.png,0.0777181765,0.3513003318,0.5321202874
HyperE2VID,zurich_city_00_a,298,14.9004380000,0298.png,0.0749001091,0.3582768720,0.5314949751
HyperE2VID,zurich_city_00_a,299,14.9504390000,0299.png,0.0716088989,0.3648868507,0.5254655480
HyperE2VID,zurich_city_00_a,300,15.0003850000,0300.png,0.0689906208,0.3655738963,0.5204806328
HyperE2VID,zurich_city_00_a,301,15.0504300000,0301.png,0.0679072078,0.3675754612,0.5036717057
HyperE2VID,zurich_city_00_a,302,15.1004150000,0302.png,0.0665002373,0.3707639145,0.4850089252
HyperE2VID,zurich_city_00_a,303,15.1504120000,0303.png,0.0646294696,0.3848553490,0.4678961933
HyperE2VID,zurich_city_00_a,304,15.2004170000,0304.png,0.0622862916,0.3901436538,0.4625218511
HyperE2VID,zurich_city_00_a,305,15.2504190000,0305.png,0.0606686578,0.3950530904,0.4665348232
HyperE2VID,zurich_city_00_a,306,15.3004200000,0306.png,0.0593985822,0.3991729049,0.4673063755
HyperE2VID,zurich_city_00_a,307,15.3504170000,0307.png,0.0591537761,0.3975549359,0.4578467011
HyperE2VID,zurich_city_00_a,308,15.4004180000,0308.png,0.0596294464,0.3942016690,0.4500901699
HyperE2VID,zurich_city_00_a,309,15.4504230000,0309.png,0.0602435390,0.3925191681,0.4487179518
HyperE2VID,zurich_city_00_a,310,15.5004250000,0310.png,0.0597093527,0.3871145535,0.4503692389
HyperE2VID,zurich_city_00_a,311,15.5504260000,0311.png,0.0589804311,0.3889430076,0.4577251673
HyperE2VID,zurich_city_00_a,312,15.6004310000,0312.png,0.0588902260,0.3930581613,0.4604573250
HyperE2VID,zurich_city_00_a,313,15.6504240000,0313.png,0.0604107566,0.3948133070,0.4703320861
HyperE2VID,zurich_city_00_a,314,15.7004290000,0314.png,0.0608081555,0.3928930540,0.4687627852
HyperE2VID,zurich_city_00_a,315,15.7504310000,0315.png,0.0619134506,0.3888793180,0.4690956771
HyperE2VID,zurich_city_00_a,316,15.8004280000,0316.png,0.0605873705,0.3883438241,0.4743503034
HyperE2VID,zurich_city_00_a,317,15.8504370000,0317.png,0.0601450754,0.3819771794,0.4770211577
HyperE2VID,zurich_city_00_a,318,15.9004380000,0318.png,0.0604763953,0.3827087953,0.4829100370
HyperE2VID,zurich_city_00_a,319,15.9504350000,0319.png,0.0602788796,0.3796368011,0.4646634459
HyperE2VID,zurich_city_00_a,320,16.0003850000,0320.png,0.0614922938,0.3750456225,0.4534140229
HyperE2VID,zurich_city_00_a,321,16.0504260000,0321.png,0.0634136621,0.3711737760,0.4593921900
HyperE2VID,zurich_city_00_a,322,16.1004150000,0322.png,0.0654606617,0.3654512735,0.4648039043
HyperE2VID,zurich_city_00_a,323,16.1504160000,0323.png,0.0646710162,0.3645815210,0.4475635290
HyperE2VID,zurich_city_00_a,324,16.2004170000,0324.png,0.0648930792,0.3710599078,0.4376708865
HyperE2VID,zurich_city_00_a,325,16.2504190000,0325.png,0.0630961422,0.3742825012,0.4474610686
HyperE2VID,zurich_city_00_a,326,16.3004200000,0326.png,0.0616497119,0.3809802797,0.4435866475
HyperE2VID,zurich_city_00_a,327,16.3504210000,0327.png,0.0601457626,0.3852343343,0.4395467639
HyperE2VID,zurich_city_00_a,328,16.4004260000,0328.png,0.0591958550,0.3875043458,0.4332556129
HyperE2VID,zurich_city_00_a,329,16.4504270000,0329.png,0.0580106216,0.3925667084,0.4343784451
HyperE2VID,zurich_city_00_a,330,16.5004290000,0330.png,0.0569333265,0.3962797645,0.4364943504
HyperE2VID,zurich_city_00_a,331,16.5504300000,0331.png,0.0556248247,0.4025533126,0.4373064041
HyperE2VID,zurich_city_00_a,332,16.6004310000,0332.png,0.0542909491,0.4094216643,0.4380036592
HyperE2VID,zurich_city_00_a,333,16.6504360000,0333.png,0.0528298842,0.4134392188,0.4356542826
HyperE2VID,zurich_city_00_a,334,16.7004410000,0334.png,0.0519307448,0.4137898991,0.4407202899
HyperE2VID,zurich_city_00_a,335,16.7504430000,0335.png,0.0509594724,0.4143618578,0.4384883046
HyperE2VID,zurich_city_00_a,336,16.8004440000,0336.png,0.0506469891,0.4163274009,0.4416946471
HyperE2VID,zurich_city_00_a,337,16.8504490000,0337.png,0.0509077997,0.4143801918,0.4390764236
HyperE2VID,zurich_city_00_a,338,16.9004300000,0338.png,0.0511613512,0.4150787393,0.4461936653
HyperE2VID,zurich_city_00_a,339,16.9504310000,0339.png,0.0507537975,0.4204128662,0.4435977042
HyperE2VID,zurich_city_00_a,340,17.0003850000,0340.png,0.0507299429,0.4274752730,0.4510976672
HyperE2VID,zurich_city_00_a,341,17.0504180000,0341.png,0.0509930085,0.4316961042,0.4547658563
HyperE2VID,zurich_city_00_a,342,17.1004270000,0342.png,0.0510477318,0.4370964803,0.4579091668
HyperE2VID,zurich_city_00_a,343,17.1504240000,0343.png,0.0515281338,0.4418692937,0.4627170563
HyperE2VID,zurich_city_00_a,344,17.2004300000,0344.png,0.0507290735,0.4461429906,0.4565762281
HyperE2VID,zurich_city_00_a,345,17.2504310000,0345.png,0.0501597065,0.4473005354,0.4630668461
HyperE2VID,zurich_city_00_a,346,17.3004320000,0346.png,0.0498125321,0.4423797036,0.4696232378
HyperE2VID,zurich_city_00_a,347,17.3504330000,0347.png,0.0498563836,0.4352446093,0.4702773392
HyperE2VID,zurich_city_00_a,348,17.4004310000,0348.png,0.0496439068,0.4323143559,0.4672456682
HyperE2VID,zurich_city_00_a,349,17.4504320000,0349.png,0.0491096097,0.4310234197,0.4764062166
HyperE2VID,zurich_city_00_a,350,17.5004330000,0350.png,0.0474879901,0.4276120406,0.4883526862
HyperE2VID,zurich_city_00_a,351,17.5504380000,0351.png,0.0470413457,0.4204553492,0.4971331954
HyperE2VID,zurich_city_00_a,352,17.6004400000,0352.png,0.0455958758,0.4142124601,0.4921195209
HyperE2VID,zurich_city_00_a,353,17.6504410000,0353.png,0.0452692395,0.4009666149,0.4855562747
HyperE2VID,zurich_city_00_a,354,17.7004380000,0354.png,0.0442797041,0.3971107855,0.4857839942
HyperE2VID,zurich_city_00_a,355,17.7504390000,0355.png,0.0438301658,0.3948782301,0.4959065318
HyperE2VID,zurich_city_00_a,356,17.8004290000,0356.png,0.0449021522,0.3964894643,0.4979480803
HyperE2VID,zurich_city_00_a,357,17.8504500000,0357.png,0.0467377097,0.3904203867,0.4985696375
HyperE2VID,zurich_city_00_a,358,17.9004510000,0358.png,0.0480183273,0.3793997132,0.4880110621
HyperE2VID,zurich_city_00_a,359,17.9504480000,0359.png,0.0486274938,0.3702910437,0.4939581752
HyperE2VID,zurich_city_00_a,360,18.0003820000,0360.png,0.0487611713,0.3749879239,0.4991897941
HyperE2VID,zurich_city_00_a,361,18.0504190000,0361.png,0.0480323929,0.3782224655,0.5013310909
HyperE2VID,zurich_city_00_a,362,18.1004120000,0362.png,0.0477695414,0.3755868748,0.4953050911
HyperE2VID,zurich_city_00_a,363,18.1504090000,0363.png,0.0478650763,0.3701297236,0.5008243322
HyperE2VID,zurich_city_00_a,364,18.2004100000,0364.png,0.0485893683,0.3665495583,0.4946914613
HyperE2VID,zurich_city_00_a,365,18.2504280000,0365.png,0.0484880846,0.3640801476,0.4960289299
HyperE2VID,zurich_city_00_a,366,18.3004290000,0366.png,0.0493564171,0.3574353627,0.5087948442
HyperE2VID,zurich_city_00_a,367,18.3504260000,0367.png,0.0494397577,0.3519562153,0.5072181821
HyperE2VID,zurich_city_00_a,368,18.4004270000,0368.png,0.0482693663,0.3484925473,0.4944630861
HyperE2VID,zurich_city_00_a,369,18.4504280000,0369.png,0.0479127038,0.3456827737,0.4974118769
HyperE2VID,zurich_city_00_a,370,18.5004300000,0370.png,0.0479831619,0.3453783921,0.5035198331
HyperE2VID,zurich_city_00_a,371,18.5504270000,0371.png,0.0479269375,0.3472931005,0.4994452298
HyperE2VID,zurich_city_00_a,372,18.6004280000,0372.png,0.0480332567,0.3492574141,0.5105432272
HyperE2VID,zurich_city_00_a,373,18.6504290000,0373.png,0.0498779015,0.3503321372,0.5180126429
HyperE2VID,zurich_city_00_a,374,18.7004300000,0374.png,0.0519011772,0.3486949987,0.5136721730
HyperE2VID,zurich_city_00_a,375,18.7504320000,0375.png,0.0531388005,0.3504187136,0.5152052045
HyperE2VID,zurich_city_00_a,376,18.8004290000,0376.png,0.0524076733,0.3543828237,0.5091480017
HyperE2VID,zurich_city_00_a,377,18.8504300000,0377.png,0.0535639975,0.3549938711,0.5135006309
HyperE2VID,zurich_city_00_a,378,18.9004310000,0378.png,0.0536800343,0.3595365120,0.5162794590
HyperE2VID,zurich_city_00_a,379,18.9504320000,0379.png,0.0539251153,0.3600823573,0.5071856976
HyperE2VID,zurich_city_00_a,380,19.0003820000,0380.png,0.0550622095,0.3587290477,0.5108827949
HyperE2VID,zurich_city_00_a,381,19.0504190000,0381.png,0.0571546483,0.3527771049,0.5161012411
HyperE2VID,zurich_city_00_a,382,19.1004280000,0382.png,0.0574150236,0.3542010860,0.5140429735
HyperE2VID,zurich_city_00_a,383,19.1504250000,0383.png,0.0564958632,0.3568020371,0.5219407082
HyperE2VID,zurich_city_00_a,384,19.2004270000,0384.png,0.0560917744,0.3611524287,0.5214262605
HyperE2VID,zurich_city_00_a,385,19.2504280000,0385.png,0.0543572915,0.3666117871,0.5204234123
HyperE2VID,zurich_city_00_a,386,19.3004330000,0386.png,0.0529414290,0.3658112598,0.5211370587
HyperE2VID,zurich_city_00_a,387,19.3504340000,0387.png,0.0529139572,0.3686843140,0.5215794444
HyperE2VID,zurich_city_00_a,388,19.4004280000,0388.png,0.0519861019,0.3652729300,0.5146772265
HyperE2VID,zurich_city_00_a,389,19.4504330000,0389.png,0.0510995195,0.3654001356,0.5064459443
HyperE2VID,zurich_city_00_a,390,19.5004340000,0390.png,0.0502440895,0.3626786012,0.5077880025
HyperE2VID,zurich_city_00_a,391,19.5504350000,0391.png,0.0511258820,0.3594127809,0.5126739144
HyperE2VID,zurich_city_00_a,392,19.6004370000,0392.png,0.0519657282,0.3611801600,0.5132238865
HyperE2VID,zurich_city_00_a,393,19.6504380000,0393.png,0.0519373352,0.3607131863,0.5132740736
HyperE2VID,zurich_city_00_a,394,19.7004310000,0394.png,0.0518626167,0.3586637725,0.5130001307
HyperE2VID,zurich_city_00_a,395,19.7504360000,0395.png,0.0522801063,0.3535535228,0.5131089687
HyperE2VID,zurich_city_00_a,396,19.8004420000,0396.png,0.0517614657,0.3506458887,0.5190366507
HyperE2VID,zurich_city_00_a,397,19.8504390000,0397.png,0.0523728281,0.3479287623,0.5142965317
HyperE2VID,zurich_city_00_a,398,19.9004440000,0398.png,0.0513595290,0.3520722238,0.5205017924
HyperE2VID,zurich_city_00_a,399,19.9504450000,0399.png,0.0509959414,0.3580825596,0.5280952454
HyperE2VID,zurich_city_00_a,400,20.0003830000,0400.png,0.0522577717,0.3562710047,0.5256632566
HyperE2VID,zurich_city_00_a,401,20.0504160000,0401.png,0.0520084457,0.3594243086,0.5274276733
HyperE2VID,zurich_city_00_a,402,20.1004090000,0402.png,0.0521615065,0.3692844360,0.5282692313
HyperE2VID,zurich_city_00_a,403,20.1504300000,0403.png,0.0524167913,0.3713377792,0.5272258520
HyperE2VID,zurich_city_00_a,404,20.2004310000,0404.png,0.0538371199,0.3702139209,0.5384565592
HyperE2VID,zurich_city_00_a,405,20.2504330000,0405.png,0.0543894105,0.3687134897,0.5326600075
HyperE2VID,zurich_city_00_a,406,20.3004300000,0406.png,0.0517079978,0.3595532710,0.5246797800
HyperE2VID,zurich_city_00_a,407,20.3504310000,0407.png,0.0524976926,0.3608945075,0.5298179388
HyperE2VID,zurich_city_00_a,408,20.4004360000,0408.png,0.0512319112,0.3695668300,0.5335499048
HyperE2VID,zurich_city_00_a,409,20.4504330000,0409.png,0.0502084072,0.3739999096,0.5208768845
HyperE2VID,zurich_city_00_a,410,20.5004390000,0410.png,0.0489521137,0.3840246550,0.5158869028
HyperE2VID,zurich_city_00_a,411,20.5504320000,0411.png,0.0481802000,0.3904231971,0.5232685804
HyperE2VID,zurich_city_00_a,412,20.6004330000,0412.png,0.0476013515,0.3942196177,0.5327920914
HyperE2VID,zurich_city_00_a,413,20.6504340000,0413.png,0.0479098833,0.3905363253,0.5343128443
HyperE2VID,zurich_city_00_a,414,20.7004390000,0414.png,0.0485368716,0.3855335563,0.5235264897
HyperE2VID,zurich_city_00_a,415,20.7504410000,0415.png,0.0499318896,0.3772437678,0.5177241564
HyperE2VID,zurich_city_00_a,416,20.8004460000,0416.png,0.0497958217,0.3694060534,0.5176413655
HyperE2VID,zurich_city_00_a,417,20.8504390000,0417.png,0.0505755728,0.3637504235,0.5281825066
HyperE2VID,zurich_city_00_a,418,20.9004440000,0418.png,0.0508150087,0.3636790530,0.5325177908
HyperE2VID,zurich_city_00_a,419,20.9504450000,0419.png,0.0510944593,0.3585875293,0.5330060124
HyperE2VID,zurich_city_00_a,420,21.0003790000,0420.png,0.0515179275,0.3547109796,0.5191509724
HyperE2VID,zurich_city_00_a,421,21.0504200000,0421.png,0.0503465273,0.3547418008,0.5246266723
HyperE2VID,zurich_city_00_a,422,21.1004090000,0422.png,0.0492447249,0.3563820759,0.5249519348
HyperE2VID,zurich_city_00_a,423,21.1504260000,0423.png,0.0495443002,0.3576033482,0.5210068226
HyperE2VID,zurich_city_00_a,424,21.2004280000,0424.png,0.0499337844,0.3538063993,0.5253171325
HyperE2VID,zurich_city_00_a,425,21.2504090000,0425.png,0.0506068516,0.3457224500,0.5292586088
HyperE2VID,zurich_city_00_a,426,21.3004100000,0426.png,0.0495255696,0.3466945954,0.5281783938
HyperE2VID,zurich_city_00_a,427,21.3504110000,0427.png,0.0501680262,0.3431383680,0.5320108533
HyperE2VID,zurich_city_00_a,428,21.4004410000,0428.png,0.0510613869,0.3399929472,0.5344516039
HyperE2VID,zurich_city_00_a,429,21.4504340000,0429.png,0.0529265022,0.3352771453,0.5307365060
HyperE2VID,zurich_city_00_a,430,21.5004150000,0430.png,0.0532492842,0.3308141831,0.5252419710
HyperE2VID,zurich_city_00_a,431,21.5504160000,0431.png,0.0530296615,0.3355943278,0.5155335665
HyperE2VID,zurich_city_00_a,432,21.6004180000,0432.png,0.0528889580,0.3383240356,0.5094390512
HyperE2VID,zurich_city_00_a,433,21.6504190000,0433.png,0.0518948013,0.3445410841,0.5090532303
HyperE2VID,zurich_city_00_a,434,21.7004480000,0434.png,0.0515210880,0.3500526884,0.5055646300
HyperE2VID,zurich_city_00_a,435,21.7504410000,0435.png,0.0520077335,0.3547563754,0.5049310923
HyperE2VID,zurich_city_00_a,436,21.8004310000,0436.png,0.0521771766,0.3550286455,0.5001501441
HyperE2VID,zurich_city_00_a,437,21.8504280000,0437.png,0.0515240856,0.3613648682,0.5049930811
HyperE2VID,zurich_city_00_a,438,21.9004290000,0438.png,0.0504685915,0.3685999372,0.4982956052
HyperE2VID,zurich_city_00_a,439,21.9504300000,0439.png,0.0511977315,0.3711404048,0.5020591021
HyperE2VID,zurich_city_00_a,440,22.0003800000,0440.png,0.0524033605,0.3727484966,0.5016701818
HyperE2VID,zurich_city_00_a,441,22.0504210000,0441.png,0.0515593480,0.3761059843,0.4972474575
HyperE2VID,zurich_city_00_a,442,22.1004100000,0442.png,0.0492614290,0.3801536339,0.4949170947
HyperE2VID,zurich_city_00_a,443,22.1504110000,0443.png,0.0476542080,0.3813423051,0.5017145872
HyperE2VID,zurich_city_00_a,444,22.2004120000,0444.png,0.0468007582,0.3857476921,0.4989968538
HyperE2VID,zurich_city_00_a,445,22.2504140000,0445.png,0.0460608575,0.3898914422,0.5003442168
HyperE2VID,zurich_city_00_a,446,22.3004110000,0446.png,0.0459605491,0.3879464572,0.5062967539
HyperE2VID,zurich_city_00_a,447,22.3504120000,0447.png,0.0468282517,0.3813602316,0.5046155453
HyperE2VID,zurich_city_00_a,448,22.4004170000,0448.png,0.0483727018,0.3792959388,0.5016829371
HyperE2VID,zurich_city_00_a,449,22.4504180000,0449.png,0.0485215797,0.3735410561,0.5028188825
HyperE2VID,zurich_city_00_a,450,22.5004200000,0450.png,0.0490531793,0.3743038507,0.5089266896
HyperE2VID,zurich_city_00_a,451,22.5504250000,0451.png,0.0490369097,0.3769796278,0.5174031854
HyperE2VID,zurich_city_00_a,452,22.6004220000,0452.png,0.0490538655,0.3786740471,0.5155974627
HyperE2VID,zurich_city_00_a,453,22.6504230000,0453.png,0.0485372029,0.3818046641,0.5193090439
HyperE2VID,zurich_city_00_a,454,22.7004240000,0454.png,0.0476134328,0.3838523988,0.5140784979
HyperE2VID,zurich_city_00_a,455,22.7504300000,0455.png,0.0471055177,0.3836508963,0.4965125322
HyperE2VID,zurich_city_00_a,456,22.8004270000,0456.png,0.0465156763,0.3817381538,0.5046446919
HyperE2VID,zurich_city_00_a,457,22.8504400000,0457.png,0.0461421667,0.3795616901,0.5102860332
HyperE2VID,zurich_city_00_a,458,22.9004370000,0458.png,0.0460655453,0.3773195729,0.5147973299
HyperE2VID,zurich_city_00_a,459,22.9504380000,0459.png,0.0465734783,0.3719519705,0.5081847906
HyperE2VID,zurich_city_00_a,460,23.0003800000,0460.png,0.0466112731,0.3660972555,0.5009523630
HyperE2VID,zurich_city_00_a,461,23.0504250000,0461.png,0.0462864451,0.3593578444,0.5081372857
HyperE2VID,zurich_city_00_a,462,23.1004180000,0462.png,0.0458067777,0.3608484138,0.5028066635
HyperE2VID,zurich_city_00_a,463,23.1504110000,0463.png,0.0457869260,0.3629656089,0.5039752126
HyperE2VID,zurich_city_00_a,464,23.2004130000,0464.png,0.0456742054,0.3702468896,0.5020510554
HyperE2VID,zurich_city_00_a,465,23.2504180000,0465.png,0.0455545289,0.3711119455,0.4995096326
HyperE2VID,zurich_city_00_a,466,23.3004230000,0466.png,0.0465809083,0.3672074517,0.4989564419
HyperE2VID,zurich_city_00_a,467,23.3504240000,0467.png,0.0470724823,0.3648683940,0.5036374927
HyperE2VID,zurich_city_00_a,468,23.4004260000,0468.png,0.0467516840,0.3565778128,0.4988850355
HyperE2VID,zurich_city_00_a,469,23.4504190000,0469.png,0.0470826500,0.3474723032,0.4988932610
HyperE2VID,zurich_city_00_a,470,23.5004200000,0470.png,0.0476182786,0.3484310037,0.5029433966
HyperE2VID,zurich_city_00_a,471,23.5504250000,0471.png,0.0475955958,0.3493157940,0.5049573779
HyperE2VID,zurich_city_00_a,472,23.6004270000,0472.png,0.0476815588,0.3517026133,0.4980182052
HyperE2VID,zurich_city_00_a,473,23.6504280000,0473.png,0.0481099005,0.3515684867,0.5038144588
HyperE2VID,zurich_city_00_a,474,23.7004290000,0474.png,0.0481657335,0.3475747468,0.5035308599
HyperE2VID,zurich_city_00_a,475,23.7504260000,0475.png,0.0479694179,0.3522068091,0.5131396651
HyperE2VID,zurich_city_00_a,476,23.8004480000,0476.png,0.0481946308,0.3554205381,0.5078867078
HyperE2VID,zurich_city_00_a,477,23.8504330000,0477.png,0.0483369238,0.3559696383,0.5132092237
HyperE2VID,zurich_city_00_a,478,23.9004340000,0478.png,0.0485764340,0.3587199343,0.5086048245
HyperE2VID,zurich_city_00_a,479,23.9504390000,0479.png,0.0492127943,0.3599631664,0.5037195683
HyperE2VID,zurich_city_00_a,480,24.0003810000,0480.png,0.0489861393,0.3638787142,0.4986286163
HyperE2VID,zurich_city_00_a,481,24.0504220000,0481.png,0.0479897368,0.3643655877,0.5010896921
HyperE2VID,zurich_city_00_a,482,24.1004110000,0482.png,0.0471499400,0.3659634176,0.5093050599
HyperE2VID,zurich_city_00_a,483,24.1504080000,0483.png,0.0477322989,0.3659221195,0.5072392821
HyperE2VID,zurich_city_00_a,484,24.2004130000,0484.png,0.0465592302,0.3631532600,0.5205225348
HyperE2VID,zurich_city_00_a,485,24.2504190000,0485.png,0.0454345451,0.3606124875,0.5156450272
HyperE2VID,zurich_city_00_a,486,24.3004120000,0486.png,0.0457815983,0.3574949037,0.5201049447
HyperE2VID,zurich_city_00_a,487,24.3504170000,0487.png,0.0462687396,0.3582651568,0.5198971629
HyperE2VID,zurich_city_00_a,488,24.4004180000,0488.png,0.0469277746,0.3566934967,0.5191716552
HyperE2VID,zurich_city_00_a,489,24.4504230000,0489.png,0.0468584047,0.3548223850,0.5256270766
HyperE2VID,zurich_city_00_a,490,24.5004250000,0490.png,0.0468304857,0.3545545642,0.5305641890
HyperE2VID,zurich_city_00_a,491,24.5504300000,0491.png,0.0472168227,0.3547758678,0.5290263891
HyperE2VID,zurich_city_00_a,492,24.6004230000,0492.png,0.0470909764,0.3531005024,0.5346202850
HyperE2VID,zurich_city_00_a,493,24.6504280000,0493.png,0.0468602830,0.3518743037,0.5347750783
HyperE2VID,zurich_city_00_a,494,24.7004290000,0494.png,0.0472021858,0.3499139938,0.5418453813
HyperE2VID,zurich_city_00_a,495,24.7504310000,0495.png,0.0477679481,0.3467594362,0.5448205471
HyperE2VID,zurich_city_00_a,496,24.8004360000,0496.png,0.0484831468,0.3448437385,0.5427495837
HyperE2VID,zurich_city_00_a,497,24.8504370000,0497.png,0.0488914015,0.3453958574,0.5457448959
HyperE2VID,zurich_city_00_a,498,24.9004340000,0498.png,0.0493960190,0.3421837992,0.5422085524
HyperE2VID,zurich_city_00_a,499,24.9504350000,0499.png,0.0496851939,0.3412664476,0.5354388356
HyperE2VID,zurich_city_00_a,500,25.0003810000,0500.png,0.0485690735,0.3395972092,0.5354474187
HyperE2VID,zurich_city_00_a,501,25.0504180000,0501.png,0.0484759451,0.3365278024,0.5338662863
HyperE2VID,zurich_city_00_a,502,25.1004110000,0502.png,0.0484858488,0.3375830828,0.5317462683
HyperE2VID,zurich_city_00_a,503,25.1504120000,0503.png,0.0486414439,0.3384870672,0.5285901427
HyperE2VID,zurich_city_00_a,504,25.2004100000,0504.png,0.0485563853,0.3396108694,0.5263823271
HyperE2VID,zurich_city_00_a,505,25.2504110000,0505.png,0.0486684411,0.3402979656,0.5228717327
HyperE2VID,zurich_city_00_a,506,25.3004160000,0506.png,0.0480077369,0.3426322846,0.5224372149
HyperE2VID,zurich_city_00_a,507,25.3504210000,0507.png,0.0475728752,0.3426098354,0.5238937140
HyperE2VID,zurich_city_00_a,508,25.4004230000,0508.png,0.0478357432,0.3404743508,0.5328592062
HyperE2VID,zurich_city_00_a,509,25.4504240000,0509.png,0.0483812638,0.3376584406,0.5410515070
HyperE2VID,zurich_city_00_a,510,25.5004210000,0510.png,0.0489568904,0.3326834015,0.5469361544
HyperE2VID,zurich_city_00_a,511,25.5504260000,0511.png,0.0491947345,0.3275762763,0.5383375883
HyperE2VID,zurich_city_00_a,512,25.6004320000,0512.png,0.0494528050,0.3271389548,0.5270503759
HyperE2VID,zurich_city_00_a,513,25.6504330000,0513.png,0.0490714492,0.3265753859,0.5234447718
HyperE2VID,zurich_city_00_a,514,25.7004380000,0514.png,0.0490566120,0.3306795724,0.5149660110
HyperE2VID,zurich_city_00_a,515,25.7504310000,0515.png,0.0489524043,0.3356281959,0.5157405734
HyperE2VID,zurich_city_00_a,516,25.8004450000,0516.png,0.0483951219,0.3401874522,0.5189619660
HyperE2VID,zurich_city_00_a,517,25.8504380000,0517.png,0.0485082846,0.3409342960,0.5217031240
HyperE2VID,zurich_city_00_a,518,25.9004390000,0518.png,0.0483167138,0.3416163065,0.5180252790
HyperE2VID,zurich_city_00_a,519,25.9504440000,0519.png,0.0482553214,0.3432423491,0.5164044499
HyperE2VID,zurich_city_00_a,520,26.0003780000,0520.png,0.0486784877,0.3421010907,0.5203689933
HyperE2VID,zurich_city_00_a,521,26.0504110000,0521.png,0.0493105847,0.3401635505,0.5174883008
HyperE2VID,zurich_city_00_a,522,26.1004040000,0522.png,0.0503143813,0.3437336834,0.5224775076
HyperE2VID,zurich_city_00_a,523,26.1504290000,0523.png,0.0506423649,0.3468577703,0.5238732100
HyperE2VID,zurich_city_00_a,524,26.2004060000,0524.png,0.0508445891,0.3482369590,0.5268290639
HyperE2VID,zurich_city_00_a,525,26.2504120000,0525.png,0.0513998834,0.3473605810,0.5258592367
HyperE2VID,zurich_city_00_a,526,26.3004130000,0526.png,0.0518514873,0.3451547563,0.5223988295
HyperE2VID,zurich_city_00_a,527,26.3504100000,0527.png,0.0527173521,0.3433056429,0.5194455981
HyperE2VID,zurich_city_00_a,528,26.4004150000,0528.png,0.0527134755,0.3417500638,0.5223446488
HyperE2VID,zurich_city_00_a,529,26.4504160000,0529.png,0.0530253536,0.3397354394,0.5202233791
HyperE2VID,zurich_city_00_a,530,26.5004220000,0530.png,0.0531244378,0.3374642747,0.5203378797
HyperE2VID,zurich_city_00_a,531,26.5504230000,0531.png,0.0522461583,0.3374507127,0.5254217386
HyperE2VID,zurich_city_00_a,532,26.6004240000,0532.png,0.0514208762,0.3363026449,0.5236402750
HyperE2VID,zurich_city_00_a,533,26.6504210000,0533.png,0.0505549260,0.3352692394,0.5264868140
HyperE2VID,zurich_city_00_a,534,26.7004260000,0534.png,0.0498175715,0.3315453491,0.5278659463
HyperE2VID,zurich_city_00_a,535,26.7504280000,0535.png,0.0495753058,0.3282427604,0.5313720703
HyperE2VID,zurich_city_00_a,536,26.8004210000,0536.png,0.0486452756,0.3251288030,0.5287779570
HyperE2VID,zurich_city_00_a,537,26.8504300000,0537.png,0.0474344907,0.3212974001,0.5205797553
HyperE2VID,zurich_city_00_a,538,26.9004270000,0538.png,0.0466590984,0.3183352851,0.5154708028
HyperE2VID,zurich_city_00_a,539,26.9504280000,0539.png,0.0467012694,0.3175871827,0.5159747005
HyperE2VID,zurich_city_00_a,540,27.0003780000,0540.png,0.0468098932,0.3162181302,0.5162643194
HyperE2VID,zurich_city_00_a,541,27.0504230000,0541.png,0.0487229483,0.3132028013,0.5146149397
HyperE2VID,zurich_city_00_a,542,27.1004160000,0542.png,0.0488027004,0.3150077116,0.5199147463
HyperE2VID,zurich_city_00_a,543,27.1504170000,0543.png,0.0485775963,0.3162854489,0.5212895870
HyperE2VID,zurich_city_00_a,544,27.2004150000,0544.png,0.0486189771,0.3155616562,0.5198224783
HyperE2VID,zurich_city_00_a,545,27.2504160000,0545.png,0.0486636960,0.3164687735,0.5210504532
HyperE2VID,zurich_city_00_a,546,27.3004210000,0546.png,0.0487690980,0.3176453066,0.5199536681
HyperE2VID,zurich_city_00_a,547,27.3504220000,0547.png,0.0489819996,0.3199770326,0.5184313059
HyperE2VID,zurich_city_00_a,548,27.4004240000,0548.png,0.0489211917,0.3236185721,0.5116384029
HyperE2VID,zurich_city_00_a,549,27.4504290000,0549.png,0.0489621849,0.3211467656,0.5125455856
HyperE2VID,zurich_city_00_a,550,27.5004220000,0550.png,0.0489095439,0.3214807566,0.5094599724
HyperE2VID,zurich_city_00_a,551,27.5504270000,0551.png,0.0489711555,0.3225510810,0.5133813620
HyperE2VID,zurich_city_00_a,552,27.6004330000,0552.png,0.0486875244,0.3230342983,0.5156189799
HyperE2VID,zurich_city_00_a,553,27.6504340000,0553.png,0.0484909912,0.3231525843,0.5133090019
HyperE2VID,zurich_city_00_a,554,27.7004350000,0554.png,0.0479630698,0.3243789889,0.5212358832
HyperE2VID,zurich_city_00_a,555,27.7504400000,0555.png,0.0476022414,0.3261731537,0.5225276947
HyperE2VID,zurich_city_00_a,556,27.8004380000,0556.png,0.0470919063,0.3267203513,0.5288024545
HyperE2VID,zurich_city_00_a,557,27.8504350000,0557.png,0.0468921935,0.3270893564,0.5311317444
HyperE2VID,zurich_city_00_a,558,27.9004400000,0558.png,0.0463068744,0.3277743115,0.5352906585
HyperE2VID,zurich_city_00_a,559,27.9504450000,0559.png,0.0459836094,0.3274195608,0.5352420211
HyperE2VID,zurich_city_00_a,560,28.0003790000,0560.png,0.0458060085,0.3248314248,0.5385879874
HyperE2VID,zurich_city_00_a,561,28.0504120000,0561.png,0.0453801643,0.3245127297,0.5357366204
HyperE2VID,zurich_city_00_a,562,28.1004050000,0562.png,0.0449171706,0.3242061889,0.5360311270
HyperE2VID,zurich_city_00_a,563,28.1504300000,0563.png,0.0448773251,0.3207615433,0.5289313793
HyperE2VID,zurich_city_00_a,564,28.2004070000,0564.png,0.0448105290,0.3180829468,0.5247783065
HyperE2VID,zurich_city_00_a,565,28.2504130000,0565.png,0.0443776105,0.3154158049,0.5278478265
HyperE2VID,zurich_city_00_a,566,28.3004140000,0566.png,0.0440097164,0.3152867678,0.5314342380
HyperE2VID,zurich_city_00_a,567,28.3504110000,0567.png,0.0439262141,0.3146108228,0.5323162675
HyperE2VID,zurich_city_00_a,568,28.4004160000,0568.png,0.0434597558,0.3170195440,0.5368018746
HyperE2VID,zurich_city_00_a,569,28.4504210000,0569.png,0.0429913089,0.3195313178,0.5407145619
HyperE2VID,zurich_city_00_a,570,28.5004230000,0570.png,0.0425830393,0.3195714609,0.5404570699
HyperE2VID,zurich_city_00_a,571,28.5504240000,0571.png,0.0422143938,0.3201629763,0.5387532711
HyperE2VID,zurich_city_00_a,572,28.6004250000,0572.png,0.0415952440,0.3217773315,0.5407530069
HyperE2VID,zurich_city_00_a,573,28.6504220000,0573.png,0.0413723112,0.3219861403,0.5407388806
HyperE2VID,zurich_city_00_a,574,28.7004230000,0574.png,0.0409286725,0.3225390933,0.5417534113
HyperE2VID,zurich_city_00_a,575,28.7504290000,0575.png,0.0406095355,0.3234831228,0.5375392437
HyperE2VID,zurich_city_00_a,576,28.8004260000,0576.png,0.0403497017,0.3227188707,0.5391993523
HyperE2VID,zurich_city_00_a,577,28.8504310000,0577.png,0.0398076481,0.3234951169,0.5404839516
HyperE2VID,zurich_city_00_a,578,28.9004360000,0578.png,0.0394953291,0.3221873509,0.5404487848
HyperE2VID,zurich_city_00_a,579,28.9504330000,0579.png,0.0390434108,0.3230347640,0.5403971672
HyperE2VID,zurich_city_00_a,580,29.0003750000,0580.png,0.0389314163,0.3214730019,0.5412959456
HyperE2VID,zurich_city_00_a,581,29.0504120000,0581.png,0.0387590020,0.3198748413,0.5404547453
HyperE2VID,zurich_city_00_a,582,29.1004050000,0582.png,0.0388809695,0.3194341265,0.5382078886
HyperE2VID,zurich_city_00_a,583,29.1504060000,0583.png,0.0392061549,0.3199511953,0.5277303457
HyperE2VID,zurich_city_00_a,584,29.2004120000,0584.png,0.0392876037,0.3216727920,0.5217843056
HyperE2VID,zurich_city_00_a,585,29.2504090000,0585.png,0.0391518397,0.3254394040,0.5242496729
HyperE2VID,zurich_city_00_a,586,29.3004140000,0586.png,0.0389417195,0.3263926912,0.5290188789
HyperE2VID,zurich_city_00_a,587,29.3504150000,0587.png,0.0384365287,0.3288339207,0.5326296091
HyperE2VID,zurich_city_00_a,588,29.4004170000,0588.png,0.0377638131,0.3302869780,0.5312636495
HyperE2VID,zurich_city_00_a,589,29.4504220000,0589.png,0.0371950531,0.3315049838,0.5306100845
HyperE2VID,zurich_city_00_a,590,29.5004190000,0590.png,0.0371014521,0.3320335865,0.5332260728
HyperE2VID,zurich_city_00_a,591,29.5504240000,0591.png,0.0366542573,0.3326753891,0.5335376859
HyperE2VID,zurich_city_00_a,592,29.6004300000,0592.png,0.0365704175,0.3321539870,0.5298796892
HyperE2VID,zurich_city_00_a,593,29.6504310000,0593.png,0.0365359675,0.3323149186,0.5280691981
HyperE2VID,zurich_city_00_a,594,29.7004360000,0594.png,0.0363779145,0.3327017978,0.5280002952
HyperE2VID,zurich_city_00_a,595,29.7504370000,0595.png,0.0362421222,0.3333121717,0.5296449661
HyperE2VID,zurich_city_00_a,596,29.8004390000,0596.png,0.0360698155,0.3338732585,0.5275019407
HyperE2VID,zurich_city_00_a,597,29.8504320000,0597.png,0.0358202283,0.3357029081,0.5261716843
HyperE2VID,zurich_city_00_a,598,29.9004330000,0598.png,0.0358252973,0.3355562052,0.5237398148
HyperE2VID,zurich_city_00_a,599,29.9504340000,0599.png,0.0358589745,0.3336089674,0.5248271227
HyperE2VID,zurich_city_00_a,600,30.0003760000,0600.png,0.0358251733,0.3306985002,0.5223247409
HyperE2VID,zurich_city_00_a,601,30.0504170000,0601.png,0.0358411667,0.3319628397,0.5170905590
HyperE2VID,zurich_city_00_a,602,30.1004020000,0602.png,0.0357375813,0.3313637459,0.5176187158
HyperE2VID,zurich_city_00_a,603,30.1504230000,0603.png,0.0358354761,0.3304386966,0.5207647085
HyperE2VID,zurich_city_00_a,604,30.2004240000,0604.png,0.0358004632,0.3293552722,0.5207989812
HyperE2VID,zurich_city_00_a,605,30.2504060000,0605.png,0.0360405163,0.3295743249,0.5271117687
HyperE2VID,zurich_city_00_a,606,30.3004070000,0606.png,0.0364542736,0.3263956863,0.5276471376
HyperE2VID,zurich_city_00_a,607,30.3504080000,0607.png,0.0366761767,0.3264638244,0.5271289945
HyperE2VID,zurich_city_00_a,608,30.4004290000,0608.png,0.0367275822,0.3238098682,0.5295901895
HyperE2VID,zurich_city_00_a,609,30.4504300000,0609.png,0.0368917625,0.3235600185,0.5252397060
HyperE2VID,zurich_city_00_a,610,30.5004120000,0610.png,0.0371600016,0.3243948668,0.5231891274
HyperE2VID,zurich_city_00_a,611,30.5504130000,0611.png,0.0373018352,0.3260111021,0.5269547105
HyperE2VID,zurich_city_00_a,612,30.6004140000,0612.png,0.0374584972,0.3293681672,0.5271834135
HyperE2VID,zurich_city_00_a,613,30.6504390000,0613.png,0.0375958187,0.3293598207,0.5274474621
HyperE2VID,zurich_city_00_a,614,30.7004360000,0614.png,0.0376314856,0.3320745615,0.5284734368
HyperE2VID,zurich_city_00_a,615,30.7504380000,0615.png,0.0377753978,0.3336181563,0.5283035040
HyperE2VID,zurich_city_00_a,616,30.8004310000,0616.png,0.0380125072,0.3342984474,0.5277590156
HyperE2VID,zurich_city_00_a,617,30.8504200000,0617.png,0.0384869598,0.3332315641,0.5273313522
HyperE2VID,zurich_city_00_a,618,30.9004210000,0618.png,0.0390258081,0.3321078008,0.5224597454
HyperE2VID,zurich_city_00_a,619,30.9504420000,0619.png,0.0390083572,0.3328590437,0.5260984302
HyperE2VID,zurich_city_00_a,620,31.0003760000,0620.png,0.0391994036,0.3341568406,0.5257936120
HyperE2VID,zurich_city_00_a,621,31.0504130000,0621.png,0.0392646718,0.3371324697,0.5223955512
HyperE2VID,zurich_city_00_a,622,31.1004060000,0622.png,0.0392110760,0.3385063371,0.5150263309
HyperE2VID,zurich_city_00_a,623,31.1504030000,0623.png,0.0391438270,0.3415160415,0.5126967430
HyperE2VID,zurich_city_00_a,624,31.2004090000,0624.png,0.0389365945,0.3417195795,0.5037890673
HyperE2VID,zurich_city_00_a,625,31.2504260000,0625.png,0.0391977717,0.3439048051,0.5102755427
HyperE2VID,zurich_city_00_a,626,31.3004270000,0626.png,0.0392073194,0.3463113838,0.5069536567
HyperE2VID,zurich_city_00_a,627,31.3504280000,0627.png,0.0392789362,0.3475975612,0.5109727383
HyperE2VID,zurich_city_00_a,628,31.4004260000,0628.png,0.0392537667,0.3516561116,0.5023446083
HyperE2VID,zurich_city_00_a,629,31.4504270000,0629.png,0.0394134188,0.3535852212,0.4915574193
HyperE2VID,zurich_city_00_a,630,31.5004320000,0630.png,0.0396111656,0.3553134447,0.4957788587
HyperE2VID,zurich_city_00_a,631,31.5504250000,0631.png,0.0399460599,0.3560981252,0.4911708534
HyperE2VID,zurich_city_00_a,632,31.6004270000,0632.png,0.0403650125,0.3588700254,0.4890533090
HyperE2VID,zurich_city_00_a,633,31.6504280000,0633.png,0.0405270636,0.3605271387,0.4895352125
HyperE2VID,zurich_city_00_a,634,31.7004290000,0634.png,0.0403013696,0.3626160359,0.4875030816
HyperE2VID,zurich_city_00_a,635,31.7504300000,0635.png,0.0403363090,0.3633779099,0.4890001416
HyperE2VID,zurich_city_00_a,636,31.8004320000,0636.png,0.0408426893,0.3639011796,0.4793344736
HyperE2VID,zurich_city_00_a,637,31.8504250000,0637.png,0.0412274782,0.3623995210,0.4812594652
HyperE2VID,zurich_city_00_a,638,31.9004260000,0638.png,0.0414132180,0.3635382602,0.4780949354
HyperE2VID,zurich_city_00_a,639,31.9504270000,0639.png,0.0420921123,0.3660397415,0.4755243361
HyperE2VID,zurich_city_00_a,640,32.0003770000,0640.png,0.0428725193,0.3680538945,0.4781647325
HyperE2VID,zurich_city_00_a,641,32.0504140000,0641.png,0.0436720335,0.3679566382,0.4724946022
HyperE2VID,zurich_city_00_a,642,32.1004230000,0642.png,0.0445894778,0.3632335038,0.4693161547
HyperE2VID,zurich_city_00_a,643,32.1504200000,0643.png,0.0451732820,0.3586560632,0.4783383012
HyperE2VID,zurich_city_00_a,644,32.2004250000,0644.png,0.0463783964,0.3597935348,0.4764817357
HyperE2VID,zurich_city_00_a,645,32.2504270000,0645.png,0.0461404942,0.3605038489,0.4749644399
HyperE2VID,zurich_city_00_a,646,32.3004280000,0646.png,0.0433486380,0.3615071952,0.4728129804
HyperE2VID,zurich_city_00_a,647,32.3504290000,0647.png,0.0404113289,0.3709081967,0.4773221612
HyperE2VID,zurich_city_00_a,648,32.4004260000,0648.png,0.0404426870,0.3726837709,0.4698240161
HyperE2VID,zurich_city_00_a,649,32.4504270000,0649.png,0.0411278674,0.3746645079,0.4731453657
HyperE2VID,zurich_city_00_a,650,32.5004290000,0650.png,0.0421746486,0.3720978607,0.4705896974
HyperE2VID,zurich_city_00_a,651,32.5504300000,0651.png,0.0429418815,0.3701752819,0.4718080461
HyperE2VID,zurich_city_00_a,652,32.6004310000,0652.png,0.0427815317,0.3746941918,0.4672554731
HyperE2VID,zurich_city_00_a,653,32.6504320000,0653.png,0.0426399064,0.3775626320,0.4621342421
HyperE2VID,zurich_city_00_a,654,32.7004290000,0654.png,0.0416121434,0.3825268917,0.4593092203
HyperE2VID,zurich_city_00_a,655,32.7504310000,0655.png,0.0416980253,0.3889106460,0.4593748450
HyperE2VID,zurich_city_00_a,656,32.8004400000,0656.png,0.0415770002,0.3949154275,0.4548523128
HyperE2VID,zurich_city_00_a,657,32.8504410000,0657.png,0.0425969002,0.3840964188,0.4478749633
HyperE2VID,zurich_city_00_a,658,32.9004420000,0658.png,0.0429634367,0.3825767277,0.4343774617
HyperE2VID,zurich_city_00_a,659,32.9504430000,0659.png,0.0433237676,0.3805071736,0.4250956178
HyperE2VID,zurich_city_00_a,660,33.0003730000,0660.png,0.0427765115,0.3806026081,0.4184724689
HyperE2VID,zurich_city_00_a,661,33.0504060000,0661.png,0.0424683087,0.3793883789,0.4257851541
HyperE2VID,zurich_city_00_a,662,33.1003990000,0662.png,0.0418051310,0.3770165313,0.4132010043
HyperE2VID,zurich_city_00_a,663,33.1504200000,0663.png,0.0409722856,0.3831094725,0.4235933721
HyperE2VID,zurich_city_00_a,664,33.2004020000,0664.png,0.0403257847,0.3832706949,0.4272453189
HyperE2VID,zurich_city_00_a,665,33.2504270000,0665.png,0.0399852062,0.3831508626,0.4357317686
HyperE2VID,zurich_city_00_a,666,33.3004200000,0666.png,0.0394361066,0.3821309985,0.4420850277
HyperE2VID,zurich_city_00_a,667,33.3504210000,0667.png,0.0386592211,0.3818628785,0.4468969405
HyperE2VID,zurich_city_00_a,668,33.4004230000,0668.png,0.0380810228,0.3852801971,0.4488818645
HyperE2VID,zurich_city_00_a,669,33.4504280000,0669.png,0.0375031252,0.3861582232,0.4573159814
HyperE2VID,zurich_city_00_a,670,33.5004290000,0670.png,0.0375458958,0.3901774104,0.4533114731
HyperE2VID,zurich_city_00_a,671,33.5504260000,0671.png,0.0380965880,0.3834788927,0.4618698359
HyperE2VID,zurich_city_00_a,672,33.6004280000,0672.png,0.0382998635,0.3822916117,0.4652512074
HyperE2VID,zurich_city_00_a,673,33.6504290000,0673.png,0.0389561175,0.3776947833,0.4772945940
HyperE2VID,zurich_city_00_a,674,33.7004340000,0674.png,0.0383195095,0.3745630018,0.4789261520
HyperE2VID,zurich_city_00_a,675,33.7504350000,0675.png,0.0383545991,0.3741733337,0.4762068987
HyperE2VID,zurich_city_00_a,676,33.8004370000,0676.png,0.0384436941,0.3753049741,0.4712639451
HyperE2VID,zurich_city_00_a,677,33.8504380000,0677.png,0.0391609995,0.3787898943,0.4644130468
HyperE2VID,zurich_city_00_a,678,33.9004390000,0678.png,0.0378922859,0.3872868213,0.4690162241
HyperE2VID,zurich_city_00_a,679,33.9504400000,0679.png,0.0368289665,0.3921081379,0.4685851634
HyperE2VID,zurich_city_00_a,680,34.0003740000,0680.png,0.0366072814,0.3991392494,0.4612279832
HyperE2VID,zurich_city_00_a,681,34.0504110000,0681.png,0.0368330456,0.4014887963,0.4687418044
HyperE2VID,zurich_city_00_a,682,34.1004040000,0682.png,0.0376126013,0.3970956501,0.4695228934
HyperE2VID,zurich_city_00_a,683,34.1504210000,0683.png,0.0378191097,0.3963892282,0.4651074111
HyperE2VID,zurich_city_00_a,684,34.2004220000,0684.png,0.0373745433,0.3884949969,0.4644300938
HyperE2VID,zurich_city_00_a,685,34.2504240000,0685.png,0.0371563985,0.3846320591,0.4648458958
HyperE2VID,zurich_city_00_a,686,34.3004250000,0686.png,0.0375796195,0.3778553212,0.4692875147
HyperE2VID,zurich_city_00_a,687,34.3504260000,0687.png,0.0373187190,0.3797316989,0.4600597620
HyperE2VID,zurich_city_00_a,688,34.4004310000,0688.png,0.0367279207,0.3792443651,0.4558285773
HyperE2VID,zurich_city_00_a,689,34.4504240000,0689.png,0.0360165579,0.3847517929,0.4535995126
HyperE2VID,zurich_city_00_a,690,34.5004300000,0690.png,0.0352519979,0.3896238594,0.4632298946
HyperE2VID,zurich_city_00_a,691,34.5504310000,0691.png,0.0357372052,0.3906546669,0.4627626836
HyperE2VID,zurich_city_00_a,692,34.6004320000,0692.png,0.0373517634,0.3849932354,0.4671885073
HyperE2VID,zurich_city_00_a,693,34.6504330000,0693.png,0.0393082300,0.3767243507,0.4688530564
HyperE2VID,zurich_city_00_a,694,34.7004260000,0694.png,0.0402246446,0.3741625911,0.4759906530
HyperE2VID,zurich_city_00_a,695,34.7504320000,0695.png,0.0406185083,0.3730517726,0.4804052114
HyperE2VID,zurich_city_00_a,696,34.8004330000,0696.png,0.0417962093,0.3690320463,0.4857288003
HyperE2VID,zurich_city_00_a,697,34.8504380000,0697.png,0.0433514155,0.3606857175,0.4948225617
HyperE2VID,zurich_city_00_a,698,34.9004190000,0698.png,0.0453257831,0.3515064163,0.5008553267
HyperE2VID,zurich_city_00_a,699,34.9504200000,0699.png,0.0466345676,0.3449856756,0.5031628609
HyperE2VID,zurich_city_00_a,700,35.0003740000,0700.png,0.0468612072,0.3373371628,0.5158913136
HyperE2VID,zurich_city_00_a,701,35.0504070000,0701.png,0.0473273404,0.3318970573,0.5159386396
HyperE2VID,zurich_city_00_a,702,35.1004000000,0702.png,0.0473083992,0.3363987441,0.5095847249
HyperE2VID,zurich_city_00_a,703,35.1504210000,0703.png,0.0453758405,0.3365017875,0.5011297464
HyperE2VID,zurich_city_00_a,704,35.2004020000,0704.png,0.0419569881,0.3449056615,0.4977439046
HyperE2VID,zurich_city_00_a,705,35.2504040000,0705.png,0.0406321631,0.3472939860,0.4991672635
HyperE2VID,zurich_city_00_a,706,35.3004250000,0706.png,0.0409633572,0.3470385937,0.5053340197
HyperE2VID,zurich_city_00_a,707,35.3504260000,0707.png,0.0410605778,0.3442132142,0.5019384623
HyperE2VID,zurich_city_00_a,708,35.4004270000,0708.png,0.0429353819,0.3392330077,0.5073691607
HyperE2VID,zurich_city_00_a,709,35.4504280000,0709.png,0.0454200887,0.3329748729,0.5027925968
HyperE2VID,zurich_city_00_a,710,35.5004300000,0710.png,0.0472033623,0.3307176736,0.5016036630
HyperE2VID,zurich_city_00_a,711,35.5504110000,0711.png,0.0506245250,0.3268646120,0.5000905991
HyperE2VID,zurich_city_00_a,712,35.6004320000,0712.png,0.0538964555,0.3209532010,0.4965004027
HyperE2VID,zurich_city_00_a,713,35.6504330000,0713.png,0.0558399670,0.3208507402,0.4991819561
HyperE2VID,zurich_city_00_a,714,35.7004140000,0714.png,0.0537759850,0.3222041497,0.5011156797
HyperE2VID,zurich_city_00_a,715,35.7504200000,0715.png,0.0535631748,0.3188455237,0.5019817352
HyperE2VID,zurich_city_00_a,716,35.8004290000,0716.png,0.0535742279,0.3201975370,0.4955300689
HyperE2VID,zurich_city_00_a,717,35.8504260000,0717.png,0.0544855693,0.3197746077,0.4998510182
HyperE2VID,zurich_city_00_a,718,35.9004230000,0718.png,0.0560577476,0.3172958621,0.4909386337
HyperE2VID,zurich_city_00_a,719,35.9504280000,0719.png,0.0575090557,0.3135950547,0.4960560203
HyperE2VID,zurich_city_00_a,720,36.0003740000,0720.png,0.0576015069,0.3169246935,0.4841520488
HyperE2VID,zurich_city_00_a,721,36.0504070000,0721.png,0.0580539976,0.3167116573,0.4932177067
HyperE2VID,zurich_city_00_a,722,36.1004040000,0722.png,0.0571007772,0.3178309671,0.4899667799
HyperE2VID,zurich_city_00_a,723,36.1504210000,0723.png,0.0566660454,0.3167920046,0.4892978668
HyperE2VID,zurich_city_00_a,724,36.2004230000,0724.png,0.0550953003,0.3123886974,0.4831499755
HyperE2VID,zurich_city_00_a,725,36.2504240000,0725.png,0.0574869540,0.3087729925,0.4829351902
HyperE2VID,zurich_city_00_a,726,36.3004050000,0726.png,0.0572960079,0.3090360894,0.4769985378
HyperE2VID,zurich_city_00_a,727,36.3504060000,0727.png,0.0560014494,0.3095423174,0.4687480032
HyperE2VID,zurich_city_00_a,728,36.4004120000,0728.png,0.0550193107,0.3099028047,0.4560271204
HyperE2VID,zurich_city_00_a,729,36.4504290000,0729.png,0.0546975848,0.3133710392,0.4508659840
HyperE2VID,zurich_city_00_a,730,36.5004100000,0730.png,0.0512821079,0.3198005108,0.4450655580
HyperE2VID,zurich_city_00_a,731,36.5504110000,0731.png,0.0501514964,0.3219120693,0.4486775398
HyperE2VID,zurich_city_00_a,732,36.6004130000,0732.png,0.0482764150,0.3254223296,0.4461139441
HyperE2VID,zurich_city_00_a,733,36.6504180000,0733.png,0.0477080891,0.3282466069,0.4567951262
HyperE2VID,zurich_city_00_a,734,36.7004190000,0734.png,0.0471699504,0.3295276362,0.4672893286
HyperE2VID,zurich_city_00_a,735,36.7504160000,0735.png,0.0472481455,0.3243963018,0.4732510149
HyperE2VID,zurich_city_00_a,736,36.8004340000,0736.png,0.0469627494,0.3232961378,0.4777802229
HyperE2VID,zurich_city_00_a,737,36.8504270000,0737.png,0.0457283997,0.3211250081,0.4894936383
HyperE2VID,zurich_city_00_a,738,36.9004320000,0738.png,0.0460609600,0.3158458981,0.5029203296
HyperE2VID,zurich_city_00_a,739,36.9504330000,0739.png,0.0464461724,0.3190946634,0.4896521568
HyperE2VID,zurich_city_00_a,740,37.0003710000,0740.png,0.0469003297,0.3234957147,0.4804950655
HyperE2VID,zurich_city_00_a,741,37.0504080000,0741.png,0.0458074159,0.3267540295,0.4876339734
HyperE2VID,zurich_city_00_a,742,37.1004010000,0742.png,0.0444913668,0.3351317658,0.4877143502
HyperE2VID,zurich_city_00_a,743,37.1503980000,0743.png,0.0445811255,0.3427874784,0.4836718440
HyperE2VID,zurich_city_00_a,744,37.2004030000,0744.png,0.0434387314,0.3552378392,0.4854246378
HyperE2VID,zurich_city_00_a,745,37.2504090000,0745.png,0.0428107298,0.3585522834,0.4836109877
HyperE2VID,zurich_city_00_a,746,37.3004060000,0746.png,0.0428228948,0.3606264658,0.4711149335
HyperE2VID,zurich_city_00_a,747,37.3504070000,0747.png,0.0424684399,0.3636012099,0.4759231508
HyperE2VID,zurich_city_00_a,748,37.4004080000,0748.png,0.0404825619,0.3650206980,0.4683852792
HyperE2VID,zurich_city_00_a,749,37.4504090000,0749.png,0.0394919587,0.3623423539,0.4666296244
HyperE2VID,zurich_city_00_a,750,37.5004110000,0750.png,0.0391031881,0.3599684392,0.4645943344
HyperE2VID,zurich_city_00_a,751,37.5504160000,0751.png,0.0390612453,0.3490570166,0.4528323114
HyperE2VID,zurich_city_00_a,752,37.6004090000,0752.png,0.0390771305,0.3437861167,0.4619743526
HyperE2VID,zurich_city_00_a,753,37.6504140000,0753.png,0.0393040030,0.3369537163,0.4631326199
HyperE2VID,zurich_city_00_a,754,37.7004150000,0754.png,0.0404789868,0.3297815798,0.4651196003
HyperE2VID,zurich_city_00_a,755,37.7504210000,0755.png,0.0410005462,0.3227990297,0.4736527503
HyperE2VID,zurich_city_00_a,756,37.8004300000,0756.png,0.0409583064,0.3230748443,0.4789261818
HyperE2VID,zurich_city_00_a,757,37.8504270000,0757.png,0.0396994013,0.3210073799,0.4795360863
HyperE2VID,zurich_city_00_a,758,37.9004240000,0758.png,0.0396788788,0.3220355079,0.4734012485
HyperE2VID,zurich_city_00_a,759,37.9504250000,0759.png,0.0410997056,0.3231992102,0.4609988034
HyperE2VID,zurich_city_00_a,760,38.0003710000,0760.png,0.0415964325,0.3236578083,0.4620169401
HyperE2VID,zurich_city_00_a,761,38.0504040000,0761.png,0.0424468415,0.3208385224,0.4654345214
HyperE2VID,zurich_city_00_a,762,38.1003970000,0762.png,0.0436964171,0.3151418894,0.4675863385
HyperE2VID,zurich_city_00_a,763,38.1504220000,0763.png,0.0452112877,0.3120676794,0.4603584409
HyperE2VID,zurich_city_00_a,764,38.2004160000,0764.png,0.0459857036,0.3110074287,0.4495401978
HyperE2VID,zurich_city_00_a,765,38.2504210000,0765.png,0.0462760374,0.3106497255,0.4498785734
HyperE2VID,zurich_city_00_a,766,38.3004220000,0766.png,0.0475674289,0.3086575796,0.4585397243
HyperE2VID,zurich_city_00_a,767,38.3504030000,0767.png,0.0471929634,0.3050618110,0.4597774148
HyperE2VID,zurich_city_00_a,768,38.4004050000,0768.png,0.0473536380,0.3052106553,0.4594717920
HyperE2VID,zurich_city_00_a,769,38.4504340000,0769.png,0.0474654263,0.3070521644,0.4558545053
HyperE2VID,zurich_city_00_a,770,38.5004270000,0770.png,0.0471844781,0.3077252655,0.4619298577
HyperE2VID,zurich_city_00_a,771,38.5504080000,0771.png,0.0468377962,0.3105353722,0.4703785479
HyperE2VID,zurich_city_00_a,772,38.6004140000,0772.png,0.0471073142,0.3123318257,0.4743022323
HyperE2VID,zurich_city_00_a,773,38.6504150000,0773.png,0.0476332969,0.3060455530,0.4661430120
HyperE2VID,zurich_city_00_a,774,38.7004160000,0774.png,0.0478156689,0.3052914507,0.4700518847
HyperE2VID,zurich_city_00_a,775,38.7504130000,0775.png,0.0484613886,0.3066932948,0.4756540358
HyperE2VID,zurich_city_00_a,776,38.8004270000,0776.png,0.0486353466,0.3069433833,0.4779935479
HyperE2VID,zurich_city_00_a,777,38.8504240000,0777.png,0.0494345360,0.3041871877,0.4861730933
HyperE2VID,zurich_city_00_a,778,38.9004290000,0778.png,0.0487304394,0.3042826507,0.4868352413
HyperE2VID,zurich_city_00_a,779,38.9504340000,0779.png,0.0471057610,0.3080771198,0.5028968453
HyperE2VID,zurich_city_00_a,780,39.0003720000,0780.png,0.0467347998,0.3060365961,0.5087655783
HyperE2VID,zurich_city_00_a,781,39.0504010000,0781.png,0.0468207451,0.3084132231,0.5036457181
HyperE2VID,zurich_city_00_a,782,39.1004220000,0782.png,0.0467257943,0.3091940304,0.4987580180
HyperE2VID,zurich_city_00_a,783,39.1504190000,0783.png,0.0482720447,0.3127339241,0.5023103356
HyperE2VID,zurich_city_00_a,784,39.2004200000,0784.png,0.0489480138,0.3139802550,0.4951354265
HyperE2VID,zurich_city_00_a,785,39.2504020000,0785.png,0.0490973946,0.3134788562,0.4933109283
HyperE2VID,zurich_city_00_a,786,39.3004070000,0786.png,0.0502075267,0.3106787182,0.4816460609
HyperE2VID,zurich_city_00_a,787,39.3504240000,0787.png,0.0509038701,0.3110245491,0.4823929667
HyperE2VID,zurich_city_00_a,788,39.4004050000,0788.png,0.0521934811,0.3081222510,0.4712441564
HyperE2VID,zurich_city_00_a,789,39.4504060000,0789.png,0.0520229193,0.3078240320,0.4651114047
HyperE2VID,zurich_city_00_a,790,39.5004080000,0790.png,0.0509275930,0.3080937614,0.4640800357
HyperE2VID,zurich_city_00_a,791,39.5504130000,0791.png,0.0510326922,0.3091590230,0.4651939571
HyperE2VID,zurich_city_00_a,792,39.6004140000,0792.png,0.0517420714,0.3118463633,0.4711756110
HyperE2VID,zurich_city_00_a,793,39.6504110000,0793.png,0.0520958164,0.3105368259,0.4700006247
HyperE2VID,zurich_city_00_a,794,39.7004120000,0794.png,0.0516395242,0.3108224400,0.4645597637
HyperE2VID,zurich_city_00_a,795,39.7504180000,0795.png,0.0498782775,0.3105470999,0.4582960308
HyperE2VID,zurich_city_00_a,796,39.8004350000,0796.png,0.0495092025,0.3116308157,0.4652071297
HyperE2VID,zurich_city_00_a,797,39.8504240000,0797.png,0.0492774935,0.3186089216,0.4621469676
HyperE2VID,zurich_city_00_a,798,39.9004210000,0798.png,0.0483434072,0.3159404631,0.4716552496
HyperE2VID,zurich_city_00_a,799,39.9504260000,0799.png,0.0479359314,0.3111746157,0.4717171490
HyperE2VID,zurich_city_00_a,800,40.0003720000,0800.png,0.0474725679,0.3071112811,0.4692425430
HyperE2VID,zurich_city_00_a,801,40.0504050000,0801.png,0.0477597466,0.3055088435,0.4740056694
HyperE2VID,zurich_city_00_a,802,40.1003980000,0802.png,0.0471925308,0.3038139972,0.4845142663
HyperE2VID,zurich_city_00_a,803,40.1504230000,0803.png,0.0462368801,0.3067298943,0.4817307293
HyperE2VID,zurich_city_00_a,804,40.2004210000,0804.png,0.0462104465,0.3106039959,0.4883399308
HyperE2VID,zurich_city_00_a,805,40.2504220000,0805.png,0.0464953446,0.3173970794,0.4868726730
HyperE2VID,zurich_city_00_a,806,40.3004030000,0806.png,0.0459757032,0.3230312572,0.4871991575
HyperE2VID,zurich_city_00_a,807,40.3504040000,0807.png,0.0459325712,0.3252653077,0.4876281619
HyperE2VID,zurich_city_00_a,808,40.4004100000,0808.png,0.0460919134,0.3264712688,0.4865205586
HyperE2VID,zurich_city_00_a,809,40.4504110000,0809.png,0.0468744535,0.3283678204,0.4851429462
HyperE2VID,zurich_city_00_a,810,40.5004080000,0810.png,0.0473434963,0.3314617394,0.4903654754
HyperE2VID,zurich_city_00_a,811,40.5504130000,0811.png,0.0460245886,0.3341542357,0.4958389997
HyperE2VID,zurich_city_00_a,812,40.6004150000,0812.png,0.0448077142,0.3415202488,0.4962539077
HyperE2VID,zurich_city_00_a,813,40.6504200000,0813.png,0.0440014531,0.3467787526,0.4934867024
HyperE2VID,zurich_city_00_a,814,40.7004210000,0814.png,0.0456849079,0.3478750996,0.4861378074
HyperE2VID,zurich_city_00_a,815,40.7504260000,0815.png,0.0456913861,0.3457429935,0.4912123084
HyperE2VID,zurich_city_00_a,816,40.8004360000,0816.png,0.0463387715,0.3512490198,0.4875826240
HyperE2VID,zurich_city_00_a,817,40.8504290000,0817.png,0.0472946628,0.3544695242,0.4771932960
HyperE2VID,zurich_city_00_a,818,40.9004300000,0818.png,0.0476173236,0.3561408067,0.4675870240
HyperE2VID,zurich_city_00_a,819,40.9504350000,0819.png,0.0475365131,0.3575543426,0.4756172299
HyperE2VID,zurich_city_00_a,820,41.0003690000,0820.png,0.0478503198,0.3542817053,0.4688366652
HyperE2VID,zurich_city_00_a,821,41.0504060000,0821.png,0.0492591813,0.3470278489,0.4688493013
HyperE2VID,zurich_city_00_a,822,41.1003990000,0822.png,0.0497565724,0.3474420300,0.4708312452
HyperE2VID,zurich_city_00_a,823,41.1503960000,0823.png,0.0496782876,0.3448736028,0.4685389996
HyperE2VID,zurich_city_00_a,824,41.2004010000,0824.png,0.0498425299,0.3457167814,0.4627446532
HyperE2VID,zurich_city_00_a,825,41.2504070000,0825.png,0.0509211290,0.3415861276,0.4506827593
HyperE2VID,zurich_city_00_a,826,41.3004080000,0826.png,0.0492773889,0.3407782309,0.4493172169
HyperE2VID,zurich_city_00_a,827,41.3504050000,0827.png,0.0478588677,0.3446865169,0.4534499347
HyperE2VID,zurich_city_00_a,828,41.4004100000,0828.png,0.0478112771,0.3459963379,0.4527904689
HyperE2VID,zurich_city_00_a,829,41.4504150000,0829.png,0.0479619421,0.3470962373,0.4509134293
HyperE2VID,zurich_city_00_a,830,41.5004170000,0830.png,0.0478647924,0.3486204965,0.4584815502
HyperE2VID,zurich_city_00_a,831,41.5504220000,0831.png,0.0489815053,0.3464275158,0.4551917911
HyperE2VID,zurich_city_00_a,832,41.6004230000,0832.png,0.0489533124,0.3485063573,0.4461478293
HyperE2VID,zurich_city_00_a,833,41.6504200000,0833.png,0.0486990272,0.3524498171,0.4482658505
HyperE2VID,zurich_city_00_a,834,41.7004250000,0834.png,0.0485249006,0.3554311649,0.4462885261
HyperE2VID,zurich_city_00_a,835,41.7504270000,0835.png,0.0493292594,0.3555800116,0.4473229945
HyperE2VID,zurich_city_00_a,836,41.8004280000,0836.png,0.0490845347,0.3544818861,0.4394366741
HyperE2VID,zurich_city_00_a,837,41.8504130000,0837.png,0.0496943219,0.3466413035,0.4306143522
HyperE2VID,zurich_city_00_a,838,41.9004140000,0838.png,0.0493986738,0.3449522806,0.4268480241
HyperE2VID,zurich_city_00_a,839,41.9504350000,0839.png,0.0496121719,0.3438990527,0.4301865101
HyperE2VID,zurich_city_00_a,840,42.0003690000,0840.png,0.0499840870,0.3482618962,0.4240847826
HyperE2VID,zurich_city_00_a,841,42.0504020000,0841.png,0.0504224613,0.3488636466,0.4238455296
HyperE2VID,zurich_city_00_a,842,42.1003950000,0842.png,0.0500104274,0.3510954979,0.4224461317
HyperE2VID,zurich_city_00_a,843,42.1503960000,0843.png,0.0488275384,0.3546158923,0.4301178157
HyperE2VID,zurich_city_00_a,844,42.2004260000,0844.png,0.0481178014,0.3555405261,0.4468719363
HyperE2VID,zurich_city_00_a,845,42.2503990000,0845.png,0.0475765191,0.3553008804,0.4522494674
HyperE2VID,zurich_city_00_a,846,42.3004040000,0846.png,0.0483363604,0.3513746700,0.4579874873
HyperE2VID,zurich_city_00_a,847,42.3504090000,0847.png,0.0493501755,0.3543093528,0.4587812722
HyperE2VID,zurich_city_00_a,848,42.4004110000,0848.png,0.0479890529,0.3571637165,0.4563269615
HyperE2VID,zurich_city_00_a,849,42.4504160000,0849.png,0.0478184920,0.3586367346,0.4604653716
HyperE2VID,zurich_city_00_a,850,42.5004130000,0850.png,0.0482703725,0.3548545750,0.4545134604
HyperE2VID,zurich_city_00_a,851,42.5504180000,0851.png,0.0482210810,0.3509638838,0.4536654949
HyperE2VID,zurich_city_00_a,852,42.6004200000,0852.png,0.0487872668,0.3499133926,0.4649755061
HyperE2VID,zurich_city_00_a,853,42.6504210000,0853.png,0.0490656646,0.3443755766,0.4681116939
HyperE2VID,zurich_city_00_a,854,42.7004260000,0854.png,0.0490379404,0.3383718038,0.4717487693
HyperE2VID,zurich_city_00_a,855,42.7504270000,0855.png,0.0489712121,0.3345898008,0.4811985493
HyperE2VID,zurich_city_00_a,856,42.8004250000,0856.png,0.0484996956,0.3332384471,0.4772168696
HyperE2VID,zurich_city_00_a,857,42.8504300000,0857.png,0.0483203478,0.3281688133,0.4842312932
HyperE2VID,zurich_city_00_a,858,42.9004310000,0858.png,0.0486434808,0.3237352144,0.4830345809
HyperE2VID,zurich_city_00_a,859,42.9504360000,0859.png,0.0493183692,0.3231412155,0.4818884432
HyperE2VID,zurich_city_00_a,860,43.0003700000,0860.png,0.0495360087,0.3223163647,0.4780716002
HyperE2VID,zurich_city_00_a,861,43.0504110000,0861.png,0.0500300041,0.3160397987,0.4886704981
HyperE2VID,zurich_city_00_a,862,43.1003960000,0862.png,0.0500488936,0.3141267150,0.4872754812
HyperE2VID,zurich_city_00_a,863,43.1503970000,0863.png,0.0506856737,0.3119145971,0.4842255414
HyperE2VID,zurich_city_00_a,864,43.2004020000,0864.png,0.0506810200,0.3127141471,0.4841198623
HyperE2VID,zurich_city_00_a,865,43.2504040000,0865.png,0.0506920062,0.3137057593,0.4843453467
HyperE2VID,zurich_city_00_a,866,43.3004090000,0866.png,0.0511007900,0.3128868392,0.4926838279
HyperE2VID,zurich_city_00_a,867,43.3504100000,0867.png,0.0513194493,0.3107773779,0.4944597781
HyperE2VID,zurich_city_00_a,868,43.4004070000,0868.png,0.0513025671,0.3163297444,0.4863927066
HyperE2VID,zurich_city_00_a,869,43.4504120000,0869.png,0.0512012634,0.3140494262,0.4869739115
HyperE2VID,zurich_city_00_a,870,43.5004140000,0870.png,0.0515532133,0.3128764369,0.4934918880
HyperE2VID,zurich_city_00_a,871,43.5504190000,0871.png,0.0525256372,0.3108635572,0.4911456704
HyperE2VID,zurich_city_00_a,872,43.6004200000,0872.png,0.0539720337,0.3091162857,0.4885182977
HyperE2VID,zurich_city_00_a,873,43.6504210000,0873.png,0.0539965015,0.3074770881,0.4765880108
HyperE2VID,zurich_city_00_a,874,43.7004180000,0874.png,0.0536482300,0.3052424505,0.4914225042
HyperE2VID,zurich_city_00_a,875,43.7504240000,0875.png,0.0536379628,0.3051883582,0.4833101332
HyperE2VID,zurich_city_00_a,876,43.8004170000,0876.png,0.0536509785,0.3026655935,0.4889032245
HyperE2VID,zurich_city_00_a,877,43.8504340000,0877.png,0.0539587413,0.3026212319,0.4754698873
HyperE2VID,zurich_city_00_a,878,43.9004350000,0878.png,0.0542396910,0.3055689169,0.4789912701
HyperE2VID,zurich_city_00_a,879,43.9504320000,0879.png,0.0540640034,0.3100624445,0.4788774252
HyperE2VID,zurich_city_00_a,880,44.0003700000,0880.png,0.0537922795,0.3122642858,0.4877581596
HyperE2VID,zurich_city_00_a,881,44.0504030000,0881.png,0.0530454193,0.3119591328,0.4923837483
HyperE2VID,zurich_city_00_a,882,44.1003960000,0882.png,0.0527416346,0.3092680283,0.4884529114
HyperE2VID,zurich_city_00_a,883,44.1503970000,0883.png,0.0527327382,0.3072185248,0.4908571839
HyperE2VID,zurich_city_00_a,884,44.2004030000,0884.png,0.0527726216,0.3069487284,0.4905660152
HyperE2VID,zurich_city_00_a,885,44.2504000000,0885.png,0.0525003003,0.3070308022,0.4952510297
HyperE2VID,zurich_city_00_a,886,44.3004050000,0886.png,0.0527803300,0.3053857618,0.4920471609
HyperE2VID,zurich_city_00_a,887,44.3504100000,0887.png,0.0525779887,0.3060937040,0.4967761040
HyperE2VID,zurich_city_00_a,888,44.4004120000,0888.png,0.0520693207,0.3060424046,0.4920351803
HyperE2VID,zurich_city_00_a,889,44.4504130000,0889.png,0.0526790101,0.3030232055,0.4974637032
HyperE2VID,zurich_city_00_a,890,44.5004180000,0890.png,0.0522165098,0.3023676687,0.5024995804
HyperE2VID,zurich_city_00_a,891,44.5504150000,0891.png,0.0532261497,0.2980742413,0.5030174255
HyperE2VID,zurich_city_00_a,892,44.6004170000,0892.png,0.0537364499,0.2932582780,0.5057347417
HyperE2VID,zurich_city_00_a,893,44.6504180000,0893.png,0.0540537720,0.2893263504,0.5045792460
HyperE2VID,zurich_city_00_a,894,44.7004190000,0894.png,0.0543937338,0.2895748008,0.5023726821
HyperE2VID,zurich_city_00_a,895,44.7504240000,0895.png,0.0547336234,0.2876770106,0.5082521439
HyperE2VID,zurich_city_00_a,896,44.8004220000,0896.png,0.0541862251,0.2871958483,0.5082104206
HyperE2VID,zurich_city_00_a,897,44.8504270000,0897.png,0.0539352681,0.2895775753,0.5034696460
HyperE2VID,zurich_city_00_a,898,44.9004280000,0898.png,0.0537205991,0.2898802561,0.5076065660
HyperE2VID,zurich_city_00_a,899,44.9504290000,0899.png,0.0534877394,0.2891107437,0.5123345256
HyperE2VID,zurich_city_00_a,900,45.0003670000,0900.png,0.0536644830,0.2856644435,0.5106953979
HyperE2VID,zurich_city_00_a,901,45.0504080000,0901.png,0.0532161190,0.2822011977,0.5246227980
HyperE2VID,zurich_city_00_a,902,45.1003930000,0902.png,0.0526398312,0.2828351889,0.5204588771
HyperE2VID,zurich_city_00_a,903,45.1503940000,0903.png,0.0527238457,0.2819055904,0.5191489458
HyperE2VID,zurich_city_00_a,904,45.2003990000,0904.png,0.0525877938,0.2822282139,0.5176111460
HyperE2VID,zurich_city_00_a,905,45.2504010000,0905.png,0.0536050225,0.2800376862,0.5117295384
HyperE2VID,zurich_city_00_a,906,45.3004020000,0906.png,0.0540219130,0.2801491162,0.5132068396
HyperE2VID,zurich_city_00_a,907,45.3504070000,0907.png,0.0540081311,0.2783547875,0.5122789145
HyperE2VID,zurich_city_00_a,908,45.4004040000,0908.png,0.0539330061,0.2718480517,0.5074303150
HyperE2VID,zurich_city_00_a,909,45.4504090000,0909.png,0.0534554318,0.2736703425,0.5032683015
HyperE2VID,zurich_city_00_a,910,45.5004110000,0910.png,0.0532479176,0.2725324021,0.5041871667
HyperE2VID,zurich_city_00_a,911,45.5504160000,0911.png,0.0543708375,0.2698211404,0.5121318698
HyperE2VID,zurich_city_00_a,912,45.6004170000,0912.png,0.0546587388,0.2676262440,0.5085259676
HyperE2VID,zurich_city_00_a,913,45.6504220000,0913.png,0.0552393107,0.2678341154,0.5074945688
HyperE2VID,zurich_city_00_a,914,45.7004190000,0914.png,0.0560556012,0.2671629448,0.5084901452
HyperE2VID,zurich_city_00_a,915,45.7504210000,0915.png,0.0557413151,0.2693285349,0.5080882907
HyperE2VID,zurich_city_00_a,916,45.8004100000,0916.png,0.0559907633,0.2702083735,0.5082364678
HyperE2VID,zurich_city_00_a,917,45.8504270000,0917.png,0.0558706955,0.2693346118,0.5142036080
HyperE2VID,zurich_city_00_a,918,45.9004280000,0918.png,0.0556784893,0.2702457782,0.5191023350
HyperE2VID,zurich_city_00_a,919,45.9504330000,0919.png,0.0561705806,0.2686850643,0.5238754749
HyperE2VID,zurich_city_00_a,920,46.0003670000,0920.png,0.0561398496,0.2694397242,0.5196864009
HyperE2VID,zurich_city_00_a,921,46.0504040000,0921.png,0.0566067567,0.2697995451,0.5163304806
HyperE2VID,zurich_city_00_a,922,46.1003970000,0922.png,0.0569097383,0.2679516418,0.5108714104
HyperE2VID,zurich_city_00_a,923,46.1503940000,0923.png,0.0564967590,0.2678274344,0.5088301301
HyperE2VID,zurich_city_00_a,924,46.2004000000,0924.png,0.0566895516,0.2695481430,0.5026857257
HyperE2VID,zurich_city_00_a,925,46.2503970000,0925.png,0.0569625676,0.2673313908,0.5029763579
HyperE2VID,zurich_city_00_a,926,46.3004020000,0926.png,0.0573099282,0.2659388720,0.5049993992
HyperE2VID,zurich_city_00_a,927,46.3504030000,0927.png,0.0566048656,0.2654109865,0.5067956448
HyperE2VID,zurich_city_00_a,928,46.4004090000,0928.png,0.0558852604,0.2644598336,0.5034285188
HyperE2VID,zurich_city_00_a,929,46.4504100000,0929.png,0.0557818000,0.2629347635,0.5090422034
HyperE2VID,zurich_city_00_a,930,46.5004110000,0930.png,0.0561235875,0.2646761361,0.4992804527
HyperE2VID,zurich_city_00_a,931,46.5504080000,0931.png,0.0560427284,0.2673696538,0.5083498955
HyperE2VID,zurich_city_00_a,932,46.6004100000,0932.png,0.0558187805,0.2691860653,0.5085437298
HyperE2VID,zurich_city_00_a,933,46.6504150000,0933.png,0.0556261036,0.2687320969,0.5152333975
HyperE2VID,zurich_city_00_a,934,46.7004160000,0934.png,0.0553074779,0.2698907301,0.5106802583
HyperE2VID,zurich_city_00_a,935,46.7504210000,0935.png,0.0551265950,0.2713502919,0.5094407201
HyperE2VID,zurich_city_00_a,936,46.8004110000,0936.png,0.0552679637,0.2710511402,0.5097357035
HyperE2VID,zurich_city_00_a,937,46.8504240000,0937.png,0.0551101612,0.2722595489,0.5058909655
HyperE2VID,zurich_city_02_a,0,0.0004860000,0000.png,0.0698906971,0.5969307643,0.7704133391
HyperE2VID,zurich_city_02_a,1,0.0504870000,0001.png,0.0686406258,0.2151319068,0.6405502558
HyperE2VID,zurich_city_02_a,2,0.1005000000,0002.png,0.0589945660,0.3132029246,0.6184066534
HyperE2VID,zurich_city_02_a,3,0.1504890000,0003.png,0.0480348730,0.3326060049,0.5881416798
HyperE2VID,zurich_city_02_a,4,0.2004350000,0004.png,0.0417226280,0.3542384634,0.5714815855
HyperE2VID,zurich_city_02_a,5,0.2504720000,0005.png,0.0451412760,0.3258655427,0.5662990212
HyperE2VID,zurich_city_02_a,6,0.3004650000,0006.png,0.0497423147,0.3152305649,0.5673773289
HyperE2VID,zurich_city_02_a,7,0.3504620000,0007.png,0.0526230564,0.3135165416,0.5811432600
HyperE2VID,zurich_city_02_a,8,0.4004640000,0008.png,0.0563252199,0.3108363630,0.5777730942
HyperE2VID,zurich_city_02_a,9,0.4504690000,0009.png,0.0610799485,0.3104631654,0.5803222656
HyperE2VID,zurich_city_02_a,10,0.5004860000,0010.png,0.0646456515,0.3120855126,0.5733247995
HyperE2VID,zurich_city_02_a,11,0.5504870000,0011.png,0.0692452657,0.3141742835,0.5662678480
HyperE2VID,zurich_city_02_a,12,0.6004890000,0012.png,0.0731912959,0.3146830531,0.5665496588
HyperE2VID,zurich_city_02_a,13,0.6504860000,0013.png,0.0764298223,0.3141359655,0.5678795576
HyperE2VID,zurich_city_02_a,14,0.7004870000,0014.png,0.0773850748,0.3118801546,0.5772770047
HyperE2VID,zurich_city_02_a,15,0.7504880000,0015.png,0.0779120392,0.3114618782,0.5785844922
HyperE2VID,zurich_city_02_a,16,0.8004860000,0016.png,0.0756978405,0.3071983785,0.5748635530
HyperE2VID,zurich_city_02_a,17,0.8504870000,0017.png,0.0734050423,0.3069993269,0.5669904947
HyperE2VID,zurich_city_02_a,18,0.9004840000,0018.png,0.0713005776,0.3119134698,0.5639649630
HyperE2VID,zurich_city_02_a,19,0.9504850000,0019.png,0.0698210968,0.3125458218,0.5685932040
HyperE2VID,zurich_city_02_a,20,1.0004870000,0020.png,0.0678423348,0.3095108507,0.5682134032
HyperE2VID,zurich_city_02_a,21,1.0504800000,0021.png,0.0653955484,0.3045262464,0.5787546635
HyperE2VID,zurich_city_02_a,22,1.1005010000,0022.png,0.0600150230,0.3054740639,0.5762227178
HyperE2VID,zurich_city_02_a,23,1.1504820000,0023.png,0.0572803755,0.3106123226,0.5785584450
HyperE2VID,zurich_city_02_a,24,1.2004320000,0024.png,0.0563559204,0.3114743248,0.5844718814
HyperE2VID,zurich_city_02_a,25,1.2504690000,0025.png,0.0545909083,0.3125675335,0.5887539387
HyperE2VID,zurich_city_02_a,26,1.3004580000,0026.png,0.0530646036,0.3112596915,0.6020979881
HyperE2VID,zurich_city_02_a,27,1.3504750000,0027.png,0.0530209950,0.3054332449,0.6024183631
HyperE2VID,zurich_city_02_a,28,1.4004810000,0028.png,0.0527348543,0.2993907524,0.6165663004
HyperE2VID,zurich_city_02_a,29,1.4504780000,0029.png,0.0517108275,0.2928618670,0.6224559546
HyperE2VID,zurich_city_02_a,30,1.5004790000,0030.png,0.0518077185,0.2926466824,0.6123886108
HyperE2VID,zurich_city_02_a,31,1.5504800000,0031.png,0.0535020581,0.2856477965,0.6095783114
HyperE2VID,zurich_city_02_a,32,1.6004820000,0032.png,0.0544572405,0.2859207632,0.6150926352
HyperE2VID,zurich_city_02_a,33,1.6504790000,0033.png,0.0553270534,0.2866743278,0.6179484129
HyperE2VID,zurich_city_02_a,34,1.7004760000,0034.png,0.0560685143,0.2875534206,0.6236413717
HyperE2VID,zurich_city_02_a,35,1.7504770000,0035.png,0.0569034306,0.2829845524,0.6286920905
HyperE2VID,zurich_city_02_a,36,1.8004790000,0036.png,0.0579404626,0.2803557683,0.6261523962
HyperE2VID,zurich_city_02_a,37,1.8504800000,0037.png,0.0595555796,0.2761144234,0.6210690737
HyperE2VID,zurich_city_02_a,38,1.9004770000,0038.png,0.0619063933,0.2731614241,0.6297507286
HyperE2VID,zurich_city_02_a,39,1.9504740000,0039.png,0.0639198963,0.2703546968,0.6305149198
HyperE2VID,zurich_city_02_a,40,2.0004760000,0040.png,0.0648546070,0.2694247216,0.6286276579
HyperE2VID,zurich_city_02_a,41,2.0504770000,0041.png,0.0670726923,0.2691643434,0.6207652092
HyperE2VID,zurich_city_02_a,42,2.1004860000,0042.png,0.0654786038,0.2706421398,0.6317011714
HyperE2VID,zurich_city_02_a,43,2.1504950000,0043.png,0.0645609995,0.2709303301,0.6259346008
HyperE2VID,zurich_city_02_a,44,2.2004330000,0044.png,0.0649492808,0.2734311384,0.6216308475
HyperE2VID,zurich_city_02_a,45,2.2504700000,0045.png,0.0652142286,0.2733282258,0.6146715879
HyperE2VID,zurich_city_02_a,46,2.3004630000,0046.png,0.0657320854,0.2694615622,0.6183164120
HyperE2VID,zurich_city_02_a,47,2.3504600000,0047.png,0.0628325353,0.2704526598,0.6180018783
HyperE2VID,zurich_city_02_a,48,2.4004660000,0048.png,0.0613564792,0.2707543390,0.6068097353
HyperE2VID,zurich_city_02_a,49,2.4504670000,0049.png,0.0618814322,0.2678720750,0.6070458293
HyperE2VID,zurich_city_02_a,50,2.5004840000,0050.png,0.0625827557,0.2695484569,0.6125255823
HyperE2VID,zurich_city_02_a,51,2.5504660000,0051.png,0.0636205078,0.2706164167,0.6054574251
HyperE2VID,zurich_city_02_a,52,2.6004670000,0052.png,0.0629276071,0.2717418421,0.5938558578
HyperE2VID,zurich_city_02_a,53,2.6504680000,0053.png,0.0617674870,0.2746418425,0.5964912176
HyperE2VID,zurich_city_02_a,54,2.7004700000,0054.png,0.0611029290,0.2817530002,0.5889232755
HyperE2VID,zurich_city_02_a,55,2.7504710000,0055.png,0.0599587077,0.2881873774,0.5869421363
HyperE2VID,zurich_city_02_a,56,2.8004920000,0056.png,0.0586261922,0.2875674869,0.5809475183
HyperE2VID,zurich_city_02_a,57,2.8504930000,0057.png,0.0576448596,0.2902257513,0.5800483227
HyperE2VID,zurich_city_02_a,58,2.9004950000,0058.png,0.0575158690,0.2914808365,0.5717266798
HyperE2VID,zurich_city_02_a,59,2.9504760000,0059.png,0.0547855685,0.2924305378,0.5759381652
HyperE2VID,zurich_city_02_a,60,3.0004770000,0060.png,0.0520031526,0.2988691905,0.5598142147
HyperE2VID,zurich_city_02_a,61,3.0504790000,0061.png,0.0515113418,0.2993036702,0.5572885275
HyperE2VID,zurich_city_02_a,62,3.1004800000,0062.png,0.0510900808,0.3049310400,0.5547397137
HyperE2VID,zurich_city_02_a,63,3.1504970000,0063.png,0.0504456390,0.3098228022,0.5533627272
HyperE2VID,zurich_city_02_a,64,3.2004350000,0064.png,0.0494538546,0.3135008081,0.5492568016
HyperE2VID,zurich_city_02_a,65,3.2504680000,0065.png,0.0489574625,0.3231748167,0.5348582864
HyperE2VID,zurich_city_02_a,66,3.3004610000,0066.png,0.0471050985,0.3265311338,0.5250943899
HyperE2VID,zurich_city_02_a,67,3.3504820000,0067.png,0.0466693508,0.3236537535,0.5287892818
HyperE2VID,zurich_city_02_a,68,3.4004840000,0068.png,0.0453529615,0.3239182503,0.5296479464
HyperE2VID,zurich_city_02_a,69,3.4504850000,0069.png,0.0435840352,0.3290908466,0.5288802981
HyperE2VID,zurich_city_02_a,70,3.5004860000,0070.png,0.0425824727,0.3257818327,0.5311391950
HyperE2VID,zurich_city_02_a,71,3.5504870000,0071.png,0.0418443221,0.3266842793,0.5322852135
HyperE2VID,zurich_city_02_a,72,3.6004690000,0072.png,0.0418006123,0.3256810662,0.5284054875
HyperE2VID,zurich_city_02_a,73,3.6504860000,0073.png,0.0416564514,0.3233169900,0.5442385077
HyperE2VID,zurich_city_02_a,74,3.7004870000,0074.png,0.0421826706,0.3199155693,0.5411157608
HyperE2VID,zurich_city_02_a,75,3.7504880000,0075.png,0.0428373500,0.3161884615,0.5397617221
HyperE2VID,zurich_city_02_a,76,3.8004940000,0076.png,0.0439871211,0.3075062163,0.5438473821
HyperE2VID,zurich_city_02_a,77,3.8504950000,0077.png,0.0444438504,0.3049871902,0.5454719663
HyperE2VID,zurich_city_02_a,78,3.9004960000,0078.png,0.0452552269,0.2967372340,0.5548537970
HyperE2VID,zurich_city_02_a,79,3.9504930000,0079.png,0.0471005843,0.2888395269,0.5644342303
HyperE2VID,zurich_city_02_a,80,4.0004950000,0080.png,0.0497590448,0.2823322991,0.5615096688
HyperE2VID,zurich_city_02_a,81,4.0504960000,0081.png,0.0516899011,0.2777354232,0.5652465224
HyperE2VID,zurich_city_02_a,82,4.1004930000,0082.png,0.0540627137,0.2735210886,0.5700245500
HyperE2VID,zurich_city_02_a,83,4.1504980000,0083.png,0.0546661876,0.2707310624,0.5636468530
HyperE2VID,zurich_city_02_a,84,4.2004360000,0084.png,0.0555223906,0.2677016789,0.5573824644
HyperE2VID,zurich_city_02_a,85,4.2504650000,0085.png,0.0549648828,0.2643977602,0.5559768677
HyperE2VID,zurich_city_02_a,86,4.3004820000,0086.png,0.0534790917,0.2645500824,0.5651729107
HyperE2VID,zurich_city_02_a,87,4.3504790000,0087.png,0.0525320792,0.2657128173,0.5581962466
HyperE2VID,zurich_city_02_a,88,4.4004810000,0088.png,0.0536291749,0.2683249979,0.5499342084
HyperE2VID,zurich_city_02_a,89,4.4504860000,0089.png,0.0546294550,0.2690766124,0.5460733771
HyperE2VID,zurich_city_02_a,90,4.5004870000,0090.png,0.0551768420,0.2704813867,0.5602322221
HyperE2VID,zurich_city_02_a,91,4.5504840000,0091.png,0.0561479236,0.2684546814,0.5595170856
HyperE2VID,zurich_city_02_a,92,4.6004860000,0092.png,0.0554196801,0.2676976613,0.5591392517
HyperE2VID,zurich_city_02_a,93,4.6504870000,0093.png,0.0556753591,0.2652758069,0.5666327477
HyperE2VID,zurich_city_02_a,94,4.7004880000,0094.png,0.0563484810,0.2652149696,0.5602178574
HyperE2VID,zurich_city_02_a,95,4.7504890000,0095.png,0.0546326928,0.2662826264,0.5496684909
HyperE2VID,zurich_city_02_a,96,4.8004910000,0096.png,0.0529049208,0.2675863164,0.5397563577
HyperE2VID,zurich_city_02_a,97,4.8504880000,0097.png,0.0506967888,0.2667000056,0.5455660224
HyperE2VID,zurich_city_02_a,98,4.9004890000,0098.png,0.0488151573,0.2674357683,0.5466162562
HyperE2VID,zurich_city_02_a,99,4.9504900000,0099.png,0.0488820763,0.2658288717,0.5500535369
HyperE2VID,zurich_city_02_a,100,5.0004920000,0100.png,0.0509987440,0.2681455315,0.5431833863
HyperE2VID,zurich_city_02_a,101,5.0504930000,0101.png,0.0532655998,0.2697751361,0.5425925255
HyperE2VID,zurich_city_02_a,102,5.1004980000,0102.png,0.0544226536,0.2743740210,0.5278006792
HyperE2VID,zurich_city_02_a,103,5.1504870000,0103.png,0.0569383646,0.2764924604,0.5288730860
HyperE2VID,zurich_city_02_a,104,5.2004330000,0104.png,0.0588670861,0.2745225256,0.5295712948
HyperE2VID,zurich_city_02_a,105,5.2504700000,0105.png,0.0599770389,0.2712348291,0.5324300528
HyperE2VID,zurich_city_02_a,106,5.3004590000,0106.png,0.0604071303,0.2694869923,0.5362679958
HyperE2VID,zurich_city_02_a,107,5.3504840000,0107.png,0.0606643767,0.2607823845,0.5300081968
HyperE2VID,zurich_city_02_a,108,5.4004820000,0108.png,0.0600188952,0.2603769468,0.5366448760
HyperE2VID,zurich_city_02_a,109,5.4504630000,0109.png,0.0587041028,0.2559248217,0.5325922966
HyperE2VID,zurich_city_02_a,110,5.5004640000,0110.png,0.0582065620,0.2584120291,0.5557643175
HyperE2VID,zurich_city_02_a,111,5.5504690000,0111.png,0.0592133203,0.2614298139,0.5611307621
HyperE2VID,zurich_city_02_a,112,5.6004710000,0112.png,0.0600771132,0.2606975536,0.5640704036
HyperE2VID,zurich_city_02_a,113,5.6504760000,0113.png,0.0607728888,0.2608222028,0.5630079508
HyperE2VID,zurich_city_02_a,114,5.7004690000,0114.png,0.0612348615,0.2627974084,0.5636150837
HyperE2VID,zurich_city_02_a,115,5.7504700000,0115.png,0.0603384140,0.2601879577,0.5594006777
HyperE2VID,zurich_city_02_a,116,5.8004720000,0116.png,0.0590632938,0.2622967789,0.5551609993
HyperE2VID,zurich_city_02_a,117,5.8504770000,0117.png,0.0577168770,0.2663542041,0.5564067364
HyperE2VID,zurich_city_02_a,118,5.9004780000,0118.png,0.0571677791,0.2694622100,0.5613422990
HyperE2VID,zurich_city_02_a,119,5.9505030000,0119.png,0.0567577276,0.2695078492,0.5594514012
HyperE2VID,zurich_city_02_a,120,6.0004970000,0120.png,0.0555539949,0.2716280187,0.5656508803
HyperE2VID,zurich_city_02_a,121,6.0504780000,0121.png,0.0546115609,0.2737800828,0.5636933446
HyperE2VID,zurich_city_02_a,122,6.1004870000,0122.png,0.0531281763,0.2747581160,0.5641787052
HyperE2VID,zurich_city_02_a,123,6.1504800000,0123.png,0.0526564125,0.2754294065,0.5591928363
HyperE2VID,zurich_city_02_a,124,6.2004340000,0124.png,0.0524792846,0.2755359929,0.5549152493
HyperE2VID,zurich_city_02_a,125,6.2504630000,0125.png,0.0513336026,0.2758970802,0.5502295494
HyperE2VID,zurich_city_02_a,126,6.3004760000,0126.png,0.0517540485,0.2759949843,0.5441414118
HyperE2VID,zurich_city_02_a,127,6.3504690000,0127.png,0.0519944159,0.2761164024,0.5462438464
HyperE2VID,zurich_city_02_a,128,6.4004710000,0128.png,0.0527040725,0.2762659097,0.5555612445
HyperE2VID,zurich_city_02_a,129,6.4504720000,0129.png,0.0530222710,0.2756748555,0.5573407412
HyperE2VID,zurich_city_02_a,130,6.5004730000,0130.png,0.0524727203,0.2820342999,0.5555400848
HyperE2VID,zurich_city_02_a,131,6.5504670000,0131.png,0.0522757584,0.2836620475,0.5545356274
HyperE2VID,zurich_city_02_a,132,6.6004720000,0132.png,0.0512706463,0.2867692494,0.5533663034
HyperE2VID,zurich_city_02_a,133,6.6504730000,0133.png,0.0505104332,0.2853561179,0.5598868728
HyperE2VID,zurich_city_02_a,134,6.7004750000,0134.png,0.0501874566,0.2875608879,0.5564459562
HyperE2VID,zurich_city_02_a,135,6.7504720000,0135.png,0.0514465533,0.2840611002,0.5584591627
HyperE2VID,zurich_city_02_a,136,6.8004730000,0136.png,0.0511429995,0.2836861258,0.5622833967
HyperE2VID,zurich_city_02_a,137,6.8504940000,0137.png,0.0501329768,0.2871728030,0.5638495684
HyperE2VID,zurich_city_02_a,138,6.9004960000,0138.png,0.0483964292,0.2867817341,0.5664281249
HyperE2VID,zurich_city_02_a,139,6.9504930000,0139.png,0.0469916356,0.2833810199,0.5625609159
HyperE2VID,zurich_city_02_a,140,7.0004940000,0140.png,0.0458842018,0.2846158405,0.5646910071
HyperE2VID,zurich_city_02_a,141,7.0504960000,0141.png,0.0445827218,0.2818204469,0.5530775189
HyperE2VID,zurich_city_02_a,142,7.1004930000,0142.png,0.0428122344,0.2882617665,0.5440088511
HyperE2VID,zurich_city_02_a,143,7.1504900000,0143.png,0.0418901533,0.2901187043,0.5472007990
HyperE2VID,zurich_city_02_a,144,7.2004360000,0144.png,0.0416323199,0.2896535260,0.5460250378
HyperE2VID,zurich_city_02_a,145,7.2504690000,0145.png,0.0427568178,0.2867814457,0.5425714254
HyperE2VID,zurich_city_02_a,146,7.3004860000,0146.png,0.0434766106,0.2858929337,0.5452799201
HyperE2VID,zurich_city_02_a,147,7.3504830000,0147.png,0.0440076843,0.2817525974,0.5481311679
HyperE2VID,zurich_city_02_a,148,7.4004850000,0148.png,0.0437216005,0.2744228504,0.5352743864
HyperE2VID,zurich_city_02_a,149,7.4504820000,0149.png,0.0432921976,0.2786535553,0.5451309085
HyperE2VID,zurich_city_02_a,150,7.5004830000,0150.png,0.0423827120,0.2768171231,0.5521922708
HyperE2VID,zurich_city_02_a,151,7.5504880000,0151.png,0.0422814323,0.2788912705,0.5528897047
HyperE2VID,zurich_city_02_a,152,7.6004900000,0152.png,0.0414498367,0.2813194006,0.5618574023
HyperE2VID,zurich_city_02_a,153,7.6504910000,0153.png,0.0413871927,0.2812870502,0.5496520400
HyperE2VID,zurich_city_02_a,154,7.7004840000,0154.png,0.0399883368,0.2826660957,0.5469124317
HyperE2VID,zurich_city_02_a,155,7.7504850000,0155.png,0.0405208749,0.2807399227,0.5381981730
HyperE2VID,zurich_city_02_a,156,7.8004910000,0156.png,0.0408149661,0.2846655107,0.5339736938
HyperE2VID,zurich_city_02_a,157,7.8504920000,0157.png,0.0408655884,0.2877329885,0.5401736498
HyperE2VID,zurich_city_02_a,158,7.9004930000,0158.png,0.0407896148,0.2935607535,0.5274264812
HyperE2VID,zurich_city_02_a,159,7.9504940000,0159.png,0.0417029163,0.2956525171,0.5223720074
HyperE2VID,zurich_city_02_a,160,8.0004880000,0160.png,0.0431983642,0.2940779561,0.5284661055
HyperE2VID,zurich_city_02_a,161,8.0504930000,0161.png,0.0450016467,0.2924649617,0.5258363485
HyperE2VID,zurich_city_02_a,162,8.1004860000,0162.png,0.0463449329,0.2907109208,0.5186260939
HyperE2VID,zurich_city_02_a,163,8.1504910000,0163.png,0.0470498479,0.2913279981,0.5227571130
HyperE2VID,zurich_city_02_a,164,8.2004330000,0164.png,0.0467859689,0.2927570540,0.5221717954
HyperE2VID,zurich_city_02_a,165,8.2504740000,0165.png,0.0466548919,0.2954291455,0.5191741586
HyperE2VID,zurich_city_02_a,166,8.3004590000,0166.png,0.0462764615,0.2964010752,0.5245487094
HyperE2VID,zurich_city_02_a,167,8.3504800000,0167.png,0.0466614670,0.2944445165,0.5309191942
HyperE2VID,zurich_city_02_a,168,8.4004820000,0168.png,0.0461226743,0.2955000742,0.5324903727
HyperE2VID,zurich_city_02_a,169,8.4504830000,0169.png,0.0460959119,0.2986462450,0.5336551070
HyperE2VID,zurich_city_02_a,170,8.5004840000,0170.png,0.0466129742,0.3027001839,0.5380013585
HyperE2VID,zurich_city_02_a,171,8.5504850000,0171.png,0.0470669509,0.3051280768,0.5344092250
HyperE2VID,zurich_city_02_a,172,8.6004830000,0172.png,0.0449716611,0.3104779405,0.5270540118
HyperE2VID,zurich_city_02_a,173,8.6504880000,0173.png,0.0432546579,0.3222061585,0.5322023630
HyperE2VID,zurich_city_02_a,174,8.7004890000,0174.png,0.0426521447,0.3237317474,0.5275776982
HyperE2VID,zurich_city_02_a,175,8.7504900000,0175.png,0.0421231317,0.3340768840,0.5205569267
HyperE2VID,zurich_city_02_a,176,8.8004920000,0176.png,0.0442758891,0.3338489931,0.5189841986
HyperE2VID,zurich_city_02_a,177,8.8504890000,0177.png,0.0418385152,0.3441256907,0.5217481852
HyperE2VID,zurich_city_02_a,178,8.9004860000,0178.png,0.0408121553,0.3541688015,0.5100916624
HyperE2VID,zurich_city_02_a,179,8.9504870000,0179.png,0.0416405624,0.3481478267,0.5051364303
HyperE2VID,zurich_city_02_a,180,9.0004890000,0180.png,0.0418082246,0.3453332604,0.4966356754
HyperE2VID,zurich_city_02_a,181,9.0504900000,0181.png,0.0419328944,0.3368113577,0.4991785288
HyperE2VID,zurich_city_02_a,182,9.1004910000,0182.png,0.0425587978,0.3318269891,0.5079406500
HyperE2VID,zurich_city_02_a,183,9.1504880000,0183.png,0.0429484603,0.3275963484,0.5078631639
HyperE2VID,zurich_city_02_a,184,9.2004340000,0184.png,0.0432567502,0.3218253813,0.5044577718
HyperE2VID,zurich_city_02_a,185,9.2504670000,0185.png,0.0437832976,0.3171200696,0.5080851912
HyperE2VID,zurich_city_02_a,186,9.3004840000,0186.png,0.0443171806,0.3149134429,0.5093842149
HyperE2VID,zurich_city_02_a,187,9.3504810000,0187.png,0.0448345640,0.3104497233,0.5134375095
HyperE2VID,zurich_city_02_a,188,9.4004830000,0188.png,0.0454647106,0.3033486872,0.5188983083
HyperE2VID,zurich_city_02_a,189,9.4504800000,0189.png,0.0463302602,0.3006433029,0.5269116759
HyperE2VID,zurich_city_02_a,190,9.5004810000,0190.png,0.0462613406,0.2978297485,0.5358853340
HyperE2VID,zurich_city_02_a,191,9.5504820000,0191.png,0.0462914401,0.2938749584,0.5308175087
HyperE2VID,zurich_city_02_a,192,9.6004840000,0192.png,0.0465413274,0.2874576811,0.5302257538
HyperE2VID,zurich_city_02_a,193,9.6504850000,0193.png,0.0470685330,0.2861486201,0.5456315279
HyperE2VID,zurich_city_02_a,194,9.7004860000,0194.png,0.0464424931,0.2868517598,0.5450759530
HyperE2VID,zurich_city_02_a,195,9.7504830000,0195.png,0.0458772055,0.2840376656,0.5454607010
HyperE2VID,zurich_city_02_a,196,9.8004850000,0196.png,0.0449767000,0.2847810615,0.5471255183
HyperE2VID,zurich_city_02_a,197,9.8504900000,0197.png,0.0445323856,0.2809343151,0.5492733717
HyperE2VID,zurich_city_02_a,198,9.9004910000,0198.png,0.0442209581,0.2811012327,0.5512943268
HyperE2VID,zurich_city_02_a,199,9.9504920000,0199.png,0.0444026816,0.2826519133,0.5521858931
HyperE2VID,zurich_city_02_a,200,10.0004940000,0200.png,0.0446664690,0.2807821541,0.5515653491
HyperE2VID,zurich_city_02_a,201,10.0504910000,0201.png,0.0454537720,0.2759535618,0.5533853173
HyperE2VID,zurich_city_02_a,202,10.1004800000,0202.png,0.0453479771,0.2764317137,0.5612965822
HyperE2VID,zurich_city_02_a,203,10.1504970000,0203.png,0.0451928797,0.2722935423,0.5633800626
HyperE2VID,zurich_city_02_a,204,10.2004350000,0204.png,0.0457799058,0.2721430199,0.5584645271
HyperE2VID,zurich_city_02_a,205,10.2504720000,0205.png,0.0460613108,0.2701909123,0.5652087927
HyperE2VID,zurich_city_02_a,206,10.3004810000,0206.png,0.0464612741,0.2687790968,0.5774836540
HyperE2VID,zurich_city_02_a,207,10.3504780000,0207.png,0.0465956912,0.2681957962,0.5725839138
HyperE2VID,zurich_city_02_a,208,10.4004840000,0208.png,0.0468509376,0.2684562646,0.5712899566
HyperE2VID,zurich_city_02_a,209,10.4504650000,0209.png,0.0480146184,0.2683170918,0.5705322027
HyperE2VID,zurich_city_02_a,210,10.5004660000,0210.png,0.0477131121,0.2678416822,0.5751659870
HyperE2VID,zurich_city_02_a,211,10.5504680000,0211.png,0.0484910272,0.2659776106,0.5702229738
HyperE2VID,zurich_city_02_a,212,10.6004890000,0212.png,0.0490895745,0.2659163084,0.5693180561
HyperE2VID,zurich_city_02_a,213,10.6504700000,0213.png,0.0499257614,0.2646669356,0.5728296041
HyperE2VID,zurich_city_02_a,214,10.7004720000,0214.png,0.0511501703,0.2624879203,0.5778822303
HyperE2VID,zurich_city_02_a,215,10.7504770000,0215.png,0.0520272432,0.2590270195,0.5859002471
HyperE2VID,zurich_city_02_a,216,10.8004780000,0216.png,0.0523870256,0.2597519502,0.5770521760
HyperE2VID,zurich_city_02_a,217,10.8504790000,0217.png,0.0517921745,0.2584712060,0.5702222586
HyperE2VID,zurich_city_02_a,218,10.9004770000,0218.png,0.0517103574,0.2584933363,0.5734725595
HyperE2VID,zurich_city_02_a,219,10.9504780000,0219.png,0.0512152497,0.2558549968,0.5759323835
HyperE2VID,zurich_city_02_a,220,11.0004790000,0220.png,0.0507058147,0.2532821631,0.5736902952
HyperE2VID,zurich_city_02_a,221,11.0504850000,0221.png,0.0499076469,0.2495321761,0.5815239549
HyperE2VID,zurich_city_02_a,222,11.1004900000,0222.png,0.0498127263,0.2479606660,0.5672427416
HyperE2VID,zurich_city_02_a,223,11.1505070000,0223.png,0.0495935926,0.2411212522,0.5680599809
HyperE2VID,zurich_city_02_a,224,11.2004370000,0224.png,0.0493717300,0.2366181173,0.5775055885
HyperE2VID,zurich_city_02_a,225,11.2504740000,0225.png,0.0490691817,0.2359651216,0.5816960335
HyperE2VID,zurich_city_02_a,226,11.3004670000,0226.png,0.0488910657,0.2360335827,0.5743933320
HyperE2VID,zurich_city_02_a,227,11.3504640000,0227.png,0.0486897944,0.2378319608,0.5745304823
HyperE2VID,zurich_city_02_a,228,11.4004700000,0228.png,0.0487066213,0.2375359291,0.5775735974
HyperE2VID,zurich_city_02_a,229,11.4504670000,0229.png,0.0489657752,0.2356882456,0.5743111968
HyperE2VID,zurich_city_02_a,230,11.5004680000,0230.png,0.0493910648,0.2324900347,0.5901319981
HyperE2VID,zurich_city_02_a,231,11.5504730000,0231.png,0.0498396572,0.2267801967,0.5938285589
HyperE2VID,zurich_city_02_a,232,11.6004750000,0232.png,0.0502135533,0.2272041413,0.5932748318
HyperE2VID,zurich_city_02_a,233,11.6504760000,0233.png,0.0509103375,0.2240471238,0.6026481390
HyperE2VID,zurich_city_04_b,0,0.0002800000,0000.png,0.0707628716,0.5013682256,0.8645001650
HyperE2VID,zurich_city_04_b,1,0.0502595000,0001.png,0.0720307041,0.3224829917,0.5129305124
HyperE2VID,zurich_city_04_b,2,0.1002525000,0002.png,0.0729135488,0.3034911939,0.4887930453
HyperE2VID,zurich_city_04_b,3,0.1502640000,0003.png,0.0664366557,0.3050878292,0.4573996663
HyperE2VID,zurich_city_04_b,4,0.2002545000,0004.png,0.0615554517,0.3104450233,0.4405649900
HyperE2VID,zurich_city_04_b,5,0.2502475000,0005.png,0.0599263129,0.3140458456,0.4312493205
HyperE2VID,zurich_city_04_b,6,0.3002615000,0006.png,0.0579629876,0.3267807696,0.4226265550
HyperE2VID,zurich_city_04_b,7,0.3502545000,0007.png,0.0573621120,0.3307793292,0.4233681858
HyperE2VID,zurich_city_04_b,8,0.4002475000,0008.png,0.0565404491,0.3361912543,0.4162396491
HyperE2VID,zurich_city_04_b,9,0.4502685000,0009.png,0.0563541599,0.3365271182,0.4098628461
HyperE2VID,zurich_city_04_b,10,0.5002625000,0010.png,0.0552527162,0.3427242248,0.4101901650
HyperE2VID,zurich_city_04_b,11,0.5502595000,0011.png,0.0541737136,0.3468702287,0.4079846144
HyperE2VID,zurich_city_04_b,12,0.6002685000,0012.png,0.0539511384,0.3453636912,0.4132191241
HyperE2VID,zurich_city_04_b,13,0.6502615000,0013.png,0.0536644158,0.3511872474,0.4163594246
HyperE2VID,zurich_city_04_b,14,0.7002035000,0014.png,0.0529198002,0.3584020744,0.4130128622
HyperE2VID,zurich_city_04_b,15,0.7502285000,0015.png,0.0523610049,0.3612331960,0.4023734629
HyperE2VID,zurich_city_04_b,16,0.8002335000,0016.png,0.0520785309,0.3632733134,0.3872649074
HyperE2VID,zurich_city_04_b,17,0.8502425000,0017.png,0.0514326313,0.3676511018,0.3873211145
HyperE2VID,zurich_city_04_b,18,0.9002375000,0018.png,0.0510781962,0.3720691078,0.3805393577
HyperE2VID,zurich_city_04_b,19,0.9502600000,0019.png,0.0509541706,0.3722648324,0.3787346780
HyperE2VID,zurich_city_04_b,20,1.0002585000,0020.png,0.0516514884,0.3698886666,0.3799756765
HyperE2VID,zurich_city_04_b,21,1.0502605000,0021.png,0.0520399750,0.3631932809,0.3854135871
HyperE2VID,zurich_city_04_b,22,1.1002840000,0022.png,0.0512760884,0.3547257271,0.3730248511
HyperE2VID,zurich_city_04_b,23,1.1502745000,0023.png,0.0511216717,0.3556952042,0.3680734336
HyperE2VID,zurich_city_04_b,24,1.2002635000,0024.png,0.0515203159,0.3572545038,0.3702946007
HyperE2VID,zurich_city_04_b,25,1.2502805000,0025.png,0.0521560611,0.3564869772,0.3774747252
HyperE2VID,zurich_city_04_b,26,1.3002745000,0026.png,0.0520299454,0.3591723347,0.3813599050
HyperE2VID,zurich_city_04_b,27,1.3502715000,0027.png,0.0525095826,0.3619733535,0.3882167935
HyperE2VID,zurich_city_04_b,28,1.4002885000,0028.png,0.0525034964,0.3678240625,0.3947474360
HyperE2VID,zurich_city_04_b,29,1.4502815000,0029.png,0.0535217571,0.3490994135,0.3809377849
HyperE2VID,zurich_city_04_b,30,1.5002715000,0030.png,0.0551389286,0.3481881076,0.3765783906
HyperE2VID,zurich_city_04_b,31,1.5502845000,0031.png,0.0559810845,0.3580719715,0.3855509162
HyperE2VID,zurich_city_04_b,32,1.6002815000,0032.png,0.0560892390,0.3660532207,0.3897593617
HyperE2VID,zurich_city_04_b,33,1.6502825000,0033.png,0.0563918272,0.3709301860,0.3942274451
HyperE2VID,zurich_city_04_b,34,1.7002295000,0034.png,0.0559234149,0.3756018356,0.3956921101
HyperE2VID,zurich_city_04_b,35,1.7502775000,0035.png,0.0553693784,0.3787321103,0.3965668678
HyperE2VID,zurich_city_04_b,36,1.8002555000,0036.png,0.0548035225,0.3806421020,0.4057630301
HyperE2VID,zurich_city_04_b,37,1.8502685000,0037.png,0.0539088592,0.3821940307,0.4112043381
HyperE2VID,zurich_city_04_b,38,1.9002625000,0038.png,0.0534908327,0.3811040584,0.4155516326
HyperE2VID,zurich_city_04_b,39,1.9502650000,0039.png,0.0526930219,0.3842676371,0.4170474708
HyperE2VID,zurich_city_04_b,40,2.0002845000,0040.png,0.0524093637,0.3868207746,0.4073368013
HyperE2VID,zurich_city_04_b,41,2.0502710000,0041.png,0.0493344455,0.3896116938,0.3919420242
HyperE2VID,zurich_city_04_b,42,2.1002970000,0042.png,0.0464920638,0.3938479340,0.3919691741
HyperE2VID,zurich_city_04_b,43,2.1502930000,0043.png,0.0454214726,0.3943227833,0.3933917880
HyperE2VID,zurich_city_04_b,44,2.2002910000,0044.png,0.0445482455,0.3957357011,0.4026526809
HyperE2VID,zurich_city_04_b,45,2.2503110000,0045.png,0.0437123767,0.3928520527,0.4051297009
HyperE2VID,zurich_city_04_b,46,2.3003090000,0046.png,0.0429350351,0.3873982507,0.4142763019
HyperE2VID,zurich_city_04_b,47,2.3502980000,0047.png,0.0422860447,0.3813072360,0.4106727839
HyperE2VID,zurich_city_04_b,48,2.4003150000,0048.png,0.0419180251,0.3822557785,0.4121890068
HyperE2VID,zurich_city_04_b,49,2.4503080000,0049.png,0.0413292727,0.3864726941,0.4105114341
HyperE2VID,zurich_city_04_b,50,2.5003060000,0050.png,0.0410625092,0.3864398095,0.4139511287
HyperE2VID,zurich_city_04_b,51,2.5502990000,0051.png,0.0406569223,0.3849859587,0.4137462974
HyperE2VID,zurich_city_04_b,52,2.6003120000,0052.png,0.0405158630,0.3853520366,0.4205903411
HyperE2VID,zurich_city_04_b,53,2.6503050000,0053.png,0.0400595998,0.3878177761,0.4105105400
HyperE2VID,zurich_city_04_b,54,2.7002550000,0054.png,0.0393532798,0.3901964357,0.4011886418
HyperE2VID,zurich_city_04_b,55,2.7502840000,0055.png,0.0383816496,0.3940206501,0.3887288272
HyperE2VID,zurich_city_04_b,56,2.8002890000,0056.png,0.0371985125,0.3998699122,0.3907260895
HyperE2VID,zurich_city_04_b,57,2.8503020000,0057.png,0.0370960593,0.4056517941,0.3894588649
HyperE2VID,zurich_city_04_b,58,2.9002920000,0058.png,0.0368662445,0.4111584859,0.3836113811
HyperE2VID,zurich_city_04_b,59,2.9502940000,0059.png,0.0369320486,0.4149352781,0.3786012828
HyperE2VID,zurich_city_04_b,60,3.0003140000,0060.png,0.0372024976,0.4187046327,0.3811022937
HyperE2VID,zurich_city_04_b,61,3.0503070000,0061.png,0.0368290459,0.4171374534,0.3867933154
HyperE2VID,zurich_city_04_b,62,3.1003050000,0062.png,0.0365457170,0.4148297973,0.3827036023
HyperE2VID,zurich_city_04_b,63,3.1503020000,0063.png,0.0369613991,0.4116290884,0.3822274208
HyperE2VID,zurich_city_04_b,64,3.2003150000,0064.png,0.0372721222,0.4144663866,0.3841322660
HyperE2VID,zurich_city_04_b,65,3.2503120000,0065.png,0.0374029738,0.4169110816,0.3779387474
HyperE2VID,zurich_city_04_b,66,3.3003100000,0066.png,0.0366592976,0.4168160653,0.3724969923
HyperE2VID,zurich_city_04_b,67,3.3503030000,0067.png,0.0363356040,0.4160481986,0.3699672222
HyperE2VID,zurich_city_04_b,68,3.4003200000,0068.png,0.0355661068,0.4201161008,0.3758547902
HyperE2VID,zurich_city_04_b,69,3.4503170000,0069.png,0.0347686813,0.4217341439,0.3728446364
HyperE2VID,zurich_city_04_b,70,3.5003270000,0070.png,0.0345100139,0.4248843403,0.3723813891
HyperE2VID,zurich_city_04_b,71,3.5503160000,0071.png,0.0349444782,0.4215607608,0.3690018356
HyperE2VID,zurich_city_04_b,72,3.6003090000,0072.png,0.0350302220,0.4169483291,0.3678098917
HyperE2VID,zurich_city_04_b,73,3.6503100000,0073.png,0.0351787086,0.4159544328,0.3733103871
HyperE2VID,zurich_city_04_b,74,3.7002640000,0074.png,0.0349548807,0.4185383642,0.3757054806
HyperE2VID,zurich_city_04_b,75,3.7503130000,0075.png,0.0348692216,0.4208698389,0.3802722394
HyperE2VID,zurich_city_04_b,76,3.8002900000,0076.png,0.0346767838,0.4233416392,0.3741798401
HyperE2VID,zurich_city_04_b,77,3.8502990000,0077.png,0.0347525512,0.4245840764,0.3723914623
HyperE2VID,zurich_city_04_b,78,3.9002970000,0078.png,0.0351849694,0.4244914063,0.3719033301
HyperE2VID,zurich_city_04_b,79,3.9503140000,0079.png,0.0355821160,0.4281972316,0.3675314188
HyperE2VID,zurich_city_04_b,80,4.0003110000,0080.png,0.0363151485,0.4306403387,0.3705097139
HyperE2VID,zurich_city_04_b,81,4.0503000000,0081.png,0.0371294334,0.4319778156,0.3664867878
HyperE2VID,zurich_city_04_b,82,4.1003180000,0082.png,0.0378089737,0.4343646393,0.3707447648
HyperE2VID,zurich_city_04_b,83,4.1503110000,0083.png,0.0383947134,0.4323143756,0.3783629537
HyperE2VID,zurich_city_04_b,84,4.2003040000,0084.png,0.0385808772,0.4295131833,0.3813683391
HyperE2VID,zurich_city_04_b,85,4.2503010000,0085.png,0.0385821866,0.4242126448,0.3758598566
HyperE2VID,zurich_city_04_b,86,4.3003190000,0086.png,0.0383486986,0.4204281968,0.3833882213
HyperE2VID,zurich_city_04_b,87,4.3503080000,0087.png,0.0386538568,0.4228842748,0.3854395151
HyperE2VID,zurich_city_04_b,88,4.4003250000,0088.png,0.0387825377,0.4232112415,0.3799960911
HyperE2VID,zurich_city_04_b,89,4.4503220000,0089.png,0.0386553250,0.4215797679,0.3825674057
HyperE2VID,zurich_city_04_b,90,4.5003160000,0090.png,0.0387519245,0.4190125980,0.3807191849
HyperE2VID,zurich_city_04_b,91,4.5503210000,0091.png,0.0393645672,0.4164444582,0.3809104264
HyperE2VID,zurich_city_04_b,92,4.6003300000,0092.png,0.0401260573,0.4146486881,0.3807015121
HyperE2VID,zurich_city_04_b,93,4.6503150000,0093.png,0.0405998870,0.4137441744,0.3771187067
HyperE2VID,zurich_city_04_b,94,4.7002610000,0094.png,0.0412614053,0.4143769729,0.3772729039
HyperE2VID,zurich_city_04_b,95,4.7502900000,0095.png,0.0421087436,0.4141862900,0.3714942038
HyperE2VID,zurich_city_04_b,96,4.8002950000,0096.png,0.0416987073,0.4172649982,0.3689637780
HyperE2VID,zurich_city_04_b,97,4.8503120000,0097.png,0.0420512200,0.4163537396,0.3698314726
HyperE2VID,zurich_city_04_b,98,4.9003060000,0098.png,0.0423950314,0.4145141271,0.3739828467
HyperE2VID,zurich_city_04_b,99,4.9502950000,0099.png,0.0418489529,0.4095924955,0.3693036139
HyperE2VID,zurich_city_04_b,100,5.0003120000,0100.png,0.0417653999,0.4087487068,0.3721207976
HyperE2VID,zurich_city_04_b,101,5.0503010000,0101.png,0.0425052094,0.4086248933,0.3766830862
HyperE2VID,zurich_city_04_b,102,5.1002990000,0102.png,0.0428332620,0.4042743767,0.3818927705
HyperE2VID,zurich_city_04_b,103,5.1503160000,0103.png,0.0429277318,0.3981188464,0.3868100643
HyperE2VID,zurich_city_04_b,104,5.2003090000,0104.png,0.0428367450,0.3934737663,0.3864234090
HyperE2VID,zurich_city_04_b,105,5.2502980000,0105.png,0.0427398241,0.3929076327,0.3925518692
HyperE2VID,zurich_city_04_b,106,5.3003160000,0106.png,0.0427484780,0.3943583888,0.3953886628
HyperE2VID,zurich_city_04_b,107,5.3503130000,0107.png,0.0425494552,0.3935666208,0.3951608539
HyperE2VID,zurich_city_04_b,108,5.4003060000,0108.png,0.0422889486,0.3928097736,0.3981384635
HyperE2VID,zurich_city_04_b,109,5.4503230000,0109.png,0.0419009523,0.3945043325,0.3980236948
HyperE2VID,zurich_city_04_b,110,5.5003130000,0110.png,0.0417534420,0.3933269929,0.3936679065
HyperE2VID,zurich_city_04_b,111,5.5503100000,0111.png,0.0416767726,0.3885701900,0.3875371516
HyperE2VID,zurich_city_04_b,112,5.6003230000,0112.png,0.0420352331,0.3834209089,0.3906478286
HyperE2VID,zurich_city_04_b,113,5.6503240000,0113.png,0.0423367067,0.3800823838,0.3903308511
HyperE2VID,zurich_city_04_b,114,5.7002620000,0114.png,0.0421538753,0.3756690754,0.3932108581
HyperE2VID,zurich_city_04_b,115,5.7502910000,0115.png,0.0419080027,0.3726050135,0.3972989619
HyperE2VID,zurich_city_04_b,116,5.8002920000,0116.png,0.0420849885,0.3743776504,0.4016692638
HyperE2VID,zurich_city_04_b,117,5.8503010000,0117.png,0.0426707353,0.3711702736,0.3981832266
HyperE2VID,zurich_city_04_b,118,5.9002990000,0118.png,0.0430890908,0.3704071530,0.3984603286
HyperE2VID,zurich_city_04_b,119,5.9502960000,0119.png,0.0437929897,0.3679257355,0.3967911005
HyperE2VID,zurich_city_04_b,120,6.0003130000,0120.png,0.0450790525,0.3637607181,0.3947458863
HyperE2VID,zurich_city_04_b,121,6.0503060000,0121.png,0.0457628729,0.3592488522,0.3899276257
HyperE2VID,zurich_city_04_b,122,6.1002960000,0122.png,0.0459284824,0.3603409529,0.3817640543
HyperE2VID,zurich_city_04_b,123,6.1503130000,0123.png,0.0461255154,0.3595581417,0.3870901763
HyperE2VID,zurich_city_04_b,124,6.2003060000,0124.png,0.0467450482,0.3593067725,0.3745948076
HyperE2VID,zurich_city_04_b,125,6.2503030000,0125.png,0.0473722413,0.3577058929,0.3787617683
HyperE2VID,zurich_city_04_b,126,6.3003210000,0126.png,0.0483140288,0.3590495480,0.3796045780
HyperE2VID,zurich_city_04_b,127,6.3503125000,0127.png,0.0490675257,0.3614165408,0.3784680068
HyperE2VID,zurich_city_04_b,128,6.4002960000,0128.png,0.0505445015,0.3588107352,0.3771361709
HyperE2VID,zurich_city_04_b,129,6.4502880000,0129.png,0.0507128343,0.3537694765,0.3800222278
HyperE2VID,zurich_city_04_b,130,6.5003005000,0130.png,0.0517200224,0.3512552667,0.3789342046
HyperE2VID,zurich_city_04_b,131,6.5502920000,0131.png,0.0528264323,0.3480768774,0.3706966639
HyperE2VID,zurich_city_04_b,132,6.6002755000,0132.png,0.0530840512,0.3485297197,0.3756662309
HyperE2VID,zurich_city_04_b,133,6.6502915000,0133.png,0.0545705524,0.3444361678,0.3719716370
HyperE2VID,zurich_city_04_b,134,6.7002200000,0134.png,0.0556853523,0.3437980831,0.3754501045
HyperE2VID,zurich_city_04_b,135,6.7502410000,0135.png,0.0570565513,0.3420159457,0.3768886626
HyperE2VID,zurich_city_04_b,136,6.8002340000,0136.png,0.0578697864,0.3435205021,0.3846110702
HyperE2VID,zurich_city_04_b,137,6.8502390000,0137.png,0.0583759770,0.3415944337,0.3860097229
HyperE2VID,zurich_city_04_b,138,6.9002290000,0138.png,0.0573631969,0.3440912856,0.3896103203
HyperE2VID,zurich_city_04_b,139,6.9502125000,0139.png,0.0524329454,0.3464020253,0.3819131851
HyperE2VID,zurich_city_04_b,140,7.0002215000,0140.png,0.0459154687,0.3511796420,0.3837122023
HyperE2VID,zurich_city_04_b,141,7.0502090000,0141.png,0.0424826230,0.3623587373,0.3885473013
HyperE2VID,zurich_city_04_b,142,7.1002060000,0142.png,0.0415056420,0.3707119405,0.3776744306
HyperE2VID,zurich_city_04_b,143,7.1502200000,0143.png,0.0414186984,0.3737182339,0.3696558475
HyperE2VID,zurich_city_04_b,144,7.2002170000,0144.png,0.0412607450,0.3772546011,0.3736340404
HyperE2VID,zurich_city_04_b,145,7.2502260000,0145.png,0.0411518874,0.3759436765,0.3659576178
HyperE2VID,zurich_city_04_b,146,7.3002200000,0146.png,0.0415455585,0.3716771009,0.3687681556
HyperE2VID,zurich_city_04_b,147,7.3502170000,0147.png,0.0418435487,0.3685044951,0.3639160097
HyperE2VID,zurich_city_04_b,148,7.4002140000,0148.png,0.0421826961,0.3661919532,0.3620623648
HyperE2VID,zurich_city_04_b,149,7.4502310000,0149.png,0.0425659966,0.3625760699,0.3623557389
HyperE2VID,zurich_city_04_b,150,7.5002250000,0150.png,0.0429589634,0.3572763111,0.3565765321
HyperE2VID,zurich_city_04_b,151,7.5502355000,0151.png,0.0438669463,0.3573920015,0.3585599065
HyperE2VID,zurich_city_04_b,152,7.6002275000,0152.png,0.0451648867,0.3526809312,0.3573568463
HyperE2VID,zurich_city_04_b,153,7.6502445000,0153.png,0.0464392962,0.3474426717,0.3638600707
HyperE2VID,zurich_city_04_b,154,7.7001905000,0154.png,0.0466952873,0.3472652309,0.3579955697
HyperE2VID,zurich_city_04_b,155,7.7502235000,0155.png,0.0473779403,0.3398510739,0.3589114845
HyperE2VID,zurich_city_04_b,156,7.8002630000,0156.png,0.0477135922,0.3359280123,0.3510983586
HyperE2VID,zurich_city_04_b,157,7.8502545000,0157.png,0.0483430476,0.3331286889,0.3520038128
HyperE2VID,zurich_city_04_b,158,7.9002635000,0158.png,0.0480841558,0.3289464581,0.3508718610
HyperE2VID,zurich_city_04_b,159,7.9502710000,0159.png,0.0469191195,0.3288576752,0.3473182321
HyperE2VID,zurich_city_04_b,160,8.0002990000,0160.png,0.0472725041,0.3239416311,0.3550574780
HyperE2VID,zurich_city_04_b,161,8.0503120000,0161.png,0.0460694979,0.3270488691,0.3467394710
HyperE2VID,zurich_city_04_b,162,8.1003150000,0162.png,0.0457814138,0.3269009835,0.3487853408
HyperE2VID,zurich_city_04_b,163,8.1503510000,0163.png,0.0455883972,0.3257943355,0.3540758193
HyperE2VID,zurich_city_04_b,164,8.2003655000,0164.png,0.0464260831,0.3243754193,0.3599358201
HyperE2VID,zurich_city_04_b,165,8.2503865000,0165.png,0.0460264987,0.3258674263,0.3495199084
HyperE2VID,zurich_city_04_b,166,8.3004285000,0166.png,0.0458675960,0.3289367877,0.3524632156
HyperE2VID,zurich_city_04_b,167,8.3504480000,0167.png,0.0463135548,0.3307346719,0.3507359326
HyperE2VID,zurich_city_04_b,168,8.4004640000,0168.png,0.0462898359,0.3308567758,0.3587373197
HyperE2VID,zurich_city_04_b,169,8.4505105000,0169.png,0.0450865148,0.3284871891,0.3619514108
HyperE2VID,zurich_city_04_b,170,8.5005365000,0170.png,0.0435397670,0.3286781992,0.3631767333
HyperE2VID,zurich_city_04_b,171,8.5505585000,0171.png,0.0430764322,0.3274340601,0.3636852801
HyperE2VID,zurich_city_04_b,172,8.6005960000,0172.png,0.0422284982,0.3258440579,0.3613720834
HyperE2VID,zurich_city_04_b,173,8.6506115000,0173.png,0.0422839257,0.3198408376,0.3701214194
HyperE2VID,zurich_city_04_b,174,8.7005735000,0174.png,0.0420884509,0.3150222476,0.3687192798
HyperE2VID,zurich_city_04_b,175,8.7506090000,0175.png,0.0423001120,0.3102647267,0.3715739548
HyperE2VID,zurich_city_04_b,176,8.8006250000,0176.png,0.0434661353,0.3060105896,0.3770975173
HyperE2VID,zurich_city_04_b,177,8.8506485000,0177.png,0.0446729387,0.3049606023,0.3777915537
HyperE2VID,zurich_city_04_b,178,8.9006600000,0178.png,0.0436660130,0.3040541117,0.3807336688
HyperE2VID,zurich_city_04_b,179,8.9506665000,0179.png,0.0437865740,0.3031425483,0.3929243684
HyperE2VID,zurich_city_04_b,180,9.0006955000,0180.png,0.0441261408,0.3019195557,0.3897891641
HyperE2VID,zurich_city_04_b,181,9.0507085000,0181.png,0.0438561529,0.3038953672,0.3896429539
HyperE2VID,zurich_city_04_b,182,9.1007210000,0182.png,0.0438241912,0.3037282923,0.3865474164
HyperE2VID,zurich_city_04_b,183,9.1507540000,0183.png,0.0435210361,0.3041429652,0.3893457353
HyperE2VID,zurich_city_04_b,184,9.2007670000,0184.png,0.0438408013,0.3030051826,0.3932589889
HyperE2VID,zurich_city_04_b,185,9.2507720000,0185.png,0.0449168048,0.3044718072,0.3867926598
HyperE2VID,zurich_city_04_b,186,9.3008065000,0186.png,0.0446608939,0.3073682924,0.3769234717
HyperE2VID,zurich_city_04_b,187,9.3508155000,0187.png,0.0446289577,0.3067786711,0.3781297803
HyperE2VID,zurich_city_04_b,188,9.4008285000,0188.png,0.0445748951,0.3016994377,0.3800246119
HyperE2VID,zurich_city_04_b,189,9.4508345000,0189.png,0.0445355830,0.2950534784,0.3900944293
HyperE2VID,zurich_city_04_b,190,9.5008645000,0190.png,0.0452585991,0.2886804237,0.3863220513
HyperE2VID,zurich_city_04_b,191,9.5508540000,0191.png,0.0447683072,0.2871926836,0.3794800043
HyperE2VID,zurich_city_04_b,192,9.6008790000,0192.png,0.0442839068,0.2863290547,0.3830679655
HyperE2VID,zurich_city_04_b,193,9.6508745000,0193.png,0.0443483792,0.2827354854,0.3883504272
HyperE2VID,zurich_city_04_b,194,9.7008420000,0194.png,0.0455106880,0.2726979694,0.3959217072
HyperE2VID,zurich_city_04_b,195,9.7508830000,0195.png,0.0473705140,0.2658941517,0.4011168480
HyperE2VID,zurich_city_04_b,196,9.8008960000,0196.png,0.0498998977,0.2551514500,0.4026682675
HyperE2VID,zurich_city_04_b,197,9.8509090000,0197.png,0.0508710741,0.2552556900,0.3962926567
HyperE2VID,zurich_city_04_b,198,9.9009150000,0198.png,0.0510413438,0.2516727865,0.3962025642
HyperE2VID,zurich_city_04_b,199,9.9509160000,0199.png,0.0514785608,0.2522645795,0.4005079269
HyperE2VID,zurich_city_04_b,200,10.0009410000,0200.png,0.0506442374,0.2548617778,0.4023098052
HyperE2VID,zurich_city_04_b,201,10.0509445000,0201.png,0.0506389449,0.2595221649,0.4129319787
HyperE2VID,zurich_city_04_b,202,10.1009535000,0202.png,0.0504643651,0.2635118683,0.4166734517
HyperE2VID,zurich_city_04_b,203,10.1509755000,0203.png,0.0510679530,0.2581523638,0.4204165637
HyperE2VID,zurich_city_04_b,204,10.2009795000,0204.png,0.0509930285,0.2546588433,0.4111259878
HyperE2VID,zurich_city_04_b,205,10.2509900000,0205.png,0.0504447545,0.2525350068,0.4075327218
HyperE2VID,zurich_city_04_b,206,10.3010240000,0206.png,0.0495646337,0.2526446797,0.4093726277
HyperE2VID,zurich_city_04_b,207,10.3510330000,0207.png,0.0497140956,0.2504293101,0.4104892910
HyperE2VID,zurich_city_04_b,208,10.4010420000,0208.png,0.0495185970,0.2474928121,0.4116248786
HyperE2VID,zurich_city_04_b,209,10.4510655000,0209.png,0.0495439212,0.2446260783,0.4167982638
HyperE2VID,zurich_city_04_b,210,10.5010690000,0210.png,0.0492744412,0.2408100223,0.4173778892
HyperE2VID,zurich_city_04_b,211,10.5510635000,0211.png,0.0508536306,0.2339050144,0.4166303873
HyperE2VID,zurich_city_04_b,212,10.6010735000,0212.png,0.0529302082,0.2236834809,0.4211266041
HyperE2VID,zurich_city_04_b,213,10.6510785000,0213.png,0.0549567498,0.2237105021,0.4174243510
HyperE2VID,zurich_city_04_b,214,10.7010165000,0214.png,0.0568267665,0.2236328275,0.4163458943
HyperE2VID,zurich_city_04_b,215,10.7510415000,0215.png,0.0583546885,0.2273159069,0.4263370931
HyperE2VID,zurich_city_04_b,216,10.8010465000,0216.png,0.0588727276,0.2312870865,0.4204906821
HyperE2VID,zurich_city_04_b,217,10.8510595000,0217.png,0.0604367157,0.2327935368,0.4309883118
HyperE2VID,zurich_city_04_b,218,10.9010575000,0218.png,0.0619434902,0.2282902916,0.4382834435
HyperE2VID,zurich_city_04_b,219,10.9510505000,0219.png,0.0633039518,0.2304265215,0.4359491467
HyperE2VID,zurich_city_04_b,220,11.0010500000,0220.png,0.0638316035,0.2361776302,0.4358175695
HyperE2VID,zurich_city_04_b,221,11.0510350000,0221.png,0.0646163158,0.2401825778,0.4244035482
HyperE2VID,zurich_city_04_b,222,11.1010240000,0222.png,0.0647004124,0.2443267228,0.4197071195
HyperE2VID,zurich_city_04_b,223,11.1510370000,0223.png,0.0647871725,0.2481770271,0.4116266966
HyperE2VID,zurich_city_04_b,224,11.2010245000,0224.png,0.0655994131,0.2514408974,0.4112725854
HyperE2VID,zurich_city_04_b,225,11.2510200000,0225.png,0.0653403981,0.2588072628,0.4088590741
HyperE2VID,zurich_city_04_b,226,11.3010340000,0226.png,0.0651414478,0.2631836573,0.4074576199
HyperE2VID,zurich_city_04_b,227,11.3510270000,0227.png,0.0642058692,0.2652429994,0.4047098458
HyperE2VID,zurich_city_04_b,228,11.4010240000,0228.png,0.0647431330,0.2690888444,0.3973087072
HyperE2VID,zurich_city_04_b,229,11.4510410000,0229.png,0.0647776633,0.2696937700,0.4032077789
HyperE2VID,zurich_city_04_b,230,11.5010350000,0230.png,0.0642788246,0.2721224819,0.4002906382
HyperE2VID,zurich_city_04_b,231,11.5510440000,0231.png,0.0642728534,0.2701101935,0.4055453837
HyperE2VID,zurich_city_04_b,232,11.6010290000,0232.png,0.0640451131,0.2660504616,0.4125044346
HyperE2VID,zurich_city_04_b,233,11.6510340000,0233.png,0.0644329952,0.2620946161,0.4095441103
HyperE2VID,zurich_city_04_b,234,11.7009800000,0234.png,0.0634450102,0.2608445206,0.4114403129
HyperE2VID,zurich_city_04_b,235,11.7510160000,0235.png,0.0632547482,0.2592380680,0.4185172617
HyperE2VID,zurich_city_04_b,236,11.8010315000,0236.png,0.0628201325,0.2569831892,0.4207941890
HyperE2VID,zurich_city_04_b,237,11.8510420000,0237.png,0.0617390373,0.2575666130,0.4209584892
HyperE2VID,zurich_city_04_b,238,11.9010370000,0238.png,0.0623212206,0.2567690959,0.4141460955
HyperE2VID,zurich_city_04_b,239,11.9510540000,0239.png,0.0629523946,0.2564066315,0.4232117534
HyperE2VID,zurich_city_04_b,240,12.0010470000,0240.png,0.0633639970,0.2572951999,0.4262876511
HyperE2VID,zurich_city_04_b,241,12.0510440000,0241.png,0.0632787085,0.2616848885,0.4271025658
HyperE2VID,zurich_city_04_b,242,12.1010380000,0242.png,0.0625219255,0.2601256519,0.4207754731
HyperE2VID,zurich_city_04_b,243,12.1510550000,0243.png,0.0628729697,0.2683524796,0.4332098961
HyperE2VID,zurich_city_04_b,244,12.2010480000,0244.png,0.0626085672,0.2721706908,0.4328887463
HyperE2VID,zurich_city_04_b,245,12.2510450000,0245.png,0.0637092612,0.2783638548,0.4307636321
HyperE2VID,zurich_city_04_b,246,12.3010630000,0246.png,0.0638127882,0.2821022979,0.4307129681
HyperE2VID,zurich_city_04_b,247,12.3510455000,0247.png,0.0643201455,0.2895463500,0.4322499931
HyperE2VID,zurich_city_04_b,248,12.4010305000,0248.png,0.0626736705,0.2950290882,0.4318318963
HyperE2VID,zurich_city_04_b,249,12.4510300000,0249.png,0.0619076912,0.3005591350,0.4345573187
HyperE2VID,zurich_city_04_b,250,12.5010135000,0250.png,0.0616526440,0.3068257027,0.4270300269
HyperE2VID,zurich_city_04_b,251,12.5509970000,0251.png,0.0619180229,0.3142828204,0.4191831648
HyperE2VID,zurich_city_04_b,252,12.6009995000,0252.png,0.0618092271,0.3186432597,0.4196363688
HyperE2VID,zurich_city_04_b,253,12.6509885000,0253.png,0.0614556450,0.3244535554,0.4234774113
HyperE2VID,zurich_city_04_b,254,12.7009155000,0254.png,0.0602341094,0.3280160301,0.4188745022
HyperE2VID,zurich_city_04_b,255,12.7509325000,0255.png,0.0607066341,0.3317396497,0.4192934632
HyperE2VID,zurich_city_04_b,256,12.8009310000,0256.png,0.0612875209,0.3335925993,0.4203686118
HyperE2VID,zurich_city_04_b,257,12.8509360000,0257.png,0.0627361963,0.3385054396,0.4261451960
HyperE2VID,zurich_city_04_b,258,12.9009325000,0258.png,0.0623416886,0.3424875595,0.4283846021
HyperE2VID,zurich_city_04_b,259,12.9509190000,0259.png,0.0615215223,0.3453484204,0.4246084988
HyperE2VID,zurich_city_04_b,260,13.0009280000,0260.png,0.0602578881,0.3414112430,0.4231023788
HyperE2VID,zurich_city_04_b,261,13.0509090000,0261.png,0.0591325574,0.3418448958,0.4207846522
HyperE2VID,zurich_city_04_b,262,13.1008960000,0262.png,0.0589384500,0.3410068491,0.4148762822
HyperE2VID,zurich_city_04_b,263,13.1508810000,0263.png,0.0578301200,0.3389235188,0.4206011593
HyperE2VID,zurich_city_04_b,264,13.2008900000,0264.png,0.0580165201,0.3325268257,0.4263217449
HyperE2VID,zurich_city_04_b,265,13.2508725000,0265.png,0.0577426023,0.3310340493,0.4250469208
HyperE2VID,zurich_city_04_b,266,13.3008760000,0266.png,0.0560651501,0.3343375327,0.4219511747
HyperE2VID,zurich_city_04_b,267,13.3508555000,0267.png,0.0549494608,0.3364016885,0.4198945165
